test,horizon,cap,policy,reference,delta,lo,hi,se,win,n_cells,n_episodes,n_envs,cluster_lo,cluster_hi,cluster_se,cluster_p,cluster_p_sign,cluster_boot_t_lo,cluster_boot_t_hi,cluster_pct_lo,cluster_pct_hi,cluster_min_env,cluster_max_env,cluster_degenerate,cluster_method
capp,200,32,phi_k4,level_star,0.00010014235973358154,-5.198752395808694e-05,0.00025523173585534093,7.806467643039801e-05,0.4994375,8,16000,8,-1.8023834389040594e-05,0.00021830855385620367,4.997250368341893e-05,0.08512208777950744,0.25,-5.354002169752147e-06,0.000230767209260732,2.7710065245628355e-05,0.00019571475684642794,,,False,env_mean_t
capp,200,32,level_star,p3_star,-9.915084764361381e-05,-0.0002563347790390252,5.30335453338921e-05,7.890332395924539e-05,0.500625,8,16000,8,-0.00021579829731936507,1.749660203213745e-05,4.933022639735631e-05,0.0843730997756769,0.25,-0.00022633170912689308,8.174136569902922e-06,-0.00019472661325707985,0.0,,,False,env_mean_t
capp,200,32,level_star,fixed_K_star,-0.00010014235973358154,-0.00025463131889700885,5.072790533304211e-05,7.80963825820644e-05,0.5005625,8,16000,8,-0.00021830855385620367,1.8023834389040594e-05,4.997250368341893e-05,0.08512208777950744,0.25,-0.000230767209260732,5.354002169752147e-06,-0.00019665664434432981,-2.7710065245628355e-05,,,False,env_mean_t
capp,200,32,phi_k4,p3_star,9.915120899677276e-07,-4.5541018247604365e-06,7.405001390725373e-06,3.0592709194164846e-06,0.50009375,8,16000,8,-1.3530414437174067e-06,3.336065623652862e-06,9.915120899677274e-07,0.3506166628202074,1.0,-3.6315131933267376e-07,9.915120899677276e-07,0.0,2.974536269903183e-06,,,False,env_mean_t
capp,200,32,phi_k16,p3_star,-5.582921206951142e-05,-0.00011507923826575279,-3.890944551676519e-06,2.8537486387329635e-05,0.5005312500000001,8,16000,8,-0.00014322765827269032,3.156923413366749e-05,3.6960817831546935e-05,0.17466565733350245,0.25,-0.0006396368252847383,1.918327872871259e-06,-0.00012810848653316498,-3.324095159769058e-06,,,False,env_mean_t
capp,200,32,phi_k16,always_search,-5.682072415947914e-05,-0.00011639630934223533,-6.255278270691674e-06,2.861045424825976e-05,0.5004375000000001,8,16000,8,-0.00014398536659537486,3.034391827641658e-05,3.6861942178416975e-05,0.1671097467298759,0.25,-0.0005052954049163972,2.3722710851532166e-06,-0.0001334156058728695,-4.315607249736786e-06,,,False,env_mean_t
capp,200,32,phi_k4,cp0,-0.031218186267302373,-0.03282168871585163,-0.02959669674625329,0.0008224433057971646,0.5866250000000001,8,16000,8,-0.05694306537122357,-0.005493307163381183,0.010879055768202158,0.024006842616964962,0.0078125,-0.08008718672370696,-0.01132737030557893,-0.05247903367970139,-0.013200894868862818,,,False,env_mean_t
capp,200,32,p3_star,always_search,-9.915120899677276e-07,-7.459330186247825e-06,4.6225018799304944e-06,3.0768063428296216e-06,0.49990625,8,16000,8,-3.336065623652862e-06,1.3530414437174067e-06,9.915120899677274e-07,0.3506166628202074,1.0,-9.915120899677276e-07,3.6315131933267376e-07,-2.974536269903183e-06,0.0,,,False,env_mean_t
capp,200,48,phi_k4,level_star,0.0005565981902182103,0.00018239944465458396,0.0009245205682702361,0.00019393497573719803,0.4988125,8,16000,8,-0.0002271581777889731,0.0013403545582253936,0.0003314507019367893,0.13699044023823984,0.25,-4.101917905823113e-05,0.0027144824826655614,6.4134895801544094e-06,0.0012144636400043965,,,False,env_mean_t
capp,200,48,level_star,p3_star,-0.0005782643370330334,-0.0009559209811501203,-0.00020199454287067077,0.00019380725999719272,0.50184375,8,16000,8,-0.0013412772974149545,0.00018474862334888769,0.0003226783113080077,0.11622410136325421,0.1875,-0.0020826534600784596,1.8988177860020062e-05,-0.0012320711240172385,-3.4832790493965155e-05,,,False,env_mean_t
capp,200,48,level_star,fixed_K_star,-0.0005433647073805332,-0.0009195770210586488,-0.00016572965607047097,0.00019268217906879848,0.50140625,8,16000,8,-0.0013046987572732814,0.0002179693425122148,0.00032196829977529075,0.13533882990094764,0.25,-0.002475939213667804,4.232596714941737e-05,-0.0011926252655684948,-9.900592267513275e-06,,,False,env_mean_t
capp,200,48,phi_k4,p3_star,-2.166614681482315e-05,-7.072959644719957e-05,3.14624475315213e-05,2.5864052142590364e-05,0.5006875,8,16000,8,-0.0001000128702625885,5.668057663294221e-05,3.3132842731775206e-05,0.5340496887223454,0.75,-0.0001590644201152294,3.308994386595768e-05,-9.03441458940506e-05,3.0019506812095643e-05,,,False,env_mean_t
capp,200,48,phi_k16,p3_star,-0.0002414366640150547,-0.0005675253316760064,8.140505673363803e-05,0.0001658686103485842,0.5006875000000001,8,16000,8,-0.0005591849180989445,7.631159006883515e-05,0.00013437579094008624,0.11543598083415571,0.0625,-0.0010822356430461805,-2.9978950171484438e-05,-0.0005091949209570883,-3.7988066673278805e-05,,,False,env_mean_t
capp,200,48,phi_k16,always_search,-0.00020653703436255454,-0.0005287875172682105,0.00011719621289521449,0.00016537053725356393,0.4996875,8,16000,8,-0.0005283742439087645,0.00011530017518365538,0.0001361050109037087,0.17293337132043768,0.125,-0.0036212722249813695,1.3004904397225268e-05,-0.00047675005719065663,-1.0278455913066863e-05,,,False,env_mean_t
capp,200,48,phi_k4,cp0,-0.038185879094759005,-0.040016984197162674,-0.036330385341224604,0.0009389065416515229,0.5994062499999999,8,16000,8,-0.07312766622579461,-0.0032440919637233903,0.01477688774759847,0.03625176336458052,0.0078125,-0.10996414831606152,-0.010927727459293365,-0.06774481004937842,-0.013731286303373053,,,False,env_mean_t
capp,200,48,p3_star,always_search,3.489962965250015e-05,1.5979596413672051e-06,6.85903312638402e-05,1.704886012198515e-05,0.49912500000000004,8,16000,8,-2.386849705046531e-05,9.366775635546561e-05,2.485305082335171e-05,0.2030282589136632,0.25,-1.0846128690659607e-06,0.0005170292686226896,1.710832118988037e-06,8.47640261054039e-05,,,False,env_mean_t
capp,200,64,phi_k4,level_star,0.000678894367069006,0.0002645071197301151,0.0010978397503495216,0.00021474580308260583,0.49578125,8,16000,8,-0.00029662747961383524,0.0016544162137518473,0.0004125483556322916,0.14383981300436152,0.25,-0.0001278177760860109,0.006791778547728286,3.395716100931168e-05,0.0015969340316951276,,,False,env_mean_t
capp,200,64,level_star,p3_star,-0.0012420324888080358,-0.0016979248306248336,-0.0007835006528533996,0.00023389026698688754,0.5075937500000001,8,16000,8,-0.002991591635081426,0.0005075266574653544,0.0007398888618751614,0.13711068135577706,0.25,-0.008416051093180757,0.00015089072547913975,-0.0028245968782342973,-5.7037999853491766e-05,,,False,env_mean_t
capp,200,64,level_star,fixed_K_star,-0.001237954815849662,-0.0017001972190104425,-0.0007729766479693354,0.00023519483006623605,0.50753125,8,16000,8,-0.0029881247499185426,0.0005122151182192186,0.0007401471641382288,0.13832850003803687,0.25,-0.008675048970399626,0.0001614190852831797,-0.002840003797458485,-5.072499997913838e-05,,,False,env_mean_t
capp,200,64,phi_k4,p3_star,-0.0005631381217390299,-0.000840982556482777,-0.00028994650375097997,0.00014098408101591425,0.5028125,8,16000,8,-0.001341221489126112,0.00021494524564805216,0.0003290515890053035,0.13074364265400557,0.25,-0.0027616913515018993,2.8799534382977355e-05,-0.0012422496136277913,-3.273057471961997e-06,,,False,env_mean_t
capp,200,64,phi_k16,p3_star,-0.00038740179874002936,-0.0011769316170830277,0.00040440890393219844,0.0004009865399451563,0.50228125,8,16000,8,-0.003374970865548318,0.0026001672680682594,0.0012634434687861702,0.7680494055563504,0.78125,-0.003305825737094396,0.002387594786353774,-0.0027285768470261236,0.001900869166478515,,,False,env_mean_t
capp,200,64,phi_k16,always_search,-0.0003833241257816553,-0.0011733281962573528,0.00041368983304128045,0.00040510576947715214,0.50228125,8,16000,8,-0.00337016932056444,0.002603521069001129,0.0012631373431829093,0.7703529037998988,0.78125,-0.003295677074705693,0.0023462825381100477,-0.0026924708243459463,0.0018917903192341326,,,False,env_mean_t
capp,200,64,phi_k4,cp0,-0.04034550218742515,-0.04225908164011889,-0.038395934884402225,0.000991371946090266,0.6003437500000001,8,16000,8,-0.07972929366756056,-0.0009617107072897452,0.01665541214575928,0.045932358780432926,0.0078125,-0.14180399954000156,-0.009452757716050881,-0.07443473362736112,-0.013012631506958883,,,False,env_mean_t
capp,200,64,p3_star,always_search,4.077672958374024e-06,3.277882933616638e-07,9.682305902242649e-06,2.4258142597787798e-06,0.4998125,8,16000,8,-5.564491409061283e-06,1.371983732580933e-05,4.077672958374023e-06,0.3506166628202074,1.0,-1.4934889141784347e-06,4.077672958374024e-06,0.0,1.2233018875122071e-05,,,False,env_mean_t
capp,200,96,phi_k4,level_star,0.003611210868388298,0.002157166542985943,0.0050618077649596666,0.0007455795944052569,0.493,8,16000,8,-0.007717661708405261,0.014940083445181856,0.004790982148289547,0.47558256803959253,0.4609375,-0.00621206893150632,0.02081922918100454,-0.00479078696295619,0.01268082385972884,,,False,env_mean_t
capp,200,96,level_star,p3_star,-0.003034371216708678,-0.003999268930750623,-0.002074479506766147,0.0004877066331388722,0.51109375,8,16000,8,-0.00676545931049983,0.0006967168770824739,0.0015778777923291336,0.09589536430327301,0.1015625,-0.006290808945227858,0.0022251427424761997,-0.005777941432941589,-0.00010352983248594687,,,False,env_mean_t
capp,200,96,level_star,fixed_K_star,-0.0016850161015754565,-0.00258025384551729,-0.0008025577424996298,0.0004561882279447312,0.5062187499999999,8,16000,8,-0.005154112198162317,0.001784079995011404,0.0014670813319495124,0.2884710147418779,0.28125,-0.004506666302692149,0.003353179068029886,-0.004157236853963695,0.0011883736242307348,,,False,env_mean_t
capp,200,96,phi_k4,p3_star,0.0005768396516796198,-0.0009663728568062642,0.0020835613736155207,0.0007862554680059604,0.50390625,8,16000,8,-0.007960624597433852,0.00911430390079309,0.0036104950895951998,0.8775766462049163,0.90625,-0.006432920660603025,0.016431397559367428,-0.00549004469764186,0.007532562206499277,,,False,env_mean_t
capp,200,96,phi_k16,p3_star,0.0020664024946745485,0.00047534788284683615,0.0036379672200244346,0.0008051853021125326,0.498375,8,16000,8,-0.005793581975293151,0.009926386964642247,0.0033239887752454975,0.5538618157145667,0.53125,-0.0041002698340252015,0.014974937526535446,-0.0034777905059279863,0.008241013814229517,,,False,env_mean_t
capp,200,96,phi_k16,always_search,-0.005248245315626263,-0.006091339535312727,-0.00442861535702832,0.00042073342011904265,0.5289999999999999,8,16000,8,-0.010377115027838777,-0.00011937560341374921,0.0021689998775736847,0.04611509099409426,0.0625,-0.011514456901220708,-0.000782563447656778,-0.009433200858533382,-0.0015564132668077944,,,False,env_mean_t
capp,200,96,phi_k4,cp0,-0.03786024697183166,-0.03986215153705271,-0.03592792833424465,0.0010111664087966957,0.59775,8,16000,8,-0.0781771360907153,0.0024566421470519906,0.01705001929660776,0.06182798146438294,0.0078125,-0.3105785222327355,-0.0070026717144785165,-0.07179743220796808,-0.010948047177866101,,,False,env_mean_t
capp,200,96,p3_star,always_search,-0.007314647810300811,-0.008994317834565299,-0.0056804011588363216,0.0008460541891619968,0.529375,8,16000,8,-0.0148495556710571,0.00022026005045547737,0.0031865138216699168,0.05535684137503629,0.0625,-0.013668301770965254,0.004394592930967441,-0.012734987416589858,-0.0009752051818650216,,,False,env_mean_t
capp,200,128,phi_k4,level_star,-0.0016254865959781457,-0.0032395826402247616,-6.59982885135838e-05,0.0008173535949509008,0.5045000000000001,8,16000,8,-0.01096006174293417,0.007709088550977877,0.003947593424481018,0.6928267043244507,0.65625,-0.011411433216816888,0.00758567841802384,-0.008748200529444148,0.005799475821666419,,,False,env_mean_t
capp,200,128,level_star,p3_star,-0.0017170430328696967,-0.0026600181305664592,-0.0007920330997731071,0.0004744249902567237,0.5075624999999999,8,16000,8,-0.005403131858042468,0.0019690457923030747,0.0015588475939421935,0.3071135684027394,0.265625,-0.00505009016231386,0.0020965369612649526,-0.004446625768579541,0.0011511193086800632,,,False,env_mean_t
capp,200,128,level_star,fixed_K_star,-0.0016850161015754565,-0.0025587623819301373,-0.0007907470962964004,0.00045515080194378425,0.5062187499999999,8,16000,8,-0.005154112198162317,0.001784079995011404,0.0014670813319495124,0.2884710147418779,0.28125,-0.004413117275969824,0.0032173161445059988,-0.004160858145332895,0.0011883736242307348,,,False,env_mean_t
capp,200,128,phi_k4,p3_star,-0.003342529628847842,-0.005022069532975366,-0.0017072968913398657,0.0008472254643393419,0.5120625000000001,8,16000,8,-0.011907344098857754,0.0052222848411620695,0.0036220615026851515,0.3868009555061351,0.375,-0.010361311777883617,0.009911877228174035,-0.009612524518743157,0.0034854767995224378,,,False,env_mean_t
capp,200,128,phi_k16,p3_star,-0.0005151209677133012,-0.0021647502072835775,0.0011548668375704432,0.0008530505544147393,0.50196875,8,16000,8,-0.008334558289090039,0.007304316353663437,0.0033068413791788077,0.8806079508219737,0.890625,-0.00821340815835242,0.007673038794714013,-0.006551810896911774,0.005486171272670617,,,False,env_mean_t
capp,200,128,phi_k16,always_search,-0.01224775101710111,-0.013292532103252597,-0.01117847008719109,0.0005388128029022305,0.5559687499999999,8,16000,8,-0.02203713821925689,-0.002458363814945328,0.004139933520330667,0.021151799204311535,0.0390625,-0.022709189031603065,-0.0020924403298165587,-0.020010892907809465,-0.004684205042710527,,,False,env_mean_t
capp,200,128,phi_k4,cp0,-0.043096944436198104,-0.04513315318402601,-0.041084115295691295,0.0010342233948166372,0.606125,8,16000,8,-0.0875670113948299,0.001373122522433698,0.0188063989146171,0.05567520012617935,0.0078125,-0.22993188661500144,-0.010992590894683157,-0.0813552921098948,-0.013062316249462315,,,False,env_mean_t
capp,200,128,p3_star,always_search,-0.011732630049387807,-0.013540689299230508,-0.009860075372931897,0.0009405116294172027,0.5519375,8,16000,8,-0.02258783023290766,-0.000877429865867951,0.004590666012246097,0.03778476498346134,0.0546875,-0.01954987815151059,0.003260864681144879,-0.01900050061759248,-0.0023108522724796785,,,False,env_mean_t
capp,200,160,phi_k4,level_star,-0.00014334907638840393,-0.001287283707555616,0.0009978132429008836,0.000582213206150455,0.502875,8,16000,8,-0.0029556356031636834,0.0026689374503868755,0.0011893164526587915,0.9074494802419862,0.859375,-0.002337502731012702,0.0026209452214332905,-0.002276471322274301,0.00218800833710702,,,False,env_mean_t
capp,200,160,level_star,p3_star,-0.005477494165766985,-0.00718781538994517,-0.0037508112117298894,0.0008751633087583847,0.5135000000000001,8,16000,8,-0.014040014897811695,0.0030850265662777255,0.003621091480507778,0.17412669834370606,0.1796875,-0.026658289241168996,0.0005361359859882954,-0.012791889609885402,0.00021840640902519228,,,False,env_mean_t
capp,200,160,level_star,fixed_K_star,-0.004128139050633763,-0.005785276691415856,-0.002445445793460749,0.0008588948159984498,0.50940625,8,16000,8,-0.01197729188439296,0.003721013783125434,0.003319408074442312,0.253664433484204,0.2734375,-0.01631755556495256,0.0019939215600035956,-0.010755578833821347,0.0013438515637335421,,,False,env_mean_t
capp,200,160,phi_k4,p3_star,-0.005620843242155388,-0.007364097983200917,-0.003912506240364747,0.0008788247993109249,0.516375,8,16000,8,-0.012120161729747388,0.000878475245436613,0.0027485628988259485,0.08011809092056603,0.0546875,-0.018266731082577443,-0.0007457208003751733,-0.010935220840387045,-0.0010743110682757114,,,False,env_mean_t
capp,200,160,phi_k16,p3_star,-0.0003092966610565782,-0.0019490444218245096,0.001347708199746557,0.0008478869025061054,0.5006875,8,16000,8,-0.004998938251029525,0.004380344928916369,0.0019832502296354515,0.8804711771827969,0.890625,-0.006200991490372988,0.0039897940084772845,-0.004227437809418188,0.003150491160340607,,,False,env_mean_t
capp,200,160,phi_k16,always_search,-0.02513808627403341,-0.026877433798645507,-0.023402609320735793,0.0008881613197338945,0.59296875,8,16000,8,-0.0450481036110102,-0.005228068937056622,0.008419949733479062,0.02035452614966187,0.046875,-0.04436214352071027,-0.0015147079959836156,-0.04027104771512094,-0.00960062520780777,,,False,env_mean_t
capp,200,160,phi_k4,cp0,-0.044057929865666666,-0.04610662250049354,-0.04203683315836533,0.0010495683096770523,0.6083125,8,16000,8,-0.08797408965078396,-0.00014177008054937906,0.018572151476301514,0.04944178088911817,0.0078125,-0.20479040785400737,-0.012125060406603057,-0.08092057568538291,-0.014374170397524724,,,False,env_mean_t
capp,200,160,p3_star,always_search,-0.024828789612976833,-0.026955648959908284,-0.02275332370265969,0.0010624749177821132,0.59103125,8,16000,8,-0.04445481791203064,-0.00520276131392303,0.008299850720821261,0.02018417709078461,0.0390625,-0.0439523750601123,-0.0033190964521759535,-0.039643465200235345,-0.009708842484498747,,,False,env_mean_t
capp,200,200,phi_k4,level_star,0.00028545308891625616,-0.0013972122528492024,0.001961172625033211,0.0008612079467217233,0.5015625,8,16000,8,-0.010916114881524254,0.011487021059356766,0.004737145008512562,0.9536340774205802,0.96875,-0.009234044362390599,0.014804683433874625,-0.007854519513458945,0.009153045126004145,,,False,env_mean_t
capp,200,200,level_star,p3_star,-0.0032060793181153714,-0.004377471509829045,-0.0020171928677405965,0.0006071632653243664,0.515875,8,16000,8,-0.008473020280430446,0.002060861644199703,0.0022273902328318433,0.1932178938299951,0.15625,-0.007248692060332572,0.0030892173808531606,-0.006849419330246747,0.0013062420265585327,,,False,env_mean_t
capp,200,200,level_star,fixed_K_star,-0.0016850161015754565,-0.002593504404759733,-0.0007781380363798234,0.00046210204101454884,0.5062187499999999,8,16000,8,-0.005154112198162317,0.001784079995011404,0.0014670813319495124,0.2884710147418779,0.28125,-0.004546392280860987,0.0032173161445059988,-0.004147894024406559,0.0011735619136597959,,,False,env_mean_t
capp,200,200,phi_k4,p3_star,-0.0029206262291991145,-0.004634421463191394,-0.0012411850901233269,0.0008630285164619276,0.5165625,8,16000,8,-0.014255232809645978,0.008413980351247751,0.004793407059414198,0.5615715909399527,0.5625,-0.01213937630536564,0.016626205867929626,-0.011243533504568038,0.006241989143483807,,,False,env_mean_t
capp,200,200,phi_k16,p3_star,0.000634960509836674,-0.0008247303100797574,0.0021464362112514203,0.0007530474889812935,0.5004062499999999,8,16000,8,-0.00723307363119119,0.008502994650864537,0.003327392982512146,0.854076809356347,0.921875,-0.004669100857734982,0.023016443649503296,-0.004359842835075685,0.0073923491532914345,,,False,env_mean_t
capp,200,200,phi_k16,always_search,-0.1945301084128987,-0.19753686972712772,-0.19163308226830153,0.0015044373191236136,0.8530625000000001,8,16000,8,-0.2571141109785702,-0.1319461058472272,0.02646678537764112,0.00015593517023566265,0.0078125,-0.327162413983734,-0.14805798919618984,-0.24518394358031215,-0.1511428055558281,,,False,env_mean_t
capp,200,200,phi_k4,cp0,-0.0411860047513037,-0.04326867373682035,-0.039185144844111355,0.0010501792840742735,0.6023125,8,16000,8,-0.08571097190672226,0.0033389624041148674,0.018829616217218043,0.06493716625436333,0.0078125,-0.31329680142382277,-0.007948854790521695,-0.07962181940306615,-0.01179414703590883,,,False,env_mean_t
capp,200,200,p3_star,always_search,-0.19516506892273536,-0.19811221511377006,-0.192343437563894,0.0014905650692494516,0.8489375,8,16000,8,-0.2623860327408368,-0.1279441051046339,0.0284277570835291,0.00023867015631521508,0.0078125,-0.3752198783503823,-0.14463424247195744,-0.25192425206173347,-0.14886426823495275,,,False,env_mean_t
capp,1000,32,phi_k4,level_star,0.0,0.0,0.0,0.0,0.5,8,16000,8,0.0,0.0,0.0,1.0,1.0,0.0,0.0,0.0,0.0,,,False,env_mean_t
capp,1000,32,level_star,p3_star,-1.7644949257373808e-06,-9.683074709028005e-06,5.522327963262795e-06,3.8035328010985196e-06,0.50009375,8,16000,8,-4.406470439531265e-06,8.774805880565032e-07,1.1172918961709369e-06,0.1582861977082104,0.25,-1.0584274129481058e-05,6.036959731776105e-08,-3.9875321090221404e-06,-1.983940601348877e-07,,,False,env_mean_t
capp,1000,32,level_star,fixed_K_star,0.0,0.0,0.0,0.0,0.5,8,16000,8,0.0,0.0,0.0,1.0,1.0,0.0,0.0,0.0,0.0,,,False,env_mean_t
capp,1000,32,phi_k4,p3_star,-1.7644949257373808e-06,-9.543194621801375e-06,5.597607232630248e-06,3.796095440544793e-06,0.50009375,8,16000,8,-4.406470439531265e-06,8.774805880565032e-07,1.1172918961709369e-06,0.1582861977082104,0.25,-1.0584274129481058e-05,6.036959731776105e-08,-3.9875321090221404e-06,-1.983940601348877e-07,,,False,env_mean_t
capp,1000,32,phi_k16,p3_star,-1.7644949257373808e-06,-9.474587999284267e-06,5.4539731703698625e-06,3.802495222243007e-06,0.50009375,8,16000,8,-4.406470439531265e-06,8.774805880565032e-07,1.1172918961709369e-06,0.1582861977082104,0.25,-1.0584274129481058e-05,6.036959731776105e-08,-3.9875321090221404e-06,-1.983940601348877e-07,,,False,env_mean_t
capp,1000,32,phi_k16,always_search,0.0,0.0,0.0,0.0,0.5,8,16000,8,0.0,0.0,0.0,1.0,1.0,0.0,0.0,0.0,0.0,,,False,env_mean_t
capp,1000,32,phi_k4,cp0,-0.002482341877184808,-0.0028111072961241003,-0.002163671463890933,0.000166580458092273,0.5192187500000001,8,16000,8,-0.003922718467736234,-0.0010419652866333823,0.0006091355062358024,0.0047182319241844805,0.0078125,-0.004212238422506127,-0.0011991593905791304,-0.003635831680428236,-0.0014223841318627823,,,False,env_mean_t
capp,1000,32,p3_star,always_search,1.7644949257373808e-06,-5.477122869342564e-06,9.831137116998433e-06,3.846403690739617e-06,0.49990625,8,16000,8,-8.774805880565032e-07,4.406470439531265e-06,1.1172918961709369e-06,0.1582861977082104,0.25,-1.8415865232281803e-08,1.0584274129481058e-05,0.0,3.9875321090221404e-06,,,False,env_mean_t
capp,1000,48,phi_k4,level_star,-6.07512891292572e-07,-1.816831342875957e-06,2.357434481382368e-07,5.317476218144818e-07,0.5000625,8,16000,8,-2.0440526071982385e-06,8.290268246130945e-07,6.07512891292572e-07,0.3506166628202074,1.0,-6.07512891292572e-07,2.2250773360886166e-07,-1.8225386738777162e-06,0.0,,,False,env_mean_t
capp,1000,48,level_star,p3_star,-5.897995084524155e-06,-1.8396031111478805e-05,4.878691304475065e-06,5.885890487717495e-06,0.50075,8,16000,8,-1.6894462367799085e-05,5.098472198750777e-06,4.650407892868322e-06,0.2452494377544734,0.25,-0.00011228836688932734,7.306676568240826e-07,-1.5355151146650315e-05,-2.4700909852981566e-07,,,False,env_mean_t
capp,1000,48,level_star,fixed_K_star,0.0,0.0,0.0,0.0,0.5,8,16000,8,0.0,0.0,0.0,1.0,1.0,0.0,0.0,0.0,0.0,,,False,env_mean_t
capp,1000,48,phi_k4,p3_star,-6.5055079758167266e-06,-1.8683446943759916e-05,4.2306167073547835e-06,5.8814150797847865e-06,0.5008125,8,16000,8,-1.891420533328792e-05,5.903189381654468e-06,5.24764023252863e-06,0.2550311813433437,0.25,-0.00013946559203410403,9.442323037527025e-07,-1.717768982052803e-05,-2.4700909852981566e-07,,,False,env_mean_t
capp,1000,48,phi_k16,p3_star,-5.897995084524155e-06,-1.8072555307298892e-05,5.004584696143864e-06,5.872900223574382e-06,0.50075,8,16000,8,-1.6894462367799085e-05,5.098472198750777e-06,4.650407892868322e-06,0.2452494377544734,0.25,-0.00011228836688932734,7.306676568240826e-07,-1.5355151146650315e-05,-2.4700909852981566e-07,,,False,env_mean_t
capp,1000,48,phi_k16,always_search,0.0,0.0,0.0,0.0,0.5,8,16000,8,0.0,0.0,0.0,1.0,1.0,0.0,0.0,0.0,0.0,,,False,env_mean_t
capp,1000,48,phi_k4,cp0,-0.020025409895926716,-0.020926391524716745,-0.019139704373886342,0.0004557947629084705,0.59209375,8,16000,8,-0.03407393605158944,-0.005976883740263995,0.005941124111452293,0.011909846413903013,0.0078125,-0.03628805287083399,-0.0076070771282317606,-0.03117109894880559,-0.00973680337611586,,,False,env_mean_t
capp,1000,48,p3_star,always_search,5.897995084524155e-06,-5.093161668628453e-06,1.8609807547181846e-05,5.958876074023892e-06,0.49924999999999997,8,16000,8,-5.098472198750777e-06,1.6894462367799085e-05,4.650407892868322e-06,0.2452494377544734,0.25,-7.306676568240826e-07,0.00011228836688932734,2.4700909852981566e-07,1.5355151146650315e-05,,,False,env_mean_t
capp,1000,64,phi_k4,level_star,-6.568096578121186e-07,-2.0342214964330193e-06,4.3485471978783606e-07,6.368818516234926e-07,0.5000625,8,16000,8,-2.209917703355012e-06,8.962983877307748e-07,6.568096578121186e-07,0.3506166628202074,1.0,-6.568096578121186e-07,2.405631723488879e-07,-1.9704289734363556e-06,0.0,,,False,env_mean_t
capp,1000,64,level_star,p3_star,-7.125549018383025e-07,-4.585252329707146e-06,2.1834051236510267e-06,1.7213293750409997e-06,0.49990625,8,16000,8,-4.502283796525195e-06,3.0771739928485907e-06,1.6026769970468564e-06,0.6700281487064088,1.0,-5.182860121287684e-06,2.0027045732932566e-06,-4.111357033252716e-06,1.973692327737808e-06,,,False,env_mean_t
capp,1000,64,level_star,fixed_K_star,0.0,0.0,0.0,0.0,0.5,8,16000,8,0.0,0.0,0.0,1.0,1.0,0.0,0.0,0.0,0.0,,,False,env_mean_t
capp,1000,64,phi_k4,p3_star,-1.3693645596504212e-06,-5.1583918742835515e-06,1.61347584798932e-06,1.74836166555413e-06,0.49996874999999996,8,16000,8,-4.610337866260262e-06,1.87160874695942e-06,1.3706081650929353e-06,0.3510263756737744,1.0,-0.0017281385103064275,5.039858749208078e-07,-4.111357033252716e-06,3.2633543014526363e-09,,,False,env_mean_t
capp,1000,64,phi_k16,p3_star,-7.415935397148132e-07,-4.54779667779803e-06,2.2664885036647313e-06,1.759163674173343e-06,0.49987499999999996,8,16000,8,-4.495197214673695e-06,3.0120101352440693e-06,1.587399635451805e-06,0.6545677998021775,1.0,-5.273594224411988e-06,1.924805532860721e-06,-4.111357033252716e-06,1.8865764141082763e-06,,,False,env_mean_t
capp,1000,64,phi_k16,always_search,-2.903863787651062e-08,-1.8285726197063923e-06,1.5931068919599053e-06,8.721125210781503e-07,0.49996875,8,16000,8,-9.770410523252841e-08,3.962682947950716e-08,2.9038637876510617e-08,0.3506166628202074,1.0,-2.903863787651062e-08,1.0635694474307228e-08,-8.711591362953185e-08,0.0,,,False,env_mean_t
capp,1000,64,phi_k4,cp0,-0.03089870990021154,-0.03198375260353788,-0.02980030446499586,0.000560211901798784,0.63096875,8,16000,8,-0.05353917040227828,-0.008258249398144808,0.009574654614498001,0.01450920296522076,0.0078125,-0.06011744338477949,-0.01067677962372195,-0.049061864489223804,-0.014216670483350754,,,False,env_mean_t
capp,1000,64,p3_star,always_search,7.125549018383025e-07,-2.1378961391746992e-06,4.493734892457723e-06,1.7032330311354068e-06,0.50009375,8,16000,8,-3.0771739928485907e-06,4.502283796525195e-06,1.6026769970468564e-06,0.6700281487064088,1.0,-2.0027045732932566e-06,5.182860121287684e-06,-1.973692327737808e-06,4.111357033252716e-06,,,False,env_mean_t
capp,1000,96,phi_k4,level_star,0.0006503579542040825,0.0004976784511469305,0.0008060971450060605,7.890698728535709e-05,0.48671875,8,16000,8,-0.0007448529371922307,0.0020455688456003955,0.0005900349243464432,0.3068073386911854,0.5,-0.00020122268654213134,0.012674673448831298,-6.711990386247635e-05,0.0018628027252852917,,,False,env_mean_t
capp,1000,96,level_star,p3_star,4.9550104886293415e-05,-7.138719893991946e-05,0.00017348367581143976,6.330033941405568e-05,0.4988125,8,16000,8,-0.00025837424104875964,0.0003574744508213465,0.0001302212585055062,0.7148525805904697,0.90625,-0.00015555277621323712,0.0007145883043152633,-0.0001379888205789028,0.0003221122995018959,,,False,env_mean_t
capp,1000,96,level_star,fixed_K_star,5.954480543732644e-05,-6.157177453860637e-05,0.00017856248607859014,6.124040291877124e-05,0.49809375,8,16000,8,-0.00024927763862578616,0.00036836724950043906,0.0001306010643573047,0.6622485466863929,1.0,-0.00014954485246102987,0.0009271169358951576,-0.00013485101982951164,0.00033458969742059707,,,False,env_mean_t
capp,1000,96,phi_k4,p3_star,0.0006999080590903759,0.0005536012846045196,0.0008471668372862039,7.551744021636019e-05,0.4869375,8,16000,8,-0.0009851767410880606,0.002384992859268812,0.0007126226498960173,0.35874157604297274,0.625,-0.0003469638180946395,0.08556613304441259,-0.0001611764058470726,0.0021830985404551026,,,False,env_mean_t
capp,1000,96,phi_k16,p3_star,-9.888786822557448e-06,-3.5999592207372176e-05,1.6416845005005587e-05,1.3475229125185807e-05,0.50065625,8,16000,8,-2.9068021047424688e-05,9.29044740230979e-06,8.110901430511983e-06,0.2622538212109109,0.3125,-4.480080862249617e-05,3.5276775669603264e-06,-2.5639235973358153e-05,2.9931329190731047e-06,,,False,env_mean_t
capp,1000,96,phi_k16,always_search,1.0591372847557068e-07,-1.4668747782707213e-06,1.629466563463211e-06,7.833237647814295e-07,0.5,8,16000,8,-1.445324424543769e-07,3.5635989940551824e-07,1.0591372847557066e-07,0.3506166628202074,1.0,-3.879197300821412e-08,1.0591372847557068e-07,0.0,3.1774118542671206e-07,,,False,env_mean_t
capp,1000,96,phi_k4,cp0,-0.04139343898976222,-0.042670582416595416,-0.0401484710741439,0.000647714946055671,0.64815625,8,16000,8,-0.07492280493254118,-0.007864073046983264,0.014179574585769369,0.02236453058606737,0.0078125,-0.0874775988584088,-0.012030825804437827,-0.06850341771998208,-0.016877510356635324,,,False,env_mean_t
capp,1000,96,p3_star,always_search,9.99470055103302e-06,-1.6778196673840284e-05,3.666815767064689e-05,1.3584539315554584e-05,0.49934375,8,16000,8,-9.398441824010595e-06,2.9387842926076634e-05,8.201363223768264e-06,0.26244410265941315,0.3125,-4.25421313202237e-06,4.574663747942143e-05,-3.1237495131790613e-06,2.670256821438669e-05,,,False,env_mean_t
capp,1000,128,phi_k4,level_star,0.0009570154417306185,0.0006082864989060909,0.0013045258472207933,0.0001767186820859198,0.484375,8,16000,8,-0.0005702141687001345,0.0024842450521613715,0.0006458656631818051,0.1819603619667484,0.1875,-0.00014342802966949182,0.00341035931980808,-0.00011235898258164376,0.002213348871096969,,,False,env_mean_t
capp,1000,128,level_star,p3_star,-9.479628689587115e-05,-0.0004491183029487729,0.0002482030088081954,0.00017634645611947273,0.49903125,8,16000,8,-0.0011880696086282035,0.0009984770348364614,0.00046234547454882777,0.8433806019603353,0.75,-0.00133867146643753,0.001007785852868543,-0.0009697816651314497,0.0007481797114014626,,,False,env_mean_t
capp,1000,128,level_star,fixed_K_star,-9.091184847056865e-05,-0.00043751603458076706,0.00024974500359967346,0.0001763566801434681,0.4985,8,16000,8,-0.0011841306689886835,0.001002306972047546,0.0004623224259760235,0.8496953060641392,0.8125,-0.0013501014617948962,0.0010066612048124175,-0.0009554760847240686,0.0007649604678153991,,,False,env_mean_t
capp,1000,128,phi_k4,p3_star,0.0008622191548347472,0.0006898858952336013,0.001031184125691652,8.80226593164065e-05,0.4838125,8,16000,8,-0.0010901190981241196,0.002814557407793614,0.0008256441807377193,0.3310635371608864,0.4375,-0.0003227900926101666,0.016034319222203733,-0.00010332313552498818,0.002560373343527317,,,False,env_mean_t
capp,1000,128,phi_k16,p3_star,-4.845749586820602e-06,-9.486968349665404e-06,-8.970207534730448e-07,2.223326428474143e-06,0.5006875,8,16000,8,-1.3502730227412816e-05,3.8112310537716105e-06,3.6610385919712064e-06,0.22722456485328185,0.5,-0.00015404551958421884,6.91615340693723e-07,-1.2084409594535828e-05,2.4379044771194455e-07,,,False,env_mean_t
capp,1000,128,phi_k16,always_search,-9.61311161518097e-07,-3.0655773356556886e-06,9.645321406424043e-07,1.0358660801077573e-06,0.5000625,8,16000,8,-3.234450847370617e-06,1.3118285243344228e-06,9.61311161518097e-07,0.3506166628202074,1.0,-9.61311161518097e-07,3.5208992419435326e-07,-2.883933484554291e-06,0.0,,,False,env_mean_t
capp,1000,128,phi_k4,cp0,-0.04641838363884017,-0.04775849593103631,-0.045088290869805495,0.0006829343115093745,0.65746875,8,16000,8,-0.08640417680879883,-0.006432590468881512,0.016909998763238888,0.028709223066527786,0.015625,-0.09937808726341166,-0.011514335315622369,-0.07925196302187397,-0.018418763149308508,,,False,env_mean_t
capp,1000,128,p3_star,always_search,3.8844384253025055e-06,-3.358367830514764e-08,8.41755187138915e-06,2.1646645712776884e-06,0.499375,8,16000,8,-2.7362924375142082e-06,1.050516928811922e-05,2.7999082130520588e-06,0.20789984438732945,0.5,-7.534387641474005e-07,9.590909807693701e-05,-2.4379044771194455e-07,9.300034493207931e-06,,,False,env_mean_t
capp,1000,192,phi_k4,level_star,0.0005586968921124935,0.0003473101743496955,0.0007764920354820787,0.00010898635844966188,0.493,8,16000,8,-0.0002565565349620356,0.0013739503191870226,0.00034477081359771377,0.14915888177658942,0.25,-6.860272460193593e-05,0.006639615795420571,2.9976919293403627e-05,0.0012246846705675123,,,False,env_mean_t
capp,1000,192,level_star,p3_star,-0.0005589962638914585,-0.0007740597073920071,-0.0003421219169162214,0.00010954469603567459,0.5070625,8,16000,8,-0.0013741564580449415,0.00025616393026202443,0.00034473138537947424,0.14893214208952685,0.25,-0.00657909853705485,9.260032533198344e-05,-0.0012874829806387425,-3.027629107236862e-05,,,False,env_mean_t
capp,1000,192,level_star,fixed_K_star,-0.0005586968921124935,-0.0007672913522459565,-0.0003474690492264927,0.0001079723742700425,0.507,8,16000,8,-0.0013739503191870226,0.0002565565349620356,0.00034477081359771377,0.14915888177658942,0.25,-0.006639615795420571,9.324202704075364e-05,-0.0012488259971141814,0.0,,,False,env_mean_t
capp,1000,192,phi_k4,p3_star,-2.993717789649963e-07,-1.3562031090259552e-06,4.580877721309662e-07,4.775021609464207e-07,0.5,8,16000,8,-1.0072735477481011e-06,4.085299898181085e-07,2.993717789649963e-07,0.3506166628202074,1.0,-2.993717789649963e-07,1.0964793833794462e-07,-8.98115336894989e-07,0.0,,,False,env_mean_t
capp,1000,192,phi_k16,p3_star,0.0001375174857676029,-4.877665163949129e-05,0.00031939328974112867,9.321913469816464e-05,0.4971875,8,16000,8,-0.0008680902041415874,0.0011431251756767933,0.0004252716638729491,0.7558655915514513,1.0,-0.0005909477977260129,0.003082499494116693,-0.0005726710371673108,0.001031643345952034,,,False,env_mean_t
capp,1000,192,phi_k16,always_search,0.0001378168575465679,-4.284872664138665e-05,0.0003151317346841096,9.138362018075108e-05,0.4971875,8,16000,8,-0.0008677142229797841,0.0011433479380729198,0.0004252392657518579,0.7553369255492971,1.0,-0.0005907183899445114,0.0031210536037851316,-0.0005726710371673108,0.0010319427177309989,,,False,env_mean_t
capp,1000,192,phi_k4,cp0,-0.04985928641492501,-0.051330545953928955,-0.04840009491611272,0.0007448695223707194,0.66034375,8,16000,8,-0.09588790126301291,-0.003830671566837106,0.01946550908334952,0.03747406083208914,0.0234375,-0.11416447792449103,-0.012149282613135609,-0.0883364565193653,-0.016755994985916192,,,False,env_mean_t
capp,1000,192,p3_star,always_search,2.993717789649963e-07,-4.580877721309662e-07,1.3562031090259552e-06,4.76975138217049e-07,0.5,8,16000,8,-4.085299898181085e-07,1.0072735477481011e-06,2.993717789649963e-07,0.3506166628202074,1.0,-1.0964793833794462e-07,2.993717789649963e-07,0.0,8.98115336894989e-07,,,False,env_mean_t
capp,1000,256,phi_k4,level_star,0.002298021540977061,0.001339390125637874,0.0032488115911721246,0.0004889054985602393,0.480375,8,16000,8,-0.00583765894894488,0.010433702030899002,0.003440580669187436,0.5255885457862877,0.5234375,-0.00834747475237761,0.009304415848261922,-0.004086814506910742,0.0084577122554183,,,False,env_mean_t
capp,1000,256,level_star,p3_star,-0.0013694623857736586,-0.00195855521815829,-0.0007596356590045618,0.0003068261245263563,0.510375,8,16000,8,-0.004486290104591513,0.0017473653330441956,0.001318106974805149,0.3333727826862929,0.3203125,-0.004002989565185123,0.0022802878964007962,-0.003625856198882684,0.0011226065270602704,,,False,env_mean_t
capp,1000,256,level_star,fixed_K_star,-0.0024478431195020674,-0.0031755612482549625,-0.0016942414156161246,0.0003750772898598314,0.51034375,8,16000,8,-0.005526364222561662,0.0006306779835575272,0.001301907100456209,0.10213616133960894,0.1015625,-0.004841731635073196,0.0019563658663520754,-0.004617087705060839,0.00019802450481802033,,,False,env_mean_t
capp,1000,256,phi_k4,p3_star,0.000928559155203402,6.0080623044632705e-05,0.0018193403682904314,0.0004451940248018361,0.49112500000000003,8,16000,8,-0.005805104371021634,0.007662222681428438,0.0028476674557022397,0.7538977165750287,0.75,-0.004770929405197472,0.00934855017104971,-0.0041520868595689535,0.0062008978836238385,,,False,env_mean_t
capp,1000,256,phi_k16,p3_star,0.00046836340148001917,-0.0003970136818476021,0.0013512750612455417,0.00044678153280353734,0.49915624999999997,8,16000,8,-0.006223219163582079,0.007159945966542116,0.0028298714100368056,0.8732235146284597,0.8984375,-0.005045787851194263,0.009875046884732066,-0.00442156486865133,0.005918070995621376,,,False,env_mean_t
capp,1000,256,phi_k16,always_search,-0.0002924781963229179,-0.0004909776286222041,-9.180837664753198e-05,0.00010172901430024342,0.5022500000000001,8,16000,8,-0.0010714490955062031,0.00048649270286036723,0.0003294269263535546,0.4041000112396151,0.75,-0.002540094417637281,0.0002093677356268605,-0.0009867658615112305,0.00014162180572748184,,,False,env_mean_t
capp,1000,256,phi_k4,cp0,-0.05000910799345002,-0.051512572017568155,-0.048471377218095586,0.0007779002390711751,0.6510625,8,16000,8,-0.09984890031940208,-0.0001693156674979629,0.02107725668988658,0.04941273347304286,0.0234375,-0.128261011795607,-0.012543885135674955,-0.09165449616825208,-0.01562381600216031,,,False,env_mean_t
capp,1000,256,p3_star,always_search,-0.0007608415978029369,-0.001636846423987299,9.69665243406778e-05,0.00044630939796764916,0.50375,8,16000,8,-0.007398981317424516,0.0058772981218186415,0.002807270421569179,0.7941895855458131,0.8046875,-0.00892840900143746,0.004783456374780596,-0.006118495386512949,0.004158045514486729,,,False,env_mean_t
capp,1000,384,phi_k4,level_star,0.005094178268220276,0.003796606346662156,0.00639908090273384,0.0006666589001616183,0.46740625,8,16000,8,-0.0035667056056351574,0.01375506214207571,0.0036626892699850987,0.2068864679515733,0.1953125,-0.007569788965726001,0.012166639116695936,-0.0018472369172726753,0.011279854909726418,,,False,env_mean_t
capp,1000,384,level_star,p3_star,-0.0013694623857736586,-0.0019762267417274414,-0.0007561673988122494,0.00030997713372418626,0.510375,8,16000,8,-0.004486290104591513,0.0017473653330441956,0.001318106974805149,0.3333727826862929,0.3203125,-0.004043292195062361,0.0023245605940381787,-0.0036403124332427973,0.0012470955289900303,,,False,env_mean_t
capp,1000,384,level_star,fixed_K_star,-0.0024478431195020674,-0.003174289226345718,-0.001710382162011229,0.0003741165948229212,0.51034375,8,16000,8,-0.005526364222561662,0.0006306779835575272,0.001301907100456209,0.10213616133960894,0.1015625,-0.004835101570679451,0.0019117943804948067,-0.004595914240926504,0.0001379842416150487,,,False,env_mean_t
capp,1000,384,phi_k4,p3_star,0.003724715882446617,0.0023979515256476592,0.005020803073747084,0.0006732982282353803,0.48250000000000004,8,16000,8,-0.0025239957543174364,0.009973427519210671,0.002642581218794061,0.20153243230469878,0.171875,-0.0030062384605024,0.009834994327921742,-0.0011299288515001535,0.008551348139066248,,,False,env_mean_t
capp,1000,384,phi_k16,p3_star,0.0030291761751286687,0.0017697896588128059,0.004321783288265577,0.0006519212850320056,0.48103125,8,16000,8,-0.0036102159334523497,0.009668568283709687,0.0028078000570740994,0.31642309154279513,0.3125,-0.0029175234491021803,0.012146596786733044,-0.001853349490312393,0.008420909054123328,,,False,env_mean_t
capp,1000,384,phi_k16,always_search,-0.0012332901004701853,-0.0017815569426864386,-0.0006834237179718916,0.00027781469310022476,0.50228125,8,16000,8,-0.007460636820014457,0.004994056619074087,0.002633545991651571,0.6538018187184158,0.625,-0.010740409163647026,0.0039766536400419,-0.006337088896939524,0.003347877535969019,,,False,env_mean_t
capp,1000,384,phi_k4,cp0,-0.0472129512662068,-0.04882889336219524,-0.04560216619016137,0.0008301366336898797,0.63071875,8,16000,8,-0.09700299489472,0.0025770923623063963,0.02105621795724001,0.05988027382301739,0.0390625,-0.12333943448747156,-0.009107255251423856,-0.08770450066871707,-0.01289811235293746,,,False,env_mean_t
capp,1000,384,p3_star,always_search,-0.004262466275598854,-0.005590807553986088,-0.002953750581562054,0.000674615194745574,0.52190625,8,16000,8,-0.0106556165341606,0.002130683982962892,0.002703664336629971,0.15890370105291002,0.140625,-0.010158088829547052,0.003846046142978902,-0.0091321392544196,0.0008146036481950415,,,False,env_mean_t
capp,1000,512,phi_k4,level_star,0.01413830862264149,0.01261894352925592,0.015656837299076142,0.000770602506051747,0.441625,8,16000,8,-0.005572373943008066,0.033848991188291044,0.008335651024627978,0.13367962533676972,0.1484375,-0.005881012364405927,0.03513679844876905,-0.0011037513650953758,0.029345122112677202,,,False,env_mean_t
capp,1000,512,level_star,p3_star,-0.0013694623857736586,-0.001963985131098889,-0.000753258089791052,0.0003090715226090901,0.510375,8,16000,8,-0.004486290104591513,0.0017473653330441956,0.001318106974805149,0.3333727826862929,0.3203125,-0.003980867034110974,0.002417149675268731,-0.003660988212563097,0.001119202963076532,,,False,env_mean_t
capp,1000,512,level_star,fixed_K_star,-0.0024478431195020674,-0.0031741741453763096,-0.00172241158366669,0.000373675835250398,0.51034375,8,16000,8,-0.005526364222561662,0.0006306779835575272,0.001301907100456209,0.10213616133960894,0.1015625,-0.00483670314393511,0.0020637724397736036,-0.004599876899272203,0.00014370585782452977,,,False,env_mean_t
capp,1000,512,phi_k4,p3_star,0.012768846236867831,0.011269384209404234,0.014299320686026478,0.000774172203409417,0.4533125,8,16000,8,-0.0054017147674713,0.030939407241206963,0.007684333353216541,0.14053313341708268,0.1328125,-0.003308462275808003,0.033301463476171425,-0.0010385915804654357,0.026757927724393085,,,False,env_mean_t
capp,1000,512,phi_k16,p3_star,0.0105924555498641,0.009109788119426232,0.012074016519560245,0.0007536521557286992,0.4579687499999999,8,16000,8,-0.006886840151004537,0.028071751250732736,0.007391997138274624,0.19497897174010004,0.21875,-0.004781165302582189,0.03537264317814395,-0.002770263526053158,0.024470816533314062,,,False,env_mean_t
capp,1000,512,phi_k16,always_search,-0.0033841058667749167,-0.004031864408729598,-0.0027326451478525996,0.0003259051450128661,0.5185625,8,16000,8,-0.011489905474556264,0.0047216937410064315,0.003427944039024963,0.35642568479666353,0.4375,-0.024208371803854087,0.002666487979368048,-0.010066092394664881,0.002154682844877243,,,False,env_mean_t
capp,1000,512,phi_k4,cp0,-0.038168820911785584,-0.03985140846592257,-0.036443273112305906,0.0008672221317726858,0.5953437500000001,8,16000,8,-0.09329813169764234,0.016960489874071165,0.02331419495030649,0.14561123729410486,0.1171875,-0.18407102296058556,0.0006932642875343356,-0.08567462678393348,-0.0016329069581581329,,,False,env_mean_t
capp,1000,512,p3_star,always_search,-0.013976561416639015,-0.015482792665570741,-0.012482775685942032,0.0007635381881173265,0.5615,8,16000,8,-0.031820008504995084,0.0038668856717170557,0.007545996822259151,0.10642572944610226,0.125,-0.03380082298959059,0.0033428396227849645,-0.027612340104766188,-0.00030272772908210765,,,False,env_mean_t
capp,1000,1000,phi_k4,level_star,0.07767676235621912,0.07600978562066447,0.0793426298267841,0.0008436402565321728,0.23543750000000002,8,16000,8,0.023230217761413374,0.13212330695102487,0.02302545301145887,0.011863198502801226,0.0078125,0.027428954040082207,0.1360092349384953,0.038123320964892626,0.12184105173338321,,,False,env_mean_t
capp,1000,1000,level_star,p3_star,-0.0015352971525862814,-0.0023297562978463245,-0.0007276545827742667,0.0004131406523477126,0.5128124999999999,8,16000,8,-0.006563269615796624,0.0034926753106240605,0.0021263304137321424,0.493677524207956,0.4765625,-0.00566761095866972,0.007504643361761038,-0.005227405883395112,0.0025200810953043347,,,False,env_mean_t
capp,1000,1000,level_star,fixed_K_star,-0.002130303983576596,-0.0030745450311223978,-0.0011493147362140006,0.0004888795854730752,0.5123125,8,16000,8,-0.010208261667800346,0.005947653700647153,0.0034161696847955984,0.5526634646904645,0.5546875,-0.009421565292557846,0.00842375918841818,-0.008159790620207786,0.00418260801397264,,,False,env_mean_t
capp,1000,1000,phi_k4,p3_star,0.07614146520363284,0.07445247114134983,0.07784454385388599,0.0008658190197001399,0.25184375,8,16000,8,0.020822696808385027,0.13146023359888065,0.02339431660568723,0.013966283176613395,0.0078125,0.026032631511986197,0.1427820081320197,0.03467935302248225,0.120075553914794,,,False,env_mean_t
capp,1000,1000,phi_k16,p3_star,0.06432524619344622,0.06263984790563992,0.06599556837928539,0.0008613884762807961,0.3323125,8,16000,8,0.010545074406439904,0.11810541798045254,0.022743643837189187,0.025469170754906928,0.0234375,0.013962858640970965,0.12965291639076187,0.02390175126399845,0.10598108881246299,,,False,env_mean_t
capp,1000,1000,phi_k16,always_search,-0.2042968039309744,-0.20731049878740096,-0.20127896923735122,0.0015448466671604357,0.87515625,8,16000,8,-0.2688180510762498,-0.13977555678569903,0.02728604644133824,0.00013878834256290557,0.0078125,-0.2962237781790005,-0.153795587584858,-0.2552677573372893,-0.1569573759925199,,,False,env_mean_t
capp,1000,1000,phi_k4,cp0,0.025369632821792037,0.02377744222690599,0.026967265184607098,0.0008092092369849697,0.37303125,8,16000,8,-0.0048877273968567815,0.05562699304044086,0.012795842806005143,0.08783843479993382,0.0859375,0.00027003517806493266,0.0813751347689509,0.0031989292493090037,0.05040254848854966,,,False,env_mean_t
capp,1000,1000,p3_star,always_search,-0.26862205012442064,-0.27143320526171627,-0.2658271075304656,0.0014300816427200466,0.944375,8,16000,8,-0.35444371016306236,-0.18280039008577892,0.03629399469316668,0.0001492601482736051,0.0078125,-0.598737722782066,-0.20573993688051606,-0.3353325119394377,-0.20796152315236108,,,False,env_mean_t
