test,horizon,cap,reference_cap,policy,delta,lo,hi,se,win,n_cells,n_episodes,n_envs,cluster_lo,cluster_hi,cluster_se,cluster_p,cluster_p_sign,cluster_boot_t_lo,cluster_boot_t_hi,cluster_pct_lo,cluster_pct_hi,cluster_min_env,cluster_max_env,cluster_degenerate,cluster_method
capp,200,32,64,always_search,0.008568255471342127,0.006925068864213609,0.010224510898910376,0.0008457294590348917,0.48334375,8,16000,8,-0.005734803870113546,0.022871314812797798,0.006048766239211703,0.1995484650426591,0.265625,-0.0017986045347345263,0.051909515926333985,-0.0012136615988554685,0.020610103455199716,,,False,env_mean_t
capp,200,48,64,always_search,0.001587329161047819,0.00026265702617929475,0.0028732860147167227,0.0006668146481996546,0.503,8,16000,8,-0.0037183204598291004,0.006892978781924738,0.0022437601311511095,0.5021584356501232,0.5,-0.002694595941388491,0.011039953359787406,-0.002306538408955746,0.005892701277974993,,,False,env_mean_t
capp,200,96,64,always_search,0.008664002925434032,0.007084873939747922,0.010278683594166069,0.0008128205860629621,0.4655625,8,16000,8,0.0012893174025006724,0.01603868844836739,0.0031187557676302506,0.02737568714355748,0.03125,0.0007655737860074868,0.015567006366803741,0.002907290256713168,0.014131409349749446,,,False,env_mean_t
capp,200,128,64,always_search,0.011764656980682048,0.009904271573866573,0.013661531378300423,0.0009497781722238066,0.447125,8,16000,8,0.0003159393550158495,0.023213374606348244,0.004841664639933584,0.0454286415380345,0.0546875,-0.002624402268539338,0.020462008270219427,0.0021211466780561767,0.019860828796401622,,,False,env_mean_t
capp,200,160,64,always_search,0.026178144728110055,0.024122919352835743,0.028289264145750715,0.0010537701877925694,0.405625,8,16000,8,0.00784225633186729,0.04451403312435282,0.007754250335499147,0.011823483786458054,0.015625,0.007384569951992319,0.04491052798982595,0.01229622933538524,0.040113238064665345,,,False,env_mean_t
capp,200,200,64,always_search,0.19668613213927527,0.19376850600422157,0.19964386308686236,0.0015011687737617654,0.147375,8,16000,8,0.129971438702716,0.26340082557583455,0.028213655252677466,0.00021702634198555507,0.0078125,0.14567755677106645,0.3633051161184623,0.15012733103539722,0.25294306314061393,,,False,env_mean_t
capp,200,32,64,cp0,0.0,0.0,0.0,0.0,0.5,8,16000,8,0.0,0.0,0.0,1.0,1.0,0.0,0.0,0.0,0.0,,,False,env_mean_t
capp,200,48,64,cp0,0.0,0.0,0.0,0.0,0.5,8,16000,8,0.0,0.0,0.0,1.0,1.0,0.0,0.0,0.0,0.0,,,False,env_mean_t
capp,200,96,64,cp0,0.0,0.0,0.0,0.0,0.5,8,16000,8,0.0,0.0,0.0,1.0,1.0,0.0,0.0,0.0,0.0,,,False,env_mean_t
capp,200,128,64,cp0,0.0,0.0,0.0,0.0,0.5,8,16000,8,0.0,0.0,0.0,1.0,1.0,0.0,0.0,0.0,0.0,,,False,env_mean_t
capp,200,160,64,cp0,0.0,0.0,0.0,0.0,0.5,8,16000,8,0.0,0.0,0.0,1.0,1.0,0.0,0.0,0.0,0.0,,,False,env_mean_t
capp,200,200,64,cp0,0.0,0.0,0.0,0.0,0.5,8,16000,8,0.0,0.0,0.0,1.0,1.0,0.0,0.0,0.0,0.0,,,False,env_mean_t
capp,200,32,64,fixed_K_star,0.008568255471342127,0.006914630658083479,0.010231540181442325,0.0008381659750609219,0.48334375,8,16000,8,-0.005734803870113546,0.022871314812797798,0.006048766239211703,0.1995484650426591,0.265625,-0.0018496192705776942,0.04872251095505873,-0.001100141014161636,0.020482867886588794,,,False,env_mean_t
capp,200,48,64,fixed_K_star,0.001587329161047819,0.0003001582228356708,0.0028547140204049346,0.000660241832379447,0.503,8,16000,8,-0.0037183204598291004,0.006892978781924738,0.0022437601311511095,0.5021584356501232,0.5,-0.002694595941388491,0.011090862862098073,-0.002194474116986384,0.005906543654099367,,,False,env_mean_t
capp,200,96,64,fixed_K_star,0.0,0.0,0.0,0.0,0.5,8,16000,8,0.0,0.0,0.0,1.0,1.0,0.0,0.0,0.0,0.0,,,False,env_mean_t
capp,200,128,64,fixed_K_star,0.0,0.0,0.0,0.0,0.5,8,16000,8,0.0,0.0,0.0,1.0,1.0,0.0,0.0,0.0,0.0,,,False,env_mean_t
capp,200,160,64,fixed_K_star,0.0,0.0,0.0,0.0,0.5,8,16000,8,0.0,0.0,0.0,1.0,1.0,0.0,0.0,0.0,0.0,,,False,env_mean_t
capp,200,200,64,fixed_K_star,0.0,0.0,0.0,0.0,0.5,8,16000,8,0.0,0.0,0.0,1.0,1.0,0.0,0.0,0.0,0.0,,,False,env_mean_t
capp,200,32,64,level_star,0.009706067927458208,0.008089142413995068,0.011357461052106733,0.0008354730760837272,0.47846875,8,16000,8,-0.003802802817333197,0.023214938672249615,0.005712903745993463,0.1331275340058848,0.1015625,3.7555088728762065e-05,0.06903517368350072,0.0006173191897541982,0.021156654765845804,,,False,env_mean_t
capp,200,48,64,level_star,0.0022819192695169477,0.000982988706728793,0.003587430609348303,0.0006605075393364951,0.49740625,8,16000,8,-0.0025143539714901565,0.007078192510524052,0.002028344773076056,0.2976731195778139,0.3671875,-0.0015357190132048544,0.012154697920615205,-0.0010736095291929814,0.006292206386424368,,,False,env_mean_t
capp,200,96,64,level_star,-0.00044706128572579465,-0.0012973133586259792,0.0003812064366415142,0.0004226671810764687,0.49971875,8,16000,8,-0.0032541629240168254,0.0023600403525652364,0.0011871237624329527,0.7176323932553877,0.671875,-0.002686457835127299,0.0032346614343159536,-0.002439953758579213,0.0018834757644217459,,,False,env_mean_t
capp,200,128,64,level_star,-0.00044706128572579465,-0.0012878563279897207,0.0004056219173886347,0.00042754135021169984,0.49971875,8,16000,8,-0.0032541629240168254,0.0023600403525652364,0.0011871237624329527,0.7176323932553877,0.671875,-0.0026563219266037877,0.003255497029996041,-0.0024730400021653618,0.0018138932401139754,,,False,env_mean_t
capp,200,160,64,level_star,-0.002890184234784101,-0.004515552106816903,-0.0012545420772530635,0.0008287336264565067,0.503125,8,16000,8,-0.010846669722946251,0.00506630125337805,0.0033647990723273485,0.4188088492760894,0.5078125,-0.023501688937564224,0.002727696974913638,-0.009755324554539396,0.0023144216112086706,,,False,env_mean_t
capp,200,200,64,level_star,-0.00044706128572579465,-0.0012979112900327885,0.0003939677831978764,0.00042761847554799914,0.49971875,8,16000,8,-0.0032541629240168254,0.0023600403525652364,0.0011871237624329527,0.7176323932553877,0.671875,-0.0026563219266037877,0.003280317538364829,-0.0024811260645103174,0.0018214772231876846,,,False,env_mean_t
capp,200,32,64,p3_star,0.008563186286293786,0.006887838664137599,0.010220549279008992,0.0008509778925096552,0.483375,8,16000,8,-0.005742635243714829,0.0228690078163024,0.006049934369222669,0.19986093692560625,0.265625,-0.001909052127485808,0.05169343284281585,-0.0012450144547037777,0.020610103455199716,,,False,env_mean_t
capp,200,48,64,p3_star,0.0016181511177419453,0.000302067752310177,0.002932556310193103,0.000665896501031907,0.50221875,8,16000,8,-0.003688087168681844,0.006924389404165735,0.002244009077911456,0.4942221499916554,0.4921875,-0.0027093680699259923,0.010798640577503254,-0.0021803736809117248,0.005979457795509364,,,False,env_mean_t
capp,200,96,64,p3_star,0.0013452774421748473,0.0006442022982035269,0.002048663928741007,0.0003650868244644303,0.4965,8,16000,8,-0.0005836150381635084,0.003274169922513203,0.0008157289594907418,0.14310053461825498,0.140625,-0.0006343809172118524,0.0033675345452695593,-0.00014381976926233623,0.0027806145650771216,,,False,env_mean_t
capp,200,128,64,p3_star,2.7949258335866004e-05,-0.0006593606635869942,0.0007245200065226526,0.0003563830658541522,0.49687500000000007,8,16000,8,-0.0014269164853193208,0.0014828150019910527,0.0006152629715588875,0.9650360952620748,0.9765625,-0.001814071148347811,0.0012626228151151782,-0.0011571982825407758,0.00107152941217646,,,False,env_mean_t
capp,200,160,64,p3_star,0.0013452774421748473,0.0006351510335149216,0.0020634382171389005,0.00036448656226779593,0.4965,8,16000,8,-0.0005836150381635084,0.003274169922513203,0.0008157289594907418,0.14310053461825498,0.140625,-0.0007104205648498368,0.0035309809823696496,-0.0001764640681300079,0.002830604465692886,,,False,env_mean_t
capp,200,200,64,p3_star,0.0015169855435815407,0.00040280310554844626,0.0026196704410307576,0.0005663445881372719,0.48959375000000005,8,16000,8,-0.0014703537308209782,0.0045043248179840595,0.0012633462895385095,0.2688923212278234,0.2578125,-0.002773793464578233,0.004125665493867048,-0.0009072073976014508,0.0037306337272748355,,,False,env_mean_t
capp,200,32,64,phi_k16,0.008894758872964302,0.0073567161119310175,0.010423325488411498,0.0007864444860705614,0.48353124999999997,8,16000,8,-0.004074569878502387,0.02186408762443099,0.005484731344834469,0.14889141029908956,0.109375,3.4234283876935154e-05,0.0607757664273811,0.0004456406268727732,0.019912894511217017,,,False,env_mean_t
capp,200,48,64,phi_k16,0.0017641162524669198,0.00049457217384479,0.002992649989930214,0.0006388438699104963,0.5010000000000001,8,16000,8,-0.002398641727475013,0.005926874232408853,0.0017604310609340772,0.3496728201386603,0.4296875,-0.0011219224118592095,0.008326517706662833,-0.0009382593274640384,0.0052662513211882474,,,False,env_mean_t
capp,200,96,64,phi_k16,0.003799081735589425,0.002212901310255984,0.005373863708798671,0.0007984251247244445,0.49124999999999996,8,16000,8,-0.00530825850969989,0.01290642198087874,0.0038514957457425696,0.35680080683515025,0.2890625,-0.0037918738568926296,0.017028097812688194,-0.0031075560329121782,0.01066176754105254,,,False,env_mean_t
capp,200,128,64,phi_k16,-9.976991063740564e-05,-0.0017880817661953183,0.0016626352820680026,0.0008834439116760755,0.49903125000000004,8,16000,8,-0.0070706444037835665,0.006871104582508756,0.002947984014141215,0.9739468161361576,0.984375,-0.009013372098624482,0.005594836489307958,-0.005880580976954661,0.004896509393511223,,,False,env_mean_t
capp,200,160,64,phi_k16,0.0014233825798582983,-3.162263352496659e-05,0.002922842205486812,0.0007515358260531659,0.4944375,8,16000,8,-0.003021115808077883,0.00586788096779448,0.0018795791276108318,0.4735926022446589,0.4375,-0.0020450728953348533,0.009259681850566548,-0.0018455982767045498,0.004908023405136191,,,False,env_mean_t
capp,200,200,64,phi_k16,0.0025393478521582437,0.0012366754889993898,0.003871516408208481,0.0006722467671643824,0.49006249999999996,8,16000,8,-0.0010143780494503347,0.0060930737537668225,0.001502871290952391,0.13494038991511573,0.0859375,4.813570538245203e-05,0.008065283315195654,0.0001812214040350236,0.00562660391558893,,,False,env_mean_t
capp,200,32,64,phi_k4,0.009127315920122784,0.007449524602388192,0.01075288785010125,0.0008369028336499386,0.48075,8,16000,8,-0.00477064737149341,0.023025279211738976,0.00587745105052301,0.16438160487995337,0.1796875,-0.0010004096563748666,0.05745047648259434,-0.00019453888947318517,0.020969733688347696,,,False,env_mean_t
capp,200,48,64,phi_k4,0.002159623092666152,0.0008628502361105347,0.0034360410056728137,0.0006554216914355906,0.4999375,8,16000,8,-0.0027126432014498037,0.007031889386782108,0.0020604822482193745,0.3294199804354517,0.40625,-0.0017375438810577778,0.012081261573769039,-0.0012934161630004382,0.006258367059912416,,,False,env_mean_t
capp,200,96,64,phi_k4,0.0024852552155934966,0.0009549953954283407,0.004000800213307229,0.000774624361693448,0.49593750000000003,8,16000,8,-0.006796814855703387,0.01176732528689038,0.003925389019014157,0.5467722492251499,0.5234375,-0.004792817545434505,0.021901372769058368,-0.004043157948601946,0.010066017189034028,,,False,env_mean_t
capp,200,128,64,phi_k4,-0.0027514422487729465,-0.004400946436395315,-0.0010821730702078643,0.000847044566431372,0.507625,8,16000,8,-0.010406236434606309,0.004903351937060416,0.0032372137690278614,0.4234716805126903,0.4296875,-0.010370623371263292,0.005109918844806497,-0.008874984169378878,0.0032038216287473918,,,False,env_mean_t
capp,200,160,64,phi_k4,-0.0037124276782415106,-0.005429996002528787,-0.0019567368992953567,0.0008710445873199671,0.5093125000000001,8,16000,8,-0.009828003729427407,0.0024031483729443862,0.002586278156906542,0.19430035497058876,0.2265625,-0.011007203766595988,0.0017700667561435235,-0.008766213638707995,0.0008110570763896236,,,False,env_mean_t
capp,200,200,64,phi_k4,-0.0008405025638785448,-0.00252924716370253,0.0009037737989459856,0.0008784099589882481,0.5049375,8,16000,8,-0.010349815734889446,0.008668810607132357,0.004021490164708214,0.8403980134171004,0.8125,-0.008811136412106391,0.013787306190637474,-0.0077998634513078285,0.006785072181344731,,,False,env_mean_t
capp,200,32,64,refine_after_init,0.0,0.0,0.0,0.0,0.5,8,16000,8,0.0,0.0,0.0,1.0,1.0,0.0,0.0,0.0,0.0,,,False,env_mean_t
capp,200,48,64,refine_after_init,0.0,0.0,0.0,0.0,0.5,8,16000,8,0.0,0.0,0.0,1.0,1.0,0.0,0.0,0.0,0.0,,,False,env_mean_t
capp,200,96,64,refine_after_init,0.0,0.0,0.0,0.0,0.5,8,16000,8,0.0,0.0,0.0,1.0,1.0,0.0,0.0,0.0,0.0,,,False,env_mean_t
capp,200,128,64,refine_after_init,0.0,0.0,0.0,0.0,0.5,8,16000,8,0.0,0.0,0.0,1.0,1.0,0.0,0.0,0.0,0.0,,,False,env_mean_t
capp,200,160,64,refine_after_init,0.0,0.0,0.0,0.0,0.5,8,16000,8,0.0,0.0,0.0,1.0,1.0,0.0,0.0,0.0,0.0,,,False,env_mean_t
capp,200,200,64,refine_after_init,0.0,0.0,0.0,0.0,0.5,8,16000,8,0.0,0.0,0.0,1.0,1.0,0.0,0.0,0.0,0.0,,,False,env_mean_t
capp,1000,32,64,always_search,0.028415711213368923,0.02737925583506003,0.02950010025431402,0.0005401018529110287,0.38349999999999995,8,16000,8,0.007178066794209088,0.04965335563252876,0.008981403453362367,0.015843291983945348,0.0078125,0.009352458694608833,0.05285777737553265,0.013034505357104358,0.04559983064581172,,,False,env_mean_t
capp,1000,48,64,always_search,0.010873250707518309,0.010151688952406403,0.011629107152228245,0.00038027515947012473,0.45128125,8,16000,8,0.0022212605614387836,0.019525240853597834,0.0036589281109891533,0.020757531765027985,0.0078125,0.0030090809838551075,0.022346585673497347,0.004596866376232356,0.018050492480397223,,,False,env_mean_t
capp,1000,96,64,always_search,-0.011205288658849896,-0.012053070424636826,-0.010370863219257447,0.0004318035291322271,0.5445625000000001,8,16000,8,-0.021686320776546267,-0.0007242565411535225,0.0044324302732818835,0.039346407310543105,0.03125,-0.026251886523947436,-0.0025169849417791823,-0.01972697734709363,-0.003605954931955785,,,False,env_mean_t
capp,1000,128,64,always_search,-0.016386434141546488,-0.01744199826924596,-0.015344719126494603,0.0005383649205192133,0.56403125,8,16000,8,-0.033378118051158895,0.0006052497680659151,0.007185786028442784,0.05660325431457164,0.046875,-0.04080662837942957,-0.003181686520093421,-0.030497358926245936,-0.004515159156732267,,,False,env_mean_t
capp,1000,192,64,always_search,-0.01896123332437128,-0.02019000874210615,-0.017720121569407637,0.0006325441353582475,0.56109375,8,16000,8,-0.042987451916796655,0.005064985268054094,0.01016069194767058,0.10426783456458827,0.109375,-0.0584331842032285,-0.0010885410449324243,-0.03905770064238459,-0.002582217460498214,,,False,env_mean_t
capp,1000,256,64,always_search,-0.01927877246029675,-0.020652351964020634,-0.017931894589960577,0.0006960394630776431,0.560125,8,16000,8,-0.04765301273475567,0.009095467814162168,0.011999471059871925,0.15216964492932603,0.1171875,-0.0944239441381497,0.0012539204119756363,-0.04402249865140766,-0.0007494814201258235,,,False,env_mean_t
capp,1000,384,64,always_search,-0.015777147782500833,-0.01727855906751938,-0.014279167119623163,0.0007625365643026406,0.53265625,8,16000,8,-0.044742344906724074,0.013188049341722411,0.012249386812603574,0.23868775784689436,0.34375,-0.07356015682746904,0.005295358419460834,-0.03927174620497971,0.004676078189420506,,,False,env_mean_t
capp,1000,512,64,always_search,-0.006063052641460671,-0.007637850675021764,-0.004435633366799447,0.000823299758315267,0.49240625000000005,8,16000,8,-0.042935876258753836,0.030809770975832495,0.015593523407558749,0.7089664820487593,0.78125,-0.10612247316071892,0.019902351177814276,-0.03774312435858883,0.018122662035113885,,,False,env_mean_t
capp,1000,1000,64,always_search,0.24874827083313356,0.24592066495159526,0.2515242181125807,0.0014191042569385581,0.0595,8,16000,8,0.18619618459821796,0.31130035706804915,0.026453287955911477,3.204731213922811e-05,0.0078125,0.20262924401603827,0.5295882259936378,0.2064171271307132,0.3011160675653769,,,False,env_mean_t
capp,1000,32,64,cp0,0.0,0.0,0.0,0.0,0.5,8,16000,8,0.0,0.0,0.0,1.0,1.0,0.0,0.0,0.0,0.0,,,False,env_mean_t
capp,1000,48,64,cp0,0.0,0.0,0.0,0.0,0.5,8,16000,8,0.0,0.0,0.0,1.0,1.0,0.0,0.0,0.0,0.0,,,False,env_mean_t
capp,1000,96,64,cp0,0.0,0.0,0.0,0.0,0.5,8,16000,8,0.0,0.0,0.0,1.0,1.0,0.0,0.0,0.0,0.0,,,False,env_mean_t
capp,1000,128,64,cp0,0.0,0.0,0.0,0.0,0.5,8,16000,8,0.0,0.0,0.0,1.0,1.0,0.0,0.0,0.0,0.0,,,False,env_mean_t
capp,1000,192,64,cp0,0.0,0.0,0.0,0.0,0.5,8,16000,8,0.0,0.0,0.0,1.0,1.0,0.0,0.0,0.0,0.0,,,False,env_mean_t
capp,1000,256,64,cp0,0.0,0.0,0.0,0.0,0.5,8,16000,8,0.0,0.0,0.0,1.0,1.0,0.0,0.0,0.0,0.0,,,False,env_mean_t
capp,1000,384,64,cp0,0.0,0.0,0.0,0.0,0.5,8,16000,8,0.0,0.0,0.0,1.0,1.0,0.0,0.0,0.0,0.0,,,False,env_mean_t
capp,1000,512,64,cp0,0.0,0.0,0.0,0.0,0.5,8,16000,8,0.0,0.0,0.0,1.0,1.0,0.0,0.0,0.0,0.0,,,False,env_mean_t
capp,1000,1000,64,cp0,0.0,0.0,0.0,0.0,0.5,8,16000,8,0.0,0.0,0.0,1.0,1.0,0.0,0.0,0.0,0.0,,,False,env_mean_t
capp,1000,32,64,fixed_K_star,0.028415711213368923,0.02737089065235341,0.029481355175864882,0.0005428962117826333,0.38349999999999995,8,16000,8,0.007178066794209088,0.04965335563252876,0.008981403453362367,0.015843291983945348,0.0078125,0.009352028742087817,0.05419581559802028,0.013034505357104357,0.045492867479252165,,,False,env_mean_t
capp,1000,48,64,fixed_K_star,0.010873250707518309,0.01013240921063116,0.011616531756310724,0.0003780840840115984,0.45128125,8,16000,8,0.0022212605614387836,0.019525240853597834,0.0036589281109891533,0.020757531765027985,0.0078125,0.0028441297865341043,0.022009911752518374,0.0046274698930792516,0.01800364544588374,,,False,env_mean_t
capp,1000,96,64,fixed_K_star,-0.011205288658849896,-0.01206373474963475,-0.010384572810307144,0.0004340832541608107,0.5445625000000001,8,16000,8,-0.021686320776546267,-0.0007242565411535225,0.0044324302732818835,0.039346407310543105,0.03125,-0.026176686602613873,-0.0023924456789199532,-0.019732380392169575,-0.0035867165199481034,,,False,env_mean_t
capp,1000,128,64,fixed_K_star,-0.016386434141546488,-0.017437983389082364,-0.01534117673810106,0.0005317059833704805,0.56403125,8,16000,8,-0.033378118051158895,0.0006052497680659151,0.007185786028442784,0.05660325431457164,0.046875,-0.040901351980307865,-0.0026985823947456283,-0.03078695582419167,-0.004498093574563973,,,False,env_mean_t
capp,1000,192,64,fixed_K_star,-0.01896123332437128,-0.02021538939535385,-0.017732464367640206,0.00063626094712205,0.56109375,8,16000,8,-0.042987451916796655,0.005064985268054094,0.01016069194767058,0.10426783456458827,0.109375,-0.05700925347444085,-0.000404187948122265,-0.03981545087695122,-0.0025822174604982137,,,False,env_mean_t
capp,1000,256,64,fixed_K_star,-0.01896123332437128,-0.020219253880891484,-0.017711672807566355,0.0006394787171900661,0.56109375,8,16000,8,-0.042987451916796655,0.005064985268054094,0.01016069194767058,0.10426783456458827,0.109375,-0.058445225521585153,-0.0008266577024886902,-0.03923033202718944,-0.0024610108491033315,,,False,env_mean_t
capp,1000,384,64,fixed_K_star,-0.01896123332437128,-0.020190938360919244,-0.017713342935033145,0.0006327369199764913,0.56109375,8,16000,8,-0.042987451916796655,0.005064985268054094,0.01016069194767058,0.10426783456458827,0.109375,-0.06042003113053406,-0.00020765036490460673,-0.039706333757378164,-0.0022818906297907516,,,False,env_mean_t
capp,1000,512,64,fixed_K_star,-0.01896123332437128,-0.020196787078189664,-0.0177078711746959,0.0006375014979254072,0.56109375,8,16000,8,-0.042987451916796655,0.005064985268054094,0.01016069194767058,0.10426783456458827,0.109375,-0.06134599704435344,-0.0004060702885705994,-0.039069488591514524,-0.0021083881165832284,,,False,env_mean_t
capp,1000,1000,64,fixed_K_star,-0.01927877246029675,-0.020684688874986024,-0.017926494413067123,0.0006988085111175415,0.560125,8,16000,8,-0.04765301273475567,0.009095467814162168,0.011999471059871925,0.15216964492932603,0.1171875,-0.0944153184954695,0.000670076260390097,-0.04373308602722827,-0.0005437482081353745,,,False,env_mean_t
capp,1000,32,64,level_star,0.028415711213368923,0.02735812725649448,0.02948997784164967,0.0005421424693395717,0.38349999999999995,8,16000,8,0.007178066794209088,0.04965335563252876,0.008981403453362367,0.015843291983945348,0.0078125,0.009577163994740397,0.05333679917349787,0.013120071185752749,0.045430410503409804,,,False,env_mean_t
capp,1000,48,64,level_star,0.010873250707518309,0.010142087838903534,0.011591555449261794,0.0003729069770706609,0.45128125,8,16000,8,0.0022212605614387836,0.019525240853597834,0.0036589281109891533,0.020757531765027985,0.0078125,0.0033813163877766802,0.022478895010521086,0.004596866376232356,0.01786273810593411,,,False,env_mean_t
capp,1000,96,64,level_star,-0.01114574385341257,-0.012006251809117385,-0.010294669471355156,0.0004374139824018291,0.5419687500000001,8,16000,8,-0.02164058685856777,-0.00065090084825737,0.004438270899947843,0.04032132824737624,0.03125,-0.02637728914587424,-0.002209608866812214,-0.01978728473931551,-0.003474493446690037,,,False,env_mean_t
capp,1000,128,64,level_star,-0.016477345990017055,-0.017498125276132485,-0.015457853910396805,0.0005200913752768191,0.56134375,8,16000,8,-0.03313769154892741,0.00018299956889329672,0.00704566298332098,0.051948032226925164,0.03125,-0.04156468380036446,-0.0036587759561642376,-0.030558220999315377,-0.004662143375421876,,,False,env_mean_t
capp,1000,192,64,level_star,-0.019519930216483773,-0.020764058222225865,-0.018288743188919036,0.0006367504325815176,0.5680000000000001,8,16000,8,-0.04316541800667939,0.004125557573711844,0.009999680826358897,0.0918889281585027,0.09375,-0.059962590120376025,-0.001845927155271706,-0.03926038768526633,-0.003322645428217948,,,False,env_mean_t
capp,1000,256,64,level_star,-0.021409076443873343,-0.02268964595142752,-0.02014966634829762,0.0006472845301857534,0.5759062500000001,8,16000,8,-0.044786721526183376,0.001968568638436693,0.00988641009943255,0.06706056806766075,0.0625,-0.05925665271091292,-0.004013008764343615,-0.041037142299115655,-0.005446918777842075,,,False,env_mean_t
capp,1000,384,64,level_star,-0.021409076443873343,-0.022659638500318397,-0.020112317669834012,0.0006525350665986393,0.5759062500000001,8,16000,8,-0.044786721526183376,0.001968568638436693,0.00988641009943255,0.06706056806766075,0.0625,-0.05993822887472404,-0.0041160079431527,-0.04103714229911566,-0.005118490815907727,,,False,env_mean_t
capp,1000,512,64,level_star,-0.021409076443873343,-0.022660912238282618,-0.020146458890591745,0.0006395672104533246,0.5759062500000001,8,16000,8,-0.044786721526183376,0.001968568638436693,0.00988641009943255,0.06706056806766075,0.0625,-0.059382564456582174,-0.004116190466611394,-0.04140372319705784,-0.005427822806593032,,,False,env_mean_t
capp,1000,1000,64,level_star,-0.021409076443873343,-0.022662314276990943,-0.02013815123124514,0.0006386190790771526,0.5759062500000001,8,16000,8,-0.044786721526183376,0.001968568638436693,0.00988641009943255,0.06706056806766075,0.0625,-0.05892631652195049,-0.003982838830444577,-0.04121318146015982,-0.0057912694147788,,,False,env_mean_t
capp,1000,32,64,p3_star,0.028416763153392824,0.027366692448279356,0.029466550000791902,0.0005404484251666055,0.38334375,8,16000,8,0.007180772143404124,0.049652754163381524,0.008980704226341406,0.015835267534735825,0.0078125,0.009442366550408428,0.054943542378507404,0.012861971988808363,0.04575993664060952,,,False,env_mean_t
capp,1000,48,64,p3_star,0.010878436147700996,0.010136330811993685,0.011616515047627035,0.000378572667661928,0.45028125,8,16000,8,0.0022329913432089944,0.019523880952193,0.0036561600849135028,0.020649864434106272,0.0078125,0.0032245665237431893,0.022347656201714642,0.004570460482966155,0.017725184366933527,,,False,env_mean_t
capp,1000,96,64,p3_star,-0.011196006513200699,-0.012043268775893375,-0.010335848204512148,0.00043507363875052254,0.5436875000000001,8,16000,8,-0.021681377199136365,-0.0007106358272650319,0.004434265054531535,0.03952733178675116,0.03125,-0.026054264575735727,-0.0023502273891263005,-0.01977207042528316,-0.003623223425098697,,,False,env_mean_t
capp,1000,128,64,p3_star,-0.016383262258023022,-0.01744223958782386,-0.01535244187898934,0.0005341100982538204,0.563625,8,16000,8,-0.03337566278338541,0.0006091382673393646,0.0071860890853658885,0.056648129739520485,0.046875,-0.040188534294579116,-0.003255886358436405,-0.030439375682803804,-0.00471417487729341,,,False,env_mean_t
capp,1000,192,64,p3_star,-0.018961646507494153,-0.02023575084344484,-0.01767236509787617,0.0006451243822099948,0.5609062499999999,8,16000,8,-0.04298946843605306,0.005066175421064752,0.010161369998795385,0.10428067591727785,0.109375,-0.060428165092657776,-0.00035096734388398096,-0.03935601494740695,-0.0021790071648079942,,,False,env_mean_t
capp,1000,256,64,p3_star,-0.020040326613001525,-0.021321171544655227,-0.018737956840894184,0.0006570109211498483,0.5606562500000001,8,16000,8,-0.0454334297143435,0.0053527764883404445,0.010738747640026724,0.1042626627338954,0.109375,-0.062547125160391,-0.0002829536215283035,-0.04115832050184253,-0.002020058094477283,,,False,env_mean_t
capp,1000,384,64,p3_star,-0.020040326613001525,-0.021375766272796318,-0.018748937340953852,0.0006665985910572027,0.5606562500000001,8,16000,8,-0.0454334297143435,0.0053527764883404445,0.010738747640026724,0.1042626627338954,0.109375,-0.0624990286487645,-6.645766153591526e-06,-0.04150605244375766,-0.0021233355375006794,,,False,env_mean_t
capp,1000,512,64,p3_star,-0.020040326613001525,-0.021347624000406358,-0.01876487754639238,0.000662839794330305,0.5606562500000001,8,16000,8,-0.0454334297143435,0.0053527764883404445,0.010738747640026724,0.1042626627338954,0.109375,-0.062417609800756,-0.0007870059401916298,-0.041134031771682206,-0.00215359077542089,,,False,env_mean_t
capp,1000,1000,64,p3_star,-0.019874491846188905,-0.02119557434685994,-0.01856241284471471,0.0006739454649716775,0.55909375,8,16000,8,-0.046757411312651875,0.007008427620274066,0.011368791235374898,0.12392483709650058,0.1171875,-0.0673509176559611,-0.00016332527628656196,-0.042666646135970945,-0.0014901587180793279,,,False,env_mean_t
capp,1000,32,64,phi_k16,0.0284157402520068,0.027351566696725785,0.029505427709675857,0.000543868594763076,0.38353125,8,16000,8,0.007178125997721524,0.049653354506292074,0.008981390696631763,0.01584312134619817,0.0078125,0.00919723910164192,0.054675246111604875,0.013119624616182414,0.045492866269778456,,,False,env_mean_t
capp,1000,48,64,phi_k16,0.010873279746156185,0.010151418763282708,0.011639258591237012,0.00037987162768498303,0.45140625,8,16000,8,0.002221318248521247,0.019525241243791125,0.0036589159955570426,0.02075700855789261,0.0078125,0.0030703538091932407,0.022872632378854715,0.004357782701961696,0.017862829550541935,,,False,env_mean_t
capp,1000,96,64,phi_k16,-0.011205153706483544,-0.012082186633185483,-0.010375349709158764,0.0004368792889473405,0.54453125,8,16000,8,-0.02168630223560837,-0.000724005177358716,0.004432479503694867,0.03934977234522397,0.03125,-0.02530924923559406,-0.002224048564998431,-0.019732125161215662,-0.003785982801765209,,,False,env_mean_t
capp,1000,128,64,phi_k16,-0.01638736641407013,-0.017445089409011415,-0.015356824957719074,0.0005310948321417509,0.56434375,8,16000,8,-0.03337832690151955,0.0006035940733792981,0.007185480093086463,0.056584328987184726,0.046875,-0.04075611228136083,-0.0032377464806491,-0.03060990210343152,-0.0045555754162138334,,,False,env_mean_t
capp,1000,192,64,phi_k16,-0.018823387428186834,-0.020066968681430444,-0.017587202668527608,0.0006325933951895967,0.5591875000000001,8,16000,8,-0.04287796190307066,0.005231187046696992,0.010172683655206927,0.10670669743203683,0.109375,-0.061777705302957744,-0.000617437670788,-0.03890876118000597,-0.0022057175934314726,,,False,env_mean_t
capp,1000,256,64,phi_k16,-0.01957122161798179,-0.02094495884695789,-0.0182100274710916,0.0006902464695177822,0.56271875,8,16000,8,-0.0477214521261594,0.008579008890195819,0.011904737291438983,0.14417853290213345,0.125,-0.09755972992505232,-0.0002071578822032405,-0.043634583488106726,-0.0010583315826952456,,,False,env_mean_t
capp,1000,384,64,phi_k16,-0.017010408844333143,-0.018452302148612213,-0.01554948143303627,0.0007420161591429354,0.53221875,8,16000,8,-0.04375764819532803,0.009736830506661746,0.01131141209136219,0.17633442266501534,0.1875,-0.07907186469566435,0.002004148502251644,-0.0400165926925838,0.0008192759152036127,,,False,env_mean_t
capp,1000,512,64,phi_k16,-0.009447129469597713,-0.010998103920381981,-0.007927119751984719,0.0007860691887516794,0.5079375,8,16000,8,-0.04304214226787488,0.024147883328679454,0.014207336652175476,0.5273762822003755,0.6875,-0.1363561753021916,0.012562906595932982,-0.03800167956389487,0.011573539801640435,,,False,env_mean_t
capp,1000,1000,64,phi_k16,0.04445149594079703,0.0428737832843035,0.046011157977569384,0.000805082352120682,0.3575625,8,16000,8,0.01034565430114126,0.0785573375804528,0.014423366256470753,0.017767687550477154,0.0078125,0.012084067830428702,0.08617898524772633,0.01957300686372912,0.07143745378011371,,,False,env_mean_t
capp,1000,32,64,phi_k4,0.028416368023026738,0.027382712276862002,0.029457890099333594,0.0005304696160713145,0.3834375,8,16000,8,0.007179405843474065,0.04965333020257941,0.008981114934115937,0.015839432923836303,0.0078125,0.009757201754259818,0.05637735776099903,0.012791179352439942,0.04547035446343943,,,False,env_mean_t
capp,1000,48,64,phi_k4,0.010873300004284828,0.01012833175729029,0.011617424852272962,0.0003765019905942597,0.45125000000000004,8,16000,8,0.002221358492302754,0.019525241516266903,0.0036589075436210317,0.02075664356354703,0.0078125,0.003522244429926151,0.02248848853995331,0.00454196910513565,0.017722044266294687,,,False,env_mean_t
capp,1000,96,64,phi_k4,-0.010494729089550674,-0.01135032990060281,-0.009654879189818165,0.0004363679754188934,0.52890625,8,16000,8,-0.021480685496802925,0.0004912273177015754,0.004645962841602523,0.058426764837758674,0.0859375,-0.026403134557824687,-0.0012206820502258155,-0.01941761802136898,-0.002242639549076557,,,False,env_mean_t
capp,1000,128,64,phi_k4,-0.015519673738628625,-0.016579203886934558,-0.01446507745683193,0.0005384125914853369,0.545625,8,16000,8,-0.033083400379626246,0.002044052902368993,0.007427702997280388,0.07503302507122134,0.1171875,-0.040956531199554,-0.0014496952097186946,-0.030366539665497835,-0.0026714959926903248,,,False,env_mean_t
capp,1000,192,64,phi_k4,-0.018960576514713466,-0.020206485839455852,-0.017716503549367192,0.0006346519494482274,0.56096875,8,16000,8,-0.042987218687325086,0.005066065657898154,0.010160871079803714,0.10428277055768118,0.109375,-0.0570079622279033,-0.00018542899465603946,-0.03970072631263173,-0.0026048797397874328,,,False,env_mean_t
capp,1000,256,64,phi_k4,-0.019110398093238473,-0.020463008470286145,-0.017778333965234924,0.000686453141604785,0.5526249999999999,8,16000,8,-0.04754223458318442,0.009321438396707477,0.012023828509241833,0.15599965692907838,0.125,-0.09561154242868565,0.0012961746003806104,-0.043851074669510125,-0.0004305348596535625,,,False,env_mean_t
capp,1000,384,64,phi_k4,-0.016314241365995262,-0.017789746707235463,-0.01484517166921869,0.0007581179808314471,0.5328125,8,16000,8,-0.044820643473986246,0.012192160741995726,0.012055362321852784,0.21803968902293266,0.2890625,-0.07669697388362412,0.005656976512935619,-0.040881591605022555,0.0034476830137194895,,,False,env_mean_t
capp,1000,512,64,phi_k4,-0.007270111011574043,-0.008883868599514243,-0.005692181288643042,0.0008109715060436094,0.5020625,8,16000,8,-0.04366028717568612,0.02912006515253803,0.015389411717147056,0.6510077190008505,0.75,-0.09877281252826088,0.018308509303529102,-0.0383223229702562,0.016838946826482393,,,False,env_mean_t
capp,1000,1000,64,phi_k4,0.05626834272200358,0.054743582416116994,0.0577784819917426,0.0007770852446205305,0.27425,8,16000,8,0.0174958711936608,0.09504081425034636,0.016396884833700782,0.010960663378853633,0.0078125,0.02429600645651135,0.11791583468951658,0.028068929415196182,0.08735892420334856,,,False,env_mean_t
capp,1000,32,64,refine_after_init,0.0,0.0,0.0,0.0,0.5,8,16000,8,0.0,0.0,0.0,1.0,1.0,0.0,0.0,0.0,0.0,,,False,env_mean_t
capp,1000,48,64,refine_after_init,0.0,0.0,0.0,0.0,0.5,8,16000,8,0.0,0.0,0.0,1.0,1.0,0.0,0.0,0.0,0.0,,,False,env_mean_t
capp,1000,96,64,refine_after_init,0.0,0.0,0.0,0.0,0.5,8,16000,8,0.0,0.0,0.0,1.0,1.0,0.0,0.0,0.0,0.0,,,False,env_mean_t
capp,1000,128,64,refine_after_init,0.0,0.0,0.0,0.0,0.5,8,16000,8,0.0,0.0,0.0,1.0,1.0,0.0,0.0,0.0,0.0,,,False,env_mean_t
capp,1000,192,64,refine_after_init,0.0,0.0,0.0,0.0,0.5,8,16000,8,0.0,0.0,0.0,1.0,1.0,0.0,0.0,0.0,0.0,,,False,env_mean_t
capp,1000,256,64,refine_after_init,0.0,0.0,0.0,0.0,0.5,8,16000,8,0.0,0.0,0.0,1.0,1.0,0.0,0.0,0.0,0.0,,,False,env_mean_t
capp,1000,384,64,refine_after_init,0.0,0.0,0.0,0.0,0.5,8,16000,8,0.0,0.0,0.0,1.0,1.0,0.0,0.0,0.0,0.0,,,False,env_mean_t
capp,1000,512,64,refine_after_init,0.0,0.0,0.0,0.0,0.5,8,16000,8,0.0,0.0,0.0,1.0,1.0,0.0,0.0,0.0,0.0,,,False,env_mean_t
capp,1000,1000,64,refine_after_init,0.0,0.0,0.0,0.0,0.5,8,16000,8,0.0,0.0,0.0,1.0,1.0,0.0,0.0,0.0,0.0,,,False,env_mean_t
