env_id,pool,variant,horizon,regret_range,informative,reservoir_sha256
glk30_GLK_npmle,GLK,npmle,50,0.007877499818801901,False,1b6ee9217e8971bed09548ed8a46e0c5f91f6a27e88a8885b3dd8bc02ebbd815
glk30_GLK_npmle,GLK,npmle,100,0.009670000076293999,False,1b6ee9217e8971bed09548ed8a46e0c5f91f6a27e88a8885b3dd8bc02ebbd815
glk30_GLK_npmle,GLK,npmle,200,0.008217499434948,False,1b6ee9217e8971bed09548ed8a46e0c5f91f6a27e88a8885b3dd8bc02ebbd815
glk30_GLK_npmle,GLK,npmle,500,0.0050050002336502,False,1b6ee9217e8971bed09548ed8a46e0c5f91f6a27e88a8885b3dd8bc02ebbd815
glk30_GLK_npmle,GLK,npmle,1000,0.0033575000166893,False,1b6ee9217e8971bed09548ed8a46e0c5f91f6a27e88a8885b3dd8bc02ebbd815
glk30_GLK_parametric,GLK,parametric,50,0.007594999432563795,False,347d6ecd8ce1d166daf028afbd3c1ae90f1139c75ea498718b1db8190ec58579
glk30_GLK_parametric,GLK,parametric,100,0.010819998562335897,True,347d6ecd8ce1d166daf028afbd3c1ae90f1139c75ea498718b1db8190ec58579
glk30_GLK_parametric,GLK,parametric,200,0.01426249957084659,True,347d6ecd8ce1d166daf028afbd3c1ae90f1139c75ea498718b1db8190ec58579
glk30_GLK_parametric,GLK,parametric,500,0.0184475004673004,True,347d6ecd8ce1d166daf028afbd3c1ae90f1139c75ea498718b1db8190ec58579
glk30_GLK_parametric,GLK,parametric,1000,0.024589999973773993,True,347d6ecd8ce1d166daf028afbd3c1ae90f1139c75ea498718b1db8190ec58579
glk30_GLK_raw,GLK,raw,50,0.018733332753181495,True,941f282399a7053f14c2efeba2e0b1e4916eb517400a2840c4eb8949cb78407f
glk30_GLK_raw,GLK,raw,100,0.0263333333730697,True,941f282399a7053f14c2efeba2e0b1e4916eb517400a2840c4eb8949cb78407f
glk30_GLK_raw,GLK,raw,200,0.029499998748302406,True,941f282399a7053f14c2efeba2e0b1e4916eb517400a2840c4eb8949cb78407f
glk30_GLK_raw,GLK,raw,500,0.035199997961521096,True,941f282399a7053f14c2efeba2e0b1e4916eb517400a2840c4eb8949cb78407f
glk30_GLK_raw,GLK,raw,1000,0.044999999463558205,True,941f282399a7053f14c2efeba2e0b1e4916eb517400a2840c4eb8949cb78407f
