env_id,pool,variant,horizon,k_star,corpus_n_envs,corpus_k_star_min,corpus_k_star_median,corpus_k_star_max,corpus_pct_below,corpus_pct_at_or_below,inside_corpus_range
glk_GLK_npmle,GLK,npmle,50,8,33,8.0,24.0,32.0,0.0,0.09090909090909091,True
glk_GLK_npmle,GLK,npmle,100,48,33,8.0,32.0,64.0,0.6666666666666666,0.8484848484848485,True
glk_GLK_npmle,GLK,npmle,200,8,33,12.0,48.0,128.0,0.0,0.0,False
glk_GLK_npmle,GLK,npmle,500,8,33,12.0,96.0,256.0,0.0,0.0,False
glk_GLK_npmle,GLK,npmle,1000,8,33,12.0,192.0,400.0,0.0,0.0,False
glk_GLK_parametric,GLK,parametric,50,8,33,8.0,24.0,32.0,0.0,0.09090909090909091,True
glk_GLK_parametric,GLK,parametric,100,12,33,8.0,32.0,64.0,0.030303030303030304,0.06060606060606061,True
glk_GLK_parametric,GLK,parametric,200,12,33,12.0,48.0,128.0,0.0,0.06060606060606061,True
glk_GLK_parametric,GLK,parametric,500,8,33,12.0,96.0,256.0,0.0,0.0,False
glk_GLK_parametric,GLK,parametric,1000,8,33,12.0,192.0,400.0,0.0,0.0,False
glk_GLK_raw,GLK,raw,50,8,33,8.0,24.0,32.0,0.0,0.09090909090909091,True
glk_GLK_raw,GLK,raw,100,8,33,8.0,32.0,64.0,0.0,0.030303030303030304,True
glk_GLK_raw,GLK,raw,200,24,33,12.0,48.0,128.0,0.09090909090909091,0.18181818181818182,True
glk_GLK_raw,GLK,raw,500,16,33,12.0,96.0,256.0,0.06060606060606061,0.06060606060606061,True
glk_GLK_raw,GLK,raw,1000,32,33,12.0,192.0,400.0,0.06060606060606061,0.12121212121212122,True
