level,split,env_id,horizon,cap,base_seed,alpha,c,b,n_envs,n_episodes,regret,regret_se,k_final,search_frac,is_argmin
env,val,beta_good_common,200,200,5008000,0.5,3.0,0.0,1,500,0.055088269710540774,0.002269023718988751,43.0,0.20707070707070716,False
env,val,beta_good_common,200,200,5008000,0.5,4.0,0.0,1,500,0.05690671193599701,0.0023718692203881417,57.0,0.2777777777777778,False
env,val,beta_good_common,200,200,5008000,0.5,3.0,2.0,1,500,0.05420661532878876,0.0022049695465781965,37.954,0.18158585858585857,False
env,val,beta_good_common,200,200,5008000,0.5,3.0,4.0,1,500,0.05229822158813477,0.002095301591693152,33.706,0.1601313131313131,False
env,val,beta_good_common,200,200,5008000,0.5,3.0,6.0,1,500,0.05355667233467102,0.0021750461312485224,29.878,0.14079797979797978,False
env,val,beta_good_common,200,200,5008000,0.5,3.0,8.0,1,500,0.05306878578662872,0.002115909384881108,26.43,0.12338383838383839,False
env,val,beta_good_common,200,200,5008000,0.5,4.0,4.0,1,500,0.05671187698841095,0.0022944352758625564,44.328,0.21377777777777776,False
env,val,beta_good_common,200,200,5008000,0.5,4.0,2.0,1,500,0.056356985807418825,0.0023570272359587727,50.252,0.2436969696969697,False
env,val,beta_good_common,200,200,5008000,0.5,4.0,6.0,1,500,0.054551782965660094,0.0021953573831023764,39.182,0.18778787878787878,False
env,val,beta_good_common,200,200,5008000,0.5,4.0,8.0,1,500,0.0516722936630249,0.0020000439351277556,34.788,0.16559595959595957,False
env,val,beta_good_common,200,200,5008000,0.5,6.0,0.0,1,500,0.06514140129089356,0.0025260764919486974,85.0,0.4191919191919193,False
env,val,beta_good_common,200,200,5008000,0.5,6.0,2.0,1,500,0.06056811463832855,0.002511258765534206,74.64,0.36686868686868684,False
env,val,beta_good_common,200,200,5008000,0.5,6.0,4.0,1,500,0.05924844944477081,0.002401259868233262,65.568,0.32105050505050503,False
env,val,beta_good_common,200,200,5008000,0.75,1.0,0.0,1,500,0.05803876256942749,0.0024038566590210485,54.0,0.2626262626262626,False
env,val,beta_good_common,200,200,5008000,0.5,8.0,0.0,1,500,0.07585723900794983,0.0029354525900146633,114.0,0.5656565656565657,False
env,val,beta_good_common,200,200,5008000,0.5,6.0,6.0,1,500,0.05820285499095917,0.002307363715319866,57.532,0.28046464646464647,False
env,val,beta_good_common,200,200,5008000,0.5,6.0,8.0,1,500,0.058342833757400514,0.0023406962265477135,50.566,0.2452828282828283,False
env,val,beta_good_common,200,200,5008000,0.75,1.0,2.0,1,500,0.057468414306640625,0.002305530847821582,47.284,0.22870707070707066,False
env,val,beta_good_common,200,200,5008000,0.5,8.0,2.0,1,500,0.06918073225021362,0.002594930087435637,99.078,0.4902929292929293,False
env,val,beta_good_common,200,200,5008000,0.5,8.0,4.0,1,500,0.06593624949455261,0.002572642978251402,86.586,0.4272020202020202,False
env,val,beta_good_common,200,200,5008000,0.5,8.0,6.0,1,500,0.06347482359409332,0.002513544117223118,75.748,0.37246464646464644,False
env,val,beta_good_common,200,200,5008000,0.5,8.0,8.0,1,500,0.05971714055538178,0.002506083502572239,66.586,0.3261919191919192,False
env,val,beta_good_common,200,200,5008000,0.75,1.0,4.0,1,500,0.05377719783782959,0.002146968231734359,41.772,0.20086868686868686,False
env,val,beta_good_common,200,200,5008000,0.75,1.0,6.0,1,500,0.053078264594078065,0.0020966889466821426,37.068,0.1771111111111111,False
env,val,beta_good_common,200,200,5008000,0.75,1.5,0.0,1,500,0.06451503956317901,0.002582897271073519,80.0,0.3939393939393939,False
env,val,beta_good_common,200,200,5008000,0.75,1.0,8.0,1,500,0.052091548085212706,0.002011786037006425,32.838,0.15574747474747475,False
env,val,beta_good_common,200,200,5008000,0.75,1.5,2.0,1,500,0.061066332817077636,0.0024636320840427483,70.278,0.34483838383838383,False
env,val,beta_good_common,200,200,5008000,0.75,1.5,4.0,1,500,0.05892639589309692,0.002389494257632475,61.796,0.302,False
env,val,beta_good_common,200,200,5008000,0.75,2.0,0.0,1,500,0.07505670154094696,0.0028948149293424484,107.0,0.5303030303030303,False
env,val,beta_good_common,200,200,5008000,0.75,1.5,6.0,1,500,0.05800838935375214,0.0022951243401990364,54.226,0.26376767676767676,False
env,val,beta_good_common,200,200,5008000,0.75,1.5,8.0,1,500,0.05600788629055023,0.002296928039047504,47.804,0.2313333333333333,False
env,val,beta_good_common,200,200,5008000,0.75,2.0,2.0,1,500,0.0684148154258728,0.0026371817317549294,93.266,0.4609393939393939,False
env,val,beta_good_common,200,200,5008000,0.75,2.0,6.0,1,500,0.05794414865970612,0.0024258228800159167,71.432,0.3506666666666666,False
env,val,beta_good_common,200,200,5008000,0.75,2.0,4.0,1,500,0.06322146368026733,0.0024386847331050363,81.606,0.4020505050505051,False
env,val,beta_rare_excellent,200,200,5053000,0.5,3.0,0.0,1,500,0.17439019995182753,0.005419166892278152,43.0,0.20707070707070716,False
env,val,beta_good_common,200,200,5008000,0.75,3.0,0.0,1,500,0.10498143374919891,0.003623812202604344,160.0,0.7979797979797978,False
env,val,beta_good_common,200,200,5008000,0.75,2.0,8.0,1,500,0.05898978877067566,0.0024066472430712927,62.706,0.3065959595959596,False
env,val,beta_rare_excellent,200,200,5053000,0.5,4.0,0.0,1,500,0.17765674840286375,0.005619938579054497,57.0,0.2777777777777778,False
env,val,beta_rare_excellent,200,200,5053000,0.5,3.0,2.0,1,500,0.1715789181739092,0.005670253050839865,68.98,0.3382828282828283,False
env,val,beta_rare_excellent,200,200,5053000,0.5,3.0,4.0,1,500,0.19480534958839416,0.006122093071254401,96.892,0.4792525252525252,False
env,val,beta_rare_excellent,200,200,5053000,0.5,3.0,6.0,1,500,0.18843232653290035,0.006014954822096703,123.84,0.6153535353535353,False
env,val,beta_rare_excellent,200,200,5053000,0.5,4.0,2.0,1,500,0.18985501239448785,0.005873188165236971,87.886,0.4337676767676768,False
env,val,beta_rare_excellent,200,200,5053000,0.5,4.0,4.0,1,500,0.19345047181099653,0.006048272127196025,117.984,0.5857777777777778,False
env,val,beta_rare_excellent,200,200,5053000,0.5,3.0,8.0,1,500,0.17559847126901149,0.005908523926174305,152.34,0.7592929292929294,False
env,val,beta_rare_excellent,200,200,5053000,0.5,6.0,0.0,1,500,0.17600343656539916,0.0058446908079709346,85.0,0.4191919191919193,False
env,val,beta_rare_excellent,200,200,5053000,0.5,4.0,6.0,1,500,0.17615187865495682,0.005896255335325048,149.22,0.7435353535353536,False
env,val,beta_good_common,200,200,5008000,0.75,3.0,2.0,1,500,0.09540337097644806,0.003587599340075491,139.244,0.6931515151515153,False
env,val,beta_good_common,200,200,5008000,0.75,3.0,4.0,1,500,0.07963033056259156,0.003000760701018068,121.218,0.602111111111111,False
env,val,beta_rare_excellent,200,200,5053000,0.5,4.0,8.0,1,500,0.1933827541526407,0.0060622571662480775,180.946,0.9037676767676767,False
env,val,beta_rare_excellent,200,200,5053000,0.5,6.0,2.0,1,500,0.1895630162730813,0.006034914442151236,121.992,0.606020202020202,False
env,val,beta_rare_excellent,200,200,5053000,0.5,8.0,0.0,1,500,0.1918252472281456,0.006044712523275648,114.0,0.5656565656565657,False
env,val,beta_good_common,200,200,5008000,0.75,3.0,8.0,1,500,0.06617470562458039,0.0025762586386686268,92.324,0.4561818181818182,False
env,val,beta_good_common,200,200,5008000,0.75,3.0,6.0,1,500,0.07095538234710694,0.0028141480580924374,105.768,0.524080808080808,False
env,val,beta_rare_excellent,200,200,5053000,0.5,6.0,4.0,1,500,0.17645107675157487,0.005956469277165716,158.882,0.7923333333333332,False
env,val,beta_rare_excellent,200,200,5053000,0.5,6.0,8.0,1,500,0.2903977231197059,0.006062809000652703,199.992,0.9999595959595959,False
env,val,beta_rare_excellent,200,200,5053000,0.75,1.0,0.0,1,500,0.17666667055338622,0.005491438720159889,54.0,0.2626262626262626,False
env,val,beta_rare_excellent,200,200,5053000,0.5,6.0,6.0,1,500,0.2471642822176218,0.0062210546642923505,193.272,0.9660202020202021,False
env,val,beta_rare_excellent,200,200,5053000,0.5,8.0,2.0,1,500,0.1766715160757303,0.005905256105240405,155.614,0.7758282828282829,False
env,val,beta_rare_excellent,200,200,5053000,0.5,8.0,4.0,1,500,0.25439820146001874,0.006238859009159869,195.096,0.9752323232323232,False
env,val,beta_rare_excellent,200,200,5053000,0.5,8.0,6.0,1,500,0.2903977231197059,0.006062809000652703,200.0,1.0,False
env,val,beta_rare_excellent,200,200,5053000,0.5,8.0,8.0,1,500,0.2903977231197059,0.006062809000652703,200.0,1.0,False
env,val,beta_rare_excellent,200,200,5053000,0.75,1.0,2.0,1,500,0.17678910579532384,0.005815059194465608,83.438,0.4113030303030304,False
env,val,beta_rare_excellent,200,200,5053000,0.75,1.0,4.0,1,500,0.1939612939581275,0.006039736647723474,113.0,0.5606060606060606,False
env,val,beta_rare_excellent,200,200,5053000,0.75,1.5,0.0,1,500,0.1718034899160266,0.005773857196338084,80.0,0.3939393939393939,False
env,val,beta_rare_excellent,200,200,5053000,0.75,1.0,6.0,1,500,0.18090140119194983,0.005998285408457706,143.284,0.7135555555555555,False
env,val,beta_rare_excellent,200,200,5053000,0.75,1.5,2.0,1,500,0.1949916507601738,0.006082698269745157,115.904,0.5752727272727273,False
env,val,beta_rare_excellent,200,200,5053000,0.75,1.0,8.0,1,500,0.182237550040707,0.005926344630504101,174.83,0.8728787878787879,False
env,val,beta_rare_excellent,200,200,5053000,0.75,2.0,0.0,1,500,0.19321286506205798,0.006080202381394332,107.0,0.5303030303030303,False
env,val,beta_rare_excellent,200,200,5053000,0.75,1.5,6.0,1,500,0.2133389056921005,0.006260580762047618,186.626,0.9324545454545455,False
env,val,beta_rare_excellent,200,200,5053000,0.75,1.5,4.0,1,500,0.17527785275876523,0.005905460877182899,151.652,0.7558181818181818,False
env,val,beta_rare_excellent,200,200,5053000,0.75,1.5,8.0,1,500,0.2903977231197059,0.006062809000652703,199.974,0.9998686868686868,False
env,val,beta_rare_excellent,200,200,5053000,0.75,3.0,0.0,1,500,0.17908531142026185,0.005971902277671644,160.0,0.7979797979797978,False
env,val,beta_rare_excellent,200,200,5053000,0.75,2.0,2.0,1,500,0.1790520726889372,0.005995034323205168,147.594,0.7353232323232324,False
env,val,beta_rare_excellent,200,200,5053000,0.75,2.0,4.0,1,500,0.21249012338370085,0.006188006624356565,187.248,0.9355959595959595,False
env,val,beta_rare_excellent,200,200,5053000,0.75,2.0,6.0,1,500,0.2903977231197059,0.006062809000652703,199.996,0.999979797979798,False
env,val,beta_rare_excellent,200,200,5053000,0.75,2.0,8.0,1,500,0.2903977231197059,0.006062809000652703,200.0,1.0,False
env,val,beta_mostly_mediocre,200,200,5038000,0.5,3.0,0.0,1,500,0.13343636685609817,0.004190766396421525,43.0,0.20707070707070716,False
env,val,beta_rare_excellent,200,200,5053000,0.75,3.0,2.0,1,500,0.2903977231197059,0.006062809000652703,199.994,0.999969696969697,False
env,val,beta_rare_excellent,200,200,5053000,0.75,3.0,8.0,1,500,0.2903977231197059,0.006062809000652703,200.0,1.0,False
env,val,beta_rare_excellent,200,200,5053000,0.75,3.0,4.0,1,500,0.2903977231197059,0.006062809000652703,200.0,1.0,False
env,val,beta_rare_excellent,200,200,5053000,0.75,3.0,6.0,1,500,0.2903977231197059,0.006062809000652703,200.0,1.0,False
env,val,beta_mostly_mediocre,200,200,5038000,0.5,3.0,2.0,1,500,0.13433850848674775,0.004303787015015791,48.458,0.23463636363636362,False
env,val,beta_mostly_mediocre,200,200,5038000,0.5,4.0,0.0,1,500,0.13440452420711518,0.004346110462161875,57.0,0.2777777777777778,False
env,val,beta_mostly_mediocre,200,200,5038000,0.5,3.0,4.0,1,500,0.13430058145523072,0.0042844921476825545,54.206,0.2636666666666666,False
env,val,beta_mostly_mediocre,200,200,5038000,0.5,3.0,6.0,1,500,0.13565119069814682,0.00429496142063631,59.994,0.2928989898989899,False
env,val,beta_mostly_mediocre,200,200,5038000,0.5,3.0,8.0,1,500,0.1361834389567375,0.004337939116764784,65.664,0.3215353535353535,False
env,val,beta_mostly_mediocre,200,200,5038000,0.5,4.0,2.0,1,500,0.1374261854290962,0.004374894157113827,63.56,0.31090909090909086,False
env,val,beta_mostly_mediocre,200,200,5038000,0.5,4.0,4.0,1,500,0.13476387411355972,0.0043068794863917615,69.884,0.3428484848484848,False
env,val,beta_mostly_mediocre,200,200,5038000,0.5,6.0,0.0,1,500,0.13951952868700027,0.004313537745853655,85.0,0.4191919191919193,False
env,val,beta_mostly_mediocre,200,200,5038000,0.5,4.0,6.0,1,500,0.13396967381238936,0.004282908817120437,76.15,0.37449494949494955,False
env,val,beta_mostly_mediocre,200,200,5038000,0.5,4.0,8.0,1,500,0.1386271048784256,0.004327207682629843,81.832,0.40319191919191916,False
env,val,beta_mostly_mediocre,200,200,5038000,0.5,6.0,2.0,1,500,0.14393563002347945,0.004468851310515832,92.424,0.4566868686868687,False
env,val,beta_mostly_mediocre,200,200,5038000,0.5,8.0,0.0,1,500,0.15730001372098923,0.004548144333275105,114.0,0.5656565656565657,False
env,val,beta_mostly_mediocre,200,200,5038000,0.5,6.0,4.0,1,500,0.1539354704618454,0.004530088515949247,98.89,0.48934343434343436,False
env,val,beta_mostly_mediocre,200,200,5038000,0.5,6.0,6.0,1,500,0.15079112750291823,0.004521078244505652,104.078,0.5155454545454545,False
env,val,beta_mostly_mediocre,200,200,5038000,0.75,1.0,0.0,1,500,0.13672233706712722,0.0044590962533985895,54.0,0.2626262626262626,False
env,val,beta_mostly_mediocre,200,200,5038000,0.5,6.0,8.0,1,500,0.1560673280954361,0.004556196478436086,108.686,0.5388181818181819,False
env,val,beta_mostly_mediocre,200,200,5038000,0.5,8.0,2.0,1,500,0.1620414344072342,0.004628873471303503,119.342,0.5926363636363636,False
env,val,beta_mostly_mediocre,200,200,5038000,0.5,8.0,4.0,1,500,0.16917621618509293,0.004749839374285072,124.23,0.6173232323232324,False
env,val,beta_mostly_mediocre,200,200,5038000,0.75,1.0,2.0,1,500,0.13577524852752684,0.004373140852034675,60.006,0.292959595959596,False
env,val,beta_mostly_mediocre,200,200,5038000,0.5,8.0,6.0,1,500,0.16820358622074127,0.004761282176466081,128.48,0.6387878787878788,False
env,val,beta_mostly_mediocre,200,200,5038000,0.5,8.0,8.0,1,500,0.16870702219009398,0.004867194338683064,131.876,0.6559393939393939,False
env,val,beta_mostly_mediocre,200,200,5038000,0.75,1.0,4.0,1,500,0.13652351754903794,0.004301837742600075,66.266,0.32457575757575763,False
env,val,beta_mostly_mediocre,200,200,5038000,0.75,1.5,0.0,1,500,0.13288287764787673,0.0042256230036331385,80.0,0.3939393939393939,False
env,val,beta_mostly_mediocre,200,200,5038000,0.75,1.0,6.0,1,500,0.1337161654829979,0.004260691393190569,72.384,0.3554747474747475,False
env,val,beta_mostly_mediocre,200,200,5038000,0.75,1.0,8.0,1,500,0.13470187652111054,0.004265566548722089,78.206,0.3848787878787879,False
env,val,beta_mostly_mediocre,200,200,5038000,0.75,1.5,2.0,1,500,0.14040470331907273,0.004327779770953197,87.388,0.4312525252525252,False
env,val,beta_mostly_mediocre,200,200,5038000,0.75,1.5,4.0,1,500,0.14448119223117828,0.004393866072146279,93.898,0.4641313131313132,False
env,val,beta_mostly_mediocre,200,200,5038000,0.75,1.5,6.0,1,500,0.15380451941490172,0.004566240764159439,99.7,0.4934343434343434,False
env,val,beta_mostly_mediocre,200,200,5038000,0.75,2.0,0.0,1,500,0.15249558281898498,0.004487392620627369,107.0,0.5303030303030303,False
env,val,beta_mostly_mediocre,200,200,5038000,0.75,1.5,8.0,1,500,0.1521128077507019,0.004504670434599299,104.368,0.5170101010101009,False
env,val,beta_mostly_mediocre,200,200,5038000,0.75,2.0,2.0,1,500,0.15515830790996551,0.004532000044279088,112.998,0.5605959595959595,False
env,val,beta_mostly_mediocre,200,200,5038000,0.75,3.0,0.0,1,500,0.1792724660038948,0.004799193111183636,160.0,0.7979797979797978,False
env,val,beta_mostly_mediocre,200,200,5038000,0.75,2.0,6.0,1,500,0.16605987447500228,0.004768811581251649,122.694,0.6095656565656565,False
env,val,beta_mostly_mediocre,200,200,5038000,0.75,2.0,4.0,1,500,0.16371395015716553,0.0046753684500641665,118.224,0.5869898989898991,False
env,val,beta_mostly_mediocre,200,200,5038000,0.75,2.0,8.0,1,500,0.16611577832698823,0.0047445525282790646,126.512,0.6288484848484849,False
env,val,beta_mostly_mediocre,200,200,5038000,0.75,3.0,2.0,1,500,0.18107339131832123,0.0048614598337784224,162.876,0.8125050505050506,False
env,val,beta_skewed,200,200,5068000,0.5,3.0,0.0,1,500,0.175792290776968,0.006738862389851965,43.0,0.20707070707070716,False
env,val,beta_mostly_mediocre,200,200,5038000,0.75,3.0,4.0,1,500,0.18593357503414154,0.004877867385661193,165.214,0.8243131313131313,False
env,val,beta_mostly_mediocre,200,200,5038000,0.75,3.0,6.0,1,500,0.19171704041957854,0.004788276325377006,167.378,0.8352424242424242,False
env,val,beta_mostly_mediocre,200,200,5038000,0.75,3.0,8.0,1,500,0.19204554432630538,0.004812395044871664,168.968,0.8432727272727273,False
env,val,beta_skewed,200,200,5068000,0.5,3.0,2.0,1,500,0.1469651902616024,0.006111911258121627,64.796,0.31715151515151513,False
env,val,beta_skewed,200,200,5068000,0.5,3.0,4.0,1,500,0.15660474732518195,0.006842154760561119,88.796,0.4383636363636364,False
env,val,beta_skewed,200,200,5068000,0.5,4.0,0.0,1,500,0.15444030806422235,0.006348434522013514,57.0,0.2777777777777778,False
env,val,beta_skewed,200,200,5068000,0.5,3.0,6.0,1,500,0.14408953255414964,0.006543631264819726,110.704,0.549010101010101,False
env,val,beta_skewed,200,200,5068000,0.5,6.0,0.0,1,500,0.1605486588180065,0.006892588061407123,85.0,0.4191919191919193,False
env,val,beta_skewed,200,200,5068000,0.5,4.0,4.0,1,500,0.14713421466946602,0.006589217890151739,108.372,0.5372323232323232,False
env,val,beta_skewed,200,200,5068000,0.5,3.0,8.0,1,500,0.1390464797914028,0.006239957884415319,134.418,0.6687777777777778,False
env,val,beta_skewed,200,200,5068000,0.5,4.0,2.0,1,500,0.16447689214348793,0.007025142433674279,83.408,0.4111515151515151,False
env,val,beta_skewed,200,200,5068000,0.5,4.0,6.0,1,500,0.14077162578701974,0.006253165522007647,134.474,0.6690606060606061,False
env,val,beta_skewed,200,200,5068000,0.5,6.0,2.0,1,500,0.14211482378840445,0.006444944908196782,116.086,0.5761919191919191,False
env,val,beta_skewed,200,200,5068000,0.5,4.0,8.0,1,500,0.1801767305135727,0.007233517510746515,164.956,0.823010101010101,False
env,val,beta_skewed,200,200,5068000,0.5,6.0,4.0,1,500,0.13844799026846885,0.0063314074324495135,148.24,0.7385858585858587,False
env,val,beta_skewed,200,200,5068000,0.5,8.0,0.0,1,500,0.1423931763470173,0.006465880182867307,114.0,0.5656565656565657,False
env,val,beta_skewed,200,200,5068000,0.5,6.0,6.0,1,500,0.24309743914008142,0.008467496996714763,181.26,0.9053535353535354,False
env,val,beta_skewed,200,200,5068000,0.5,6.0,8.0,1,500,0.42287239665538073,0.009248416950656839,199.686,0.9984141414141413,False
env,val,beta_skewed,200,200,5068000,0.75,1.0,0.0,1,500,0.15229935982823373,0.006260965035428536,54.0,0.2626262626262626,False
env,val,beta_skewed,200,200,5068000,0.5,8.0,2.0,1,500,0.14229012885689735,0.006511467254355767,149.682,0.7458686868686868,False
env,val,beta_skewed,200,200,5068000,0.5,8.0,4.0,1,500,0.2761531135290861,0.00881406402858296,186.258,0.9305959595959595,False
env,val,beta_skewed,200,200,5068000,0.75,1.0,2.0,1,500,0.15569780769944191,0.006781550265160407,79.246,0.39013131313131316,False
env,val,beta_skewed,200,200,5068000,0.5,8.0,6.0,1,500,0.429478360414505,0.009275807031817134,200.0,1.0,False
env,val,beta_skewed,200,200,5068000,0.5,8.0,8.0,1,500,0.429478360414505,0.009275807031817134,200.0,1.0,False
env,val,beta_skewed,200,200,5068000,0.75,1.0,4.0,1,500,0.15076913434267045,0.006820107323847521,103.754,0.513909090909091,False
env,val,beta_skewed,200,200,5068000,0.75,1.5,0.0,1,500,0.15593620133399963,0.0068104413531243175,80.0,0.3939393939393939,False
env,val,beta_skewed,200,200,5068000,0.75,1.0,6.0,1,500,0.13602373990416528,0.0061627306891563535,128.358,0.6381717171717171,False
env,val,beta_skewed,200,200,5068000,0.75,1.0,8.0,1,500,0.15341489830613136,0.006879548954314322,157.984,0.7877979797979799,False
env,val,beta_skewed,200,200,5068000,0.75,1.5,2.0,1,500,0.14485602661967278,0.006585267465031181,110.306,0.547,False
env,val,beta_skewed,200,200,5068000,0.75,1.5,6.0,1,500,0.20454958780109883,0.007746480657706042,173.712,0.8672323232323234,False
env,val,beta_skewed,200,200,5068000,0.75,1.5,4.0,1,500,0.14068623858690263,0.006229395658155597,140.832,0.7011717171717171,False
env,val,beta_skewed,200,200,5068000,0.75,2.0,0.0,1,500,0.1490277963876724,0.006674078797831422,107.0,0.5303030303030303,False
env,val,beta_skewed,200,200,5068000,0.75,1.5,8.0,1,500,0.41146857548691335,0.009278913649143029,198.29,0.9913636363636362,False
env,val,tail_b0.5_mu1.0_c1.0,200,200,5203000,0.5,3.0,0.0,1,500,0.010018077254295349,0.0006956559907599277,43.0,0.20707070707070716,False
env,val,beta_skewed,200,200,5068000,0.75,3.0,0.0,1,500,0.16000794246792793,0.006896474176375299,160.0,0.7979797979797978,False
env,val,tail_b0.5_mu1.0_c1.0,200,200,5203000,0.5,3.0,2.0,1,500,0.009663661003112793,0.0006480837687940298,38.656,0.18513131313131312,False
env,val,beta_skewed,200,200,5068000,0.75,2.0,2.0,1,500,0.14021289229393005,0.006232926568359894,141.54,0.7047474747474748,False
env,val,beta_skewed,200,200,5068000,0.75,2.0,6.0,1,500,0.4260025756061077,0.009298175934356457,199.888,0.9994343434343435,False
env,val,beta_skewed,200,200,5068000,0.75,2.0,4.0,1,500,0.20994719323515892,0.008087611263409584,177.688,0.8873131313131313,False
env,val,beta_skewed,200,200,5068000,0.75,2.0,8.0,1,500,0.429478360414505,0.009275807031817134,200.0,1.0,False
env,val,tail_b0.5_mu1.0_c1.0,200,200,5203000,0.5,3.0,4.0,1,500,0.009662914752960204,0.0006207468889762297,34.692,0.1651111111111111,False
env,val,tail_b0.5_mu1.0_c1.0,200,200,5203000,0.5,3.0,6.0,1,500,0.009876060366630555,0.0006524138424714601,31.214,0.14754545454545456,False
env,val,tail_b0.5_mu1.0_c1.0,200,200,5203000,0.5,4.0,0.0,1,500,0.009760445833206177,0.0006214173389658039,57.0,0.2777777777777778,False
env,val,tail_b0.5_mu1.0_c1.0,200,200,5203000,0.5,3.0,8.0,1,500,0.010084963917732238,0.0006790346599989492,27.75,0.13005050505050506,False
env,val,tail_b0.5_mu1.0_c1.0,200,200,5203000,0.5,4.0,6.0,1,500,0.01022072732448578,0.0006681214552473741,41.266,0.19831313131313133,False
env,val,beta_skewed,200,200,5068000,0.75,3.0,2.0,1,500,0.4206113316062838,0.009304360764709379,199.658,0.9982727272727271,False
env,val,tail_b0.5_mu1.0_c1.0,200,200,5203000,0.5,4.0,2.0,1,500,0.01025277352333069,0.000651395285322686,51.362,0.24930303030303028,False
env,val,tail_b0.5_mu1.0_c1.0,200,200,5203000,0.5,4.0,4.0,1,500,0.009599931240081787,0.0006751656245314025,46.174,0.2231010101010101,False
env,val,beta_skewed,200,200,5068000,0.75,3.0,4.0,1,500,0.429478360414505,0.009275807031817134,200.0,1.0,False
env,val,beta_skewed,200,200,5068000,0.75,3.0,6.0,1,500,0.429478360414505,0.009275807031817134,200.0,1.0,False
env,val,tail_b0.5_mu1.0_c1.0,200,200,5203000,0.5,4.0,8.0,1,500,0.009673850417137145,0.000638977012880076,36.666,0.1750808080808081,False
env,val,tail_b0.5_mu1.0_c1.0,200,200,5203000,0.5,6.0,0.0,1,500,0.011709735870361329,0.0007693895935105798,85.0,0.4191919191919193,False
env,val,tail_b0.5_mu1.0_c1.0,200,200,5203000,0.5,6.0,2.0,1,500,0.010249157309532166,0.0006196797223480572,76.598,0.37675757575757574,False
env,val,beta_skewed,200,200,5068000,0.75,3.0,8.0,1,500,0.429478360414505,0.009275807031817134,200.0,1.0,False
env,val,tail_b0.5_mu1.0_c1.0,200,200,5203000,0.5,6.0,4.0,1,500,0.010357010245323182,0.0006275608583751022,68.618,0.33645454545454545,False
env,val,tail_b0.5_mu1.0_c1.0,200,200,5203000,0.5,8.0,0.0,1,500,0.015327198147773743,0.0010458637480115027,114.0,0.5656565656565657,False
env,val,tail_b0.5_mu1.0_c1.0,200,200,5203000,0.75,1.0,0.0,1,500,0.010863310217857362,0.0006745027340295942,54.0,0.2626262626262626,False
env,val,tail_b0.5_mu1.0_c1.0,200,200,5203000,0.5,6.0,6.0,1,500,0.01010419535636902,0.0006164098013987125,61.408,0.30004040404040405,False
env,val,tail_b0.5_mu1.0_c1.0,200,200,5203000,0.5,8.0,2.0,1,500,0.012909327507019043,0.0007946385167713764,101.942,0.5047575757575757,False
env,val,tail_b0.5_mu1.0_c1.0,200,200,5203000,0.5,6.0,8.0,1,500,0.010552574634552002,0.0007613136221844629,55.186,0.2686161616161616,False
env,val,tail_b0.5_mu1.0_c1.0,200,200,5203000,0.5,8.0,4.0,1,500,0.012688071012496948,0.0008359233838936096,91.302,0.451020202020202,False
env,val,tail_b0.5_mu1.0_c1.0,200,200,5203000,0.5,8.0,6.0,1,500,0.011741391539573669,0.0007488069675737917,81.866,0.40336363636363637,False
env,val,tail_b0.5_mu1.0_c1.0,200,200,5203000,0.75,1.0,2.0,1,500,0.01051732563972473,0.000738304683046609,48.322,0.2339494949494949,False
env,val,tail_b0.5_mu1.0_c1.0,200,200,5203000,0.5,8.0,8.0,1,500,0.011180969119071961,0.0006947389522076924,73.13,0.35924242424242425,False
env,val,tail_b0.5_mu1.0_c1.0,200,200,5203000,0.75,1.0,4.0,1,500,0.01096012806892395,0.0007662107230503927,43.45,0.20934343434343436,False
env,val,tail_b0.5_mu1.0_c1.0,200,200,5203000,0.75,1.0,8.0,1,500,0.010312326669692994,0.0007142967399690493,34.62,0.16474747474747475,False
env,val,tail_b0.5_mu1.0_c1.0,200,200,5203000,0.75,1.0,6.0,1,500,0.009988993287086486,0.0006837653304577308,38.79,0.18580808080808078,False
env,val,tail_b0.5_mu1.0_c1.0,200,200,5203000,0.75,1.5,0.0,1,500,0.011369545578956603,0.0007116678306817405,80.0,0.3939393939393939,False
env,val,tail_b0.5_mu1.0_c1.0,200,200,5203000,0.75,2.0,0.0,1,500,0.0151209716796875,0.000931821265823635,107.0,0.5303030303030303,False
env,val,tail_b0.5_mu1.0_c1.0,200,200,5203000,0.75,1.5,4.0,1,500,0.010538066506385804,0.0007116764675310398,64.46,0.31545454545454543,False
env,val,tail_b0.5_mu1.0_c1.0,200,200,5203000,0.75,1.5,2.0,1,500,0.01141566824913025,0.0007421151198944594,71.99,0.3534848484848485,False
env,val,tail_b0.5_mu1.0_c1.0,200,200,5203000,0.75,1.5,6.0,1,500,0.010607568621635437,0.0007486916240010351,57.918,0.2824141414141414,False
env,val,tail_b0.5_mu1.0_c1.0,200,200,5203000,0.75,2.0,2.0,1,500,0.012506389379501343,0.0008368613061520561,95.818,0.4738282828282828,False
env,val,tail_b0.5_mu1.0_c1.0,200,200,5203000,0.75,1.5,8.0,1,500,0.009804776191711426,0.0006651752961967488,51.67,0.25085858585858584,False
env,val,tail_b0.5_mu1.0_c1.0,200,200,5203000,0.75,2.0,4.0,1,500,0.012524371027946473,0.000873243344634856,85.958,0.42403030303030304,False
env,val,tail_b0.5_mu1.0_c1.0,200,200,5203000,0.75,2.0,6.0,1,500,0.011698041081428528,0.0008028444877062587,76.946,0.3785151515151515,False
env,val,tail_b2.0_mu1.0_c1.0,200,200,5368000,0.5,3.0,0.0,1,500,0.10617960220575333,0.0043624815620244475,43.0,0.20707070707070716,False
env,val,tail_b0.5_mu1.0_c1.0,200,200,5203000,0.75,2.0,8.0,1,500,0.01001897120475769,0.0006141411133047962,68.596,0.33634343434343433,False
env,val,tail_b0.5_mu1.0_c1.0,200,200,5203000,0.75,3.0,0.0,1,500,0.030832073450088503,0.0021319090854453955,160.0,0.7979797979797978,False
env,val,tail_b0.5_mu1.0_c1.0,200,200,5203000,0.75,3.0,2.0,1,500,0.02371280312538147,0.0017233964627674065,143.486,0.7145757575757575,False
env,val,tail_b2.0_mu1.0_c1.0,200,200,5368000,0.5,3.0,2.0,1,500,0.0952713075876236,0.0041714194004867835,52.592,0.25551515151515153,False
env,val,tail_b0.5_mu1.0_c1.0,200,200,5203000,0.75,3.0,4.0,1,500,0.020027496337890624,0.0013043165912938195,128.588,0.6393333333333334,False
env,val,tail_b2.0_mu1.0_c1.0,200,200,5368000,0.5,4.0,0.0,1,500,0.09332991659641265,0.004175526069625568,57.0,0.2777777777777778,False
env,val,tail_b2.0_mu1.0_c1.0,200,200,5368000,0.5,3.0,6.0,1,500,0.0852413553595543,0.003998690772857111,72.834,0.3577474747474747,False
env,val,tail_b2.0_mu1.0_c1.0,200,200,5368000,0.5,3.0,8.0,1,500,0.08512004935741424,0.003918923443975827,84.09,0.4145959595959596,False
env,val,tail_b2.0_mu1.0_c1.0,200,200,5368000,0.5,3.0,4.0,1,500,0.08617866080999374,0.0040389451985079275,62.152,0.3037979797979798,False
env,val,tail_b0.5_mu1.0_c1.0,200,200,5203000,0.75,3.0,8.0,1,500,0.014203137516975403,0.0009164519899742924,102.802,0.50910101010101,False
env,val,tail_b0.5_mu1.0_c1.0,200,200,5203000,0.75,3.0,6.0,1,500,0.015517887592315673,0.0010004023531432623,115.088,0.5711515151515151,False
env,val,tail_b2.0_mu1.0_c1.0,200,200,5368000,0.5,4.0,2.0,1,500,0.08612884777784348,0.004079122693301716,68.346,0.3350808080808081,False
env,val,tail_b2.0_mu1.0_c1.0,200,200,5368000,0.5,4.0,4.0,1,500,0.08781257748603821,0.004154638677794746,80.34,0.39565656565656565,False
env,val,tail_b2.0_mu1.0_c1.0,200,200,5368000,0.5,6.0,0.0,1,500,0.08652632212638856,0.004032914283935765,85.0,0.4191919191919193,False
env,val,tail_b2.0_mu1.0_c1.0,200,200,5368000,0.5,4.0,6.0,1,500,0.0858199634552002,0.00389790823553725,93.456,0.46189898989898986,False
env,val,tail_b2.0_mu1.0_c1.0,200,200,5368000,0.5,6.0,2.0,1,500,0.08816936922073364,0.003946672024370051,100.324,0.4965858585858586,False
env,val,tail_b2.0_mu1.0_c1.0,200,200,5368000,0.5,4.0,8.0,1,500,0.09070611494779587,0.004276905756707539,107.554,0.5331010101010102,False
env,val,tail_b2.0_mu1.0_c1.0,200,200,5368000,0.5,8.0,0.0,1,500,0.09772272604703904,0.004480210803778527,114.0,0.5656565656565657,False
env,val,tail_b2.0_mu1.0_c1.0,200,200,5368000,0.5,6.0,4.0,1,500,0.1022503816485405,0.004829392975048758,115.932,0.5754141414141415,False
env,val,tail_b2.0_mu1.0_c1.0,200,200,5368000,0.5,6.0,8.0,1,500,0.13256760682165622,0.005777354673103899,145.548,0.724989898989899,False
env,val,tail_b2.0_mu1.0_c1.0,200,200,5368000,0.75,1.0,0.0,1,500,0.09564831954240799,0.004157551316526184,54.0,0.2626262626262626,False
env,val,tail_b2.0_mu1.0_c1.0,200,200,5368000,0.5,6.0,6.0,1,500,0.11474577367305755,0.005181728361118585,130.448,0.6487272727272727,False
env,val,tail_b2.0_mu1.0_c1.0,200,200,5368000,0.5,8.0,2.0,1,500,0.11456135046482087,0.005149881234031528,130.918,0.6511010101010102,False
env,val,tail_b2.0_mu1.0_c1.0,200,200,5368000,0.5,8.0,4.0,1,500,0.13510181786119937,0.005880443772273272,148.102,0.7378888888888889,False
env,val,tail_b2.0_mu1.0_c1.0,200,200,5368000,0.5,8.0,6.0,1,500,0.17169188022613524,0.006653860940335723,165.24,0.8244444444444443,False
env,val,tail_b2.0_mu1.0_c1.0,200,200,5368000,0.5,8.0,8.0,1,500,0.23821357960999012,0.008186227022786619,181.272,0.9054141414141413,False
env,val,tail_b2.0_mu1.0_c1.0,200,200,5368000,0.75,1.0,4.0,1,500,0.0843949021100998,0.003885162855183945,76.024,0.37385858585858583,False
env,val,tail_b2.0_mu1.0_c1.0,200,200,5368000,0.75,1.5,0.0,1,500,0.08866678273677826,0.004103277973660743,80.0,0.3939393939393939,False
env,val,tail_b2.0_mu1.0_c1.0,200,200,5368000,0.75,1.0,6.0,1,500,0.08450113451480866,0.003893436980622038,88.432,0.43652525252525254,False
env,val,tail_b2.0_mu1.0_c1.0,200,200,5368000,0.75,1.0,2.0,1,500,0.08676986461877823,0.004107651308732885,64.56,0.31595959595959594,False
env,val,tail_b2.0_mu1.0_c1.0,200,200,5368000,0.75,1.0,8.0,1,500,0.08761657893657684,0.003877513449371286,101.862,0.5043535353535353,False
env,val,tail_b2.0_mu1.0_c1.0,200,200,5368000,0.75,1.5,2.0,1,500,0.09242775535583496,0.004043968738853921,94.604,0.4676969696969697,False
env,val,tail_b2.0_mu1.0_c1.0,200,200,5368000,0.75,1.5,4.0,1,500,0.09389121812582016,0.004353432283058228,109.9,0.544949494949495,False
env,val,tail_b2.0_mu1.0_c1.0,200,200,5368000,0.75,2.0,0.0,1,500,0.09881591385602952,0.0045107005808654975,107.0,0.5303030303030303,False
env,val,tail_b2.0_mu1.0_c1.0,200,200,5368000,0.75,1.5,6.0,1,500,0.11309198665618897,0.005152693578166781,124.394,0.6181515151515152,False
env,val,tail_b2.0_mu1.0_c1.0,200,200,5368000,0.75,1.5,8.0,1,500,0.12261892695724964,0.005503091735294949,138.636,0.6900808080808081,False
env,val,tail_b2.0_mu1.0_c1.0,200,200,5368000,0.75,3.0,0.0,1,500,0.14616485100984572,0.005873531343218357,160.0,0.7979797979797978,False
env,val,tail_b8.0_mu1.0_c1.0,200,200,5473000,0.5,3.0,0.0,1,500,0.17194364219903946,0.005785947783258121,43.0,0.20707070707070716,False
env,val,tail_b2.0_mu1.0_c1.0,200,200,5368000,0.75,2.0,2.0,1,500,0.10901377683877946,0.004927214244500539,123.82,0.6152525252525254,False
env,val,tail_b2.0_mu1.0_c1.0,200,200,5368000,0.75,2.0,4.0,1,500,0.12428344888985157,0.00546652084072043,140.3,0.6984848484848485,False
env,val,tail_b2.0_mu1.0_c1.0,200,200,5368000,0.75,2.0,8.0,1,500,0.1915284893512726,0.006804094386386822,173.41,0.8657070707070706,False
env,val,tail_b2.0_mu1.0_c1.0,200,200,5368000,0.75,2.0,6.0,1,500,0.14783753818273546,0.005949819299715741,157.072,0.7831919191919192,False
env,val,tail_b2.0_mu1.0_c1.0,200,200,5368000,0.75,3.0,2.0,1,500,0.21016455337405204,0.007070086605852377,180.224,0.9001212121212121,False
env,val,tail_b2.0_mu1.0_c1.0,200,200,5368000,0.75,3.0,8.0,1,500,0.42100605415552855,0.010404884746213155,199.95,0.9997474747474747,False
env,val,tail_b2.0_mu1.0_c1.0,200,200,5368000,0.75,3.0,4.0,1,500,0.3584399827718735,0.00988310289158489,196.878,0.9842323232323232,False
env,val,tail_b8.0_mu1.0_c1.0,200,200,5473000,0.5,4.0,0.0,1,500,0.17641028171032666,0.005922355450269501,57.0,0.2777777777777778,False
env,val,tail_b2.0_mu1.0_c1.0,200,200,5368000,0.75,3.0,6.0,1,500,0.415983085013926,0.01028628443382114,199.71,0.9985353535353535,False
env,val,tail_b8.0_mu1.0_c1.0,200,200,5473000,0.5,3.0,2.0,1,500,0.16932263535633682,0.005917093473188456,68.166,0.33417171717171723,False
env,val,tail_b8.0_mu1.0_c1.0,200,200,5473000,0.5,3.0,4.0,1,500,0.20076501443609596,0.006227913178317628,95.426,0.47184848484848485,False
env,val,tail_b8.0_mu1.0_c1.0,200,200,5473000,0.5,3.0,6.0,1,500,0.1916134779676795,0.006077630409410542,121.748,0.6047878787878788,False
env,val,tail_b8.0_mu1.0_c1.0,200,200,5473000,0.5,4.0,4.0,1,500,0.19259222153946756,0.0059633164476826485,116.43,0.5779292929292928,False
env,val,tail_b8.0_mu1.0_c1.0,200,200,5473000,0.5,6.0,0.0,1,500,0.18805415215343238,0.005908192254327587,85.0,0.4191919191919193,False
env,val,tail_b8.0_mu1.0_c1.0,200,200,5473000,0.5,3.0,8.0,1,500,0.18435112415254115,0.006108043770719176,149.4,0.7444444444444444,False
env,val,tail_b8.0_mu1.0_c1.0,200,200,5473000,0.5,4.0,2.0,1,500,0.1952638885229826,0.006052732471512699,87.052,0.4295555555555555,False
env,val,tail_b8.0_mu1.0_c1.0,200,200,5473000,0.5,4.0,6.0,1,500,0.18662560534477235,0.006151431063906905,146.822,0.7314242424242424,False
env,val,tail_b8.0_mu1.0_c1.0,200,200,5473000,0.5,4.0,8.0,1,500,0.2135576444864273,0.006305251246839454,178.258,0.8901919191919192,False
env,val,tail_b8.0_mu1.0_c1.0,200,200,5473000,0.5,8.0,0.0,1,500,0.196593118917197,0.006027589078817684,114.0,0.5656565656565657,False
env,val,tail_b8.0_mu1.0_c1.0,200,200,5473000,0.5,6.0,4.0,1,500,0.1875038035362959,0.006098818315525966,157.084,0.7832525252525252,False
env,val,tail_b8.0_mu1.0_c1.0,200,200,5473000,0.5,6.0,2.0,1,500,0.19233676981553435,0.006083971987391958,121.07,0.6013636363636364,False
env,val,tail_b8.0_mu1.0_c1.0,200,200,5473000,0.75,1.0,0.0,1,500,0.1740876311585307,0.005805227842582607,54.0,0.2626262626262626,False
env,val,tail_b8.0_mu1.0_c1.0,200,200,5473000,0.5,6.0,6.0,1,500,0.25438087388128044,0.006535592517837846,190.928,0.9541818181818182,False
env,val,tail_b8.0_mu1.0_c1.0,200,200,5473000,0.5,6.0,8.0,1,500,0.3221344615947455,0.005845742825747221,199.996,0.999979797979798,False
env,val,tail_b8.0_mu1.0_c1.0,200,200,5473000,0.5,8.0,2.0,1,500,0.18641275370121002,0.006186840337979096,154.564,0.7705252525252526,False
env,val,tail_b8.0_mu1.0_c1.0,200,200,5473000,0.5,8.0,4.0,1,500,0.26772933200001714,0.006554773211302992,193.288,0.9661010101010101,False
env,val,tail_b8.0_mu1.0_c1.0,200,200,5473000,0.5,8.0,8.0,1,500,0.3221344615947455,0.005845742825747221,200.0,1.0,False
env,val,tail_b8.0_mu1.0_c1.0,200,200,5473000,0.5,8.0,6.0,1,500,0.3221344615947455,0.005845742825747221,200.0,1.0,False
env,val,tail_b8.0_mu1.0_c1.0,200,200,5473000,0.75,1.0,2.0,1,500,0.18525972244143485,0.005838157572662833,82.64,0.40727272727272723,False
env,val,tail_b8.0_mu1.0_c1.0,200,200,5473000,0.75,1.0,4.0,1,500,0.1963535746447742,0.005968548882789261,111.468,0.5528686868686868,False
env,val,tail_b8.0_mu1.0_c1.0,200,200,5473000,0.75,1.5,0.0,1,500,0.1828974270671606,0.005842818185659034,80.0,0.3939393939393939,False
env,val,tail_b8.0_mu1.0_c1.0,200,200,5473000,0.75,1.5,2.0,1,500,0.1944122745357454,0.005982669343828758,115.026,0.5708383838383838,False
env,val,tail_b8.0_mu1.0_c1.0,200,200,5473000,0.75,1.0,6.0,1,500,0.1885212750583887,0.006223096649151425,140.958,0.7018080808080809,False
env,val,tail_b8.0_mu1.0_c1.0,200,200,5473000,0.75,2.0,0.0,1,500,0.19741712461039423,0.006092985987491451,107.0,0.5303030303030303,False
env,val,tail_b8.0_mu1.0_c1.0,200,200,5473000,0.75,1.0,8.0,1,500,0.19858131496235729,0.006193327334591487,172.1,0.8590909090909091,False
env,val,tail_b8.0_mu1.0_c1.0,200,200,5473000,0.75,1.5,4.0,1,500,0.1850753836631775,0.006118677465155505,149.846,0.7466969696969697,False
env,val,tail_b8.0_mu1.0_c1.0,200,200,5473000,0.75,1.5,8.0,1,500,0.32230504545383154,0.005851823403248207,199.91,0.9995454545454545,False
env,val,tail_b8.0_mu1.0_c1.0,200,200,5473000,0.75,1.5,6.0,1,500,0.2302157002687454,0.0064135967069687974,184.264,0.9205252525252525,False
env,val,tail_b8.0_mu1.0_c1.0,200,200,5473000,0.75,3.0,0.0,1,500,0.19152957151830197,0.006092139899313089,160.0,0.7979797979797978,False
env,val,tail_b8.0_mu1.0_c1.0,200,200,5473000,0.75,2.0,2.0,1,500,0.18806206768751144,0.00614934272398706,146.572,0.730161616161616,False
env,val,tail_b8.0_mu1.0_c1.0,200,200,5473000,0.75,2.0,4.0,1,500,0.23302889248728753,0.0064588051209325545,185.436,0.9264444444444444,False
env,val,tail_b1.0_mu0.9_c2.0,200,200,5278000,0.5,3.0,0.0,1,500,0.05260738629102707,0.002461991951274556,43.0,0.20707070707070716,False
env,val,tail_b8.0_mu1.0_c1.0,200,200,5473000,0.75,2.0,6.0,1,500,0.3221344615947455,0.005845742825747221,200.0,1.0,False
env,val,tail_b8.0_mu1.0_c1.0,200,200,5473000,0.75,2.0,8.0,1,500,0.3221344615947455,0.005845742825747221,200.0,1.0,False
env,val,tail_b1.0_mu0.9_c2.0,200,200,5278000,0.5,3.0,2.0,1,500,0.05174448245763779,0.0024138977057907955,40.738,0.19564646464646462,False
env,val,tail_b1.0_mu0.9_c2.0,200,200,5278000,0.5,3.0,4.0,1,500,0.05090450721979141,0.002276129672971231,38.88,0.18626262626262627,False
env,val,tail_b8.0_mu1.0_c1.0,200,200,5473000,0.75,3.0,6.0,1,500,0.3221344615947455,0.005845742825747221,200.0,1.0,False
env,val,tail_b8.0_mu1.0_c1.0,200,200,5473000,0.75,3.0,2.0,1,500,0.3215162432026118,0.005850560634592782,199.984,0.9999191919191919,False
env,val,tail_b8.0_mu1.0_c1.0,200,200,5473000,0.75,3.0,4.0,1,500,0.3221344615947455,0.005845742825747221,200.0,1.0,False
env,val,tail_b1.0_mu0.9_c2.0,200,200,5278000,0.5,4.0,0.0,1,500,0.05182317292690277,0.0021937645026952664,57.0,0.2777777777777778,False
env,val,tail_b8.0_mu1.0_c1.0,200,200,5473000,0.75,3.0,8.0,1,500,0.3221344615947455,0.005845742825747221,200.0,1.0,False
env,val,tail_b1.0_mu0.9_c2.0,200,200,5278000,0.5,3.0,6.0,1,500,0.05005156779289246,0.0021458786925385768,37.016,0.17684848484848484,False
env,val,tail_b1.0_mu0.9_c2.0,200,200,5278000,0.5,3.0,8.0,1,500,0.050511863470077516,0.0022115505068380677,35.202,0.16768686868686872,False
env,val,tail_b1.0_mu0.9_c2.0,200,200,5278000,0.5,4.0,2.0,1,500,0.050574714422225955,0.0022030148010236976,53.742,0.26132323232323235,False
env,val,tail_b1.0_mu0.9_c2.0,200,200,5278000,0.5,4.0,4.0,1,500,0.04914141547679901,0.0022279804408643056,50.714,0.24603030303030304,False
env,val,tail_b1.0_mu0.9_c2.0,200,200,5278000,0.5,6.0,0.0,1,500,0.05660525417327881,0.0024647293651204635,85.0,0.4191919191919193,False
env,val,tail_b1.0_mu0.9_c2.0,200,200,5278000,0.5,4.0,6.0,1,500,0.04864460074901581,0.0021286654631934867,48.104,0.23284848484848486,False
env,val,tail_b1.0_mu0.9_c2.0,200,200,5278000,0.5,4.0,8.0,1,500,0.04923690700531006,0.002173782652260956,45.576,0.22008080808080807,False
env,val,tail_b1.0_mu0.9_c2.0,200,200,5278000,0.5,6.0,2.0,1,500,0.0568992657661438,0.0025018359182577684,79.176,0.38977777777777783,False
env,val,tail_b1.0_mu0.9_c2.0,200,200,5278000,0.5,6.0,6.0,1,500,0.05649242687225342,0.002516147985177611,68.94,0.3380808080808081,False
env,val,tail_b1.0_mu0.9_c2.0,200,200,5278000,0.5,8.0,0.0,1,500,0.06253318977355957,0.0028142712213330844,114.0,0.5656565656565657,False
env,val,tail_b1.0_mu0.9_c2.0,200,200,5278000,0.5,6.0,8.0,1,500,0.05636742758750916,0.00249577912126825,64.812,0.3172323232323232,False
env,val,tail_b1.0_mu0.9_c2.0,200,200,5278000,0.5,6.0,4.0,1,500,0.05637031304836273,0.0024765402781354753,73.784,0.36254545454545456,False
env,val,tail_b1.0_mu0.9_c2.0,200,200,5278000,0.75,1.0,0.0,1,500,0.05324397313594818,0.002379240627006338,54.0,0.2626262626262626,False
env,val,tail_b1.0_mu0.9_c2.0,200,200,5278000,0.5,8.0,2.0,1,500,0.05993858706951141,0.0026612537202356594,104.52,0.5177777777777778,False
env,val,tail_b1.0_mu0.9_c2.0,200,200,5278000,0.5,8.0,4.0,1,500,0.05621934199333191,0.002538817379194898,96.408,0.47680808080808085,False
env,val,tail_b1.0_mu0.9_c2.0,200,200,5278000,0.5,8.0,6.0,1,500,0.05843634366989136,0.0026387724542440414,89.04,0.4395959595959596,False
env,val,tail_b1.0_mu0.9_c2.0,200,200,5278000,0.75,1.0,2.0,1,500,0.049313004493713376,0.0022858519008512766,50.644,0.24567676767676766,False
env,val,tail_b1.0_mu0.9_c2.0,200,200,5278000,0.5,8.0,8.0,1,500,0.05834395658969879,0.0025950064458262734,82.976,0.408969696969697,False
env,val,tail_b1.0_mu0.9_c2.0,200,200,5278000,0.75,1.5,0.0,1,500,0.055377124428749085,0.002433827858596074,80.0,0.3939393939393939,False
env,val,tail_b1.0_mu0.9_c2.0,200,200,5278000,0.75,1.0,4.0,1,500,0.05048650872707367,0.002185876154543941,48.012,0.2323838383838384,False
env,val,tail_b1.0_mu0.9_c2.0,200,200,5278000,0.75,1.0,6.0,1,500,0.049330096840858456,0.0021871253167393898,45.532,0.21985858585858586,False
env,val,tail_b1.0_mu0.9_c2.0,200,200,5278000,0.75,1.0,8.0,1,500,0.04933090364933014,0.002123272781799375,43.112,0.20763636363636362,False
env,val,tail_b1.0_mu0.9_c2.0,200,200,5278000,0.75,1.5,4.0,1,500,0.05660843801498413,0.0024925925114098403,69.708,0.34195959595959596,False
env,val,tail_b1.0_mu0.9_c2.0,200,200,5278000,0.75,2.0,0.0,1,500,0.06153109300136566,0.0027217453292903327,107.0,0.5303030303030303,False
env,val,tail_b1.0_mu0.9_c2.0,200,200,5278000,0.75,1.5,2.0,1,500,0.056682289838790895,0.002481873404992869,74.624,0.36678787878787883,False
env,val,tail_b1.0_mu0.9_c2.0,200,200,5278000,0.75,1.5,6.0,1,500,0.056474197506904605,0.0025395727097054653,65.298,0.3196868686868687,False
env,val,tail_b1.0_mu0.9_c2.0,200,200,5278000,0.75,1.5,8.0,1,500,0.05432695722579956,0.002450570111761346,61.436,0.3001818181818182,False
env,val,tail_b1.0_mu0.9_c2.0,200,200,5278000,0.75,2.0,2.0,1,500,0.05958796298503876,0.002597013475085159,98.384,0.48678787878787877,False
env,val,tail_b1.0_mu0.9_c2.0,200,200,5278000,0.75,2.0,4.0,1,500,0.061483808159828186,0.002758910499547931,90.84,0.4486868686868687,False
env,val,tail_b1.0_mu0.9_c2.0,200,200,5278000,0.75,3.0,0.0,1,500,0.08467508792877197,0.003475438012745338,160.0,0.7979797979797978,False
env,val,tail_b1.0_mu0.9_c2.0,200,200,5278000,0.75,2.0,6.0,1,500,0.05729262089729309,0.0025237581774169636,84.396,0.41614141414141415,False
env,val,tail_b1.0_mu0.9_c2.0,200,200,5278000,0.75,2.0,8.0,1,500,0.057892058968544005,0.002564976627831367,78.606,0.3868989898989899,False
env,val,tail_b1.0_mu0.9_c2.0,200,200,5278000,0.75,3.0,2.0,1,500,0.07990615314245224,0.0034345277039549847,145.99,0.7272222222222222,False
env,val,tail_b1.0_mu0.9_c2.0,200,200,5278000,0.75,3.0,4.0,1,500,0.0728710482120514,0.0031953208042215494,133.382,0.6635454545454545,False
env,val,tail_b1.0_mu0.9_c2.0,200,200,5278000,0.75,3.0,6.0,1,500,0.06628815591335296,0.002938512919475584,122.406,0.608111111111111,False
env,val,tail_b1.0_mu0.9_c2.0,200,200,5278000,0.75,3.0,8.0,1,500,0.06605985593795777,0.002964721555422021,112.824,0.5597171717171717,False
pooled,val,all,all,64,-1,0.5,3.0,0.0,8,4000,0.10993197940569371,0.0015639713397392395,43.0,0.20707070707070716,False
pooled,val,all,all,64,-1,0.5,3.0,2.0,8,4000,0.10413641483196989,0.0015388274348421905,52.5425,0.2552651515151515,True
pooled,val,all,all,64,-1,0.5,3.0,4.0,8,4000,0.11068999964697286,0.0016187781895510831,63.09375,0.30855429292929293,False
pooled,val,all,all,64,-1,0.5,3.0,6.0,8,4000,0.10731402295082808,0.0015818001483420114,73.40350000000001,0.3606237373737373,False
pooled,val,all,all,64,-1,0.5,3.0,8.0,8,4000,0.10424564708769321,0.0015570440798883221,84.41175,0.4162209595959596,False
pooled,val,all,all,64,-1,0.5,4.0,0.0,8,4000,0.10684151370963083,0.0015517572926589166,57.0,0.2777777777777778,False
pooled,val,all,all,64,-1,0.5,4.0,2.0,8,4000,0.1112919125026092,0.0016158136691804947,68.201,0.33434848484848484,False
pooled,val,all,all,64,-1,0.5,4.0,4.0,8,4000,0.10890082291560246,0.0015912600320657348,79.27825,0.3902941919191919,False
pooled,val,all,all,64,-1,0.5,4.0,6.0,8,4000,0.10459448226168752,0.0015564493029012125,91.08425,0.4499204545454546,False
pooled,val,all,all,64,-1,0.5,4.0,8.0,8,4000,0.11587917500804178,0.0016535065881844628,103.82199999999999,0.5142525252525252,False
pooled,val,all,all,64,-1,0.5,6.0,0.0,8,4000,0.11051356121059507,0.0016031893782330385,85.0,0.4191919191919193,False
pooled,val,all,all,64,-1,0.5,6.0,2.0,8,4000,0.11047951835440473,0.0015981858902568932,97.78875,0.48378156565656566,False
pooled,val,all,all,64,-1,0.5,6.0,4.0,8,4000,0.11057056192564778,0.0016245177312054415,110.87475,0.5498724747474748,False
pooled,val,all,all,64,-1,0.5,6.0,6.0,8,4000,0.14187237170431763,0.0018219123813807251,123.48325,0.6135517676767677,False
pooled,val,all,all,64,-1,0.5,6.0,8.0,8,4000,0.18116279403329827,0.0018661780055762237,128.05900000000003,0.6366616161616162,False
pooled,val,all,all,64,-1,0.5,8.0,0.0,8,4000,0.11744398864870892,0.0016444353478510688,114.0,0.5656565656565657,False
pooled,val,all,all,64,-1,0.5,8.0,2.0,8,4000,0.1155007287915796,0.0016674427420506957,126.95750000000001,0.6310984848484849,False
pooled,val,all,all,64,-1,0.5,8.0,4.0,8,4000,0.15467529294197446,0.001897694262166901,140.15875,0.6977714646464647,False
pooled,val,all,all,64,-1,0.5,8.0,6.0,8,4000,0.1894448212974239,0.0019274188034175753,142.54675,0.7098320707070707,False
pooled,val,all,all,64,-1,0.5,8.0,8.0,8,4000,0.19727165164914912,0.002020102205958774,141.98,0.706969696969697,False
pooled,val,all,all,64,-1,0.75,1.0,0.0,8,4000,0.10719629550911487,0.0015417081221995041,54.0,0.2626262626262626,False
pooled,val,all,all,64,-1,0.75,1.0,2.0,8,4000,0.10719881169032304,0.0015859306547686607,64.51750000000001,0.31574494949494947,False
pooled,val,all,all,64,-1,0.75,1.0,4.0,8,4000,0.10965328215481714,0.0015919267161164272,75.46825000000001,0.3710517676767677,False
pooled,val,all,all,64,-1,0.75,1.0,6.0,8,4000,0.10450763385929168,0.0015594726105749798,86.85075,0.4285391414141414,False
pooled,val,all,all,64,-1,0.75,1.0,8.0,8,4000,0.10853587464638986,0.0015963973928461192,99.44399999999999,0.49214141414141416,False
pooled,val,all,all,64,-1,0.75,1.5,0.0,8,4000,0.10793106103409081,0.0015892814318510936,80.0,0.3939393939393939,False
pooled,val,all,all,64,-1,0.75,1.5,2.0,8,4000,0.1120320876869373,0.0016008814598631987,92.515,0.45714646464646463,False
pooled,val,all,all,64,-1,0.75,1.5,4.0,8,4000,0.10818559822253884,0.0015900357095692832,105.2615,0.5215227272727272,False
pooled,val,all,all,64,-1,0.75,1.5,6.0,8,4000,0.13001135691441595,0.001767835130169066,118.26725,0.5872083333333333,False
pooled,val,all,all,64,-1,0.75,1.5,8.0,8,4000,0.17738033730955793,0.001851517255627662,125.261,0.622530303030303,False
pooled,val,all,all,64,-1,0.75,2.0,0.0,8,4000,0.1178347561196424,0.001657256398426909,107.0,0.5303030303030303,False
pooled,val,all,all,64,-1,0.75,2.0,2.0,8,4000,0.11400103565119207,0.0016385027178722894,119.999,0.5959545454545454,False
pooled,val,all,all,64,-1,0.75,2.0,4.0,8,4000,0.1350866563776508,0.0018177952394234924,133.4125,0.663699494949495,False
pooled,val,all,all,64,-1,0.75,2.0,6.0,8,4000,0.1849208729520906,0.001889224719961595,139.053,0.6921868686868686,False
pooled,val,all,all,64,-1,0.75,2.0,8.0,8,4000,0.19081945396889932,0.0019305345063288727,138.72875,0.6905492424242424,False
pooled,val,all,all,64,-1,0.75,3.0,0.0,8,4000,0.13456859219353645,0.0018011519187351786,160.0,0.7979797979797978,False
pooled,val,all,all,64,-1,0.75,3.0,2.0,8,4000,0.20284819623315709,0.0020109648773545216,171.432,0.8557171717171717,False
pooled,val,all,all,64,-1,0.75,3.0,4.0,8,4000,0.21986412225593813,0.002162738978303248,168.16,0.8391919191919193,False
pooled,val,all,all,64,-1,0.75,3.0,6.0,8,4000,0.22530901205190457,0.002176799859510231,163.79375,0.8171401515151515,False
pooled,val,all,all,64,-1,0.75,3.0,8.0,8,4000,0.225187480336288,0.002181807943072205,159.6085,0.7960025252525252,False
