test,recommender,level,family,horizon,cell,env_id,cap,base_seed,policy,group,stratum_empty_common_support,n_cells,n_envs,n_episodes,n_cells_policy,common_support,params_tuned,regret,regret_lo,regret_hi,regret_se,q,regret_disc,regret_sel,k_final,search_frac,n_rec,n_singletons_final,herfindahl,n_eliminated_final,n_demoted,t_cap_hit_given_hit,mu_star,mu_star_cap,best_discovered,cap_hit_frac,d_regret_vs_cp0,d_regret_vs_cp0_lo,d_regret_vs_cp0_hi,d_regret_vs_cp0_se,d_regret_vs_cp0_win,d_regret_vs_cp0_n_cells,d_regret_vs_cp0_cluster_lo,d_regret_vs_cp0_cluster_hi,d_regret_vs_cp0_cluster_se,d_regret_vs_cp0_cluster_p,d_regret_vs_cp0_cluster_p_sign,d_regret_vs_cp0_cluster_boot_t_lo,d_regret_vs_cp0_cluster_boot_t_hi,d_regret_vs_cp0_cluster_pct_lo,d_regret_vs_cp0_cluster_pct_hi,d_regret_vs_cp0_cluster_min_env,d_regret_vs_cp0_cluster_max_env,d_regret_vs_cp0_cluster_degenerate,d_regret_vs_cp0_cluster_method,d_regret_vs_cp0_ref_tuned,d_regret_vs_cp0_n_excluded_untuned,d_regret_vs_p3_star,d_regret_vs_p3_star_lo,d_regret_vs_p3_star_hi,d_regret_vs_p3_star_se,d_regret_vs_p3_star_win,d_regret_vs_p3_star_n_cells,d_regret_vs_p3_star_cluster_lo,d_regret_vs_p3_star_cluster_hi,d_regret_vs_p3_star_cluster_se,d_regret_vs_p3_star_cluster_p,d_regret_vs_p3_star_cluster_p_sign,d_regret_vs_p3_star_cluster_boot_t_lo,d_regret_vs_p3_star_cluster_boot_t_hi,d_regret_vs_p3_star_cluster_pct_lo,d_regret_vs_p3_star_cluster_pct_hi,d_regret_vs_p3_star_cluster_min_env,d_regret_vs_p3_star_cluster_max_env,d_regret_vs_p3_star_cluster_degenerate,d_regret_vs_p3_star_cluster_method,d_regret_vs_p3_star_ref_tuned,d_regret_vs_p3_star_n_excluded_untuned
B,posterior_mean_shrunk,family_horizon,A,50,,,all,,cp0,reference,False,4,4,8000,4,True,True,0.19302755148540562,0.18999453536234795,0.19610211518593132,0.0015460538511752222,0.5018846930263625,0.15542827374837362,0.03759927773703202,6.0,0.08333333333333331,12.63975,0.133125,0.207555,0.013625,,,0.6949122445117683,0.6949122445117683,0.5394839707633946,0.0,0.0,0.0,0.0,0.0,0.5,4,0.0,0.0,0.0,1.0,1.0,0.0,0.0,0.0,0.0,,,False,env_mean_t,True,0,0.0384086952115631,0.03478383441979531,0.0419656427053269,0.0018059348229849492,0.4365625,4,-0.036246128896333295,0.11306351931945949,0.0234583138084528,0.20008759637751244,0.125,-0.005764071880343356,8.331984034539031,0.011182328570634127,0.08404917050177937,,,False,env_mean_t,True,0
B,posterior_mean_shrunk,family_horizon,A,50,,,all,,p3_star,reference,False,4,4,8000,4,True,True,0.15461885627384253,0.15177249647676944,0.1574825101532042,0.0014674005312945273,0.5402933882379257,0.054684982635080814,0.09993387363876173,21.0,0.39583333333333326,5.5665,6.307874999999999,0.0714926,0.0,,,0.6949122445117683,0.6949122445117683,0.6402272618766873,0.0,-0.0384086952115631,-0.0419656427053269,-0.03478383441979531,0.0018059348229849492,0.5634375,4,-0.11306351931945949,0.036246128896333295,0.0234583138084528,0.20008759637751244,0.125,-8.331984034539031,0.005764071880343356,-0.08404917050177937,-0.011182328570634127,,,False,env_mean_t,True,0,0.0,0.0,0.0,0.0,0.5,4,0.0,0.0,0.0,1.0,1.0,0.0,0.0,0.0,0.0,,,False,env_mean_t,True,0
B,posterior_mean_shrunk,family_horizon,A,50,,,all,,phi_k16,learned,False,4,4,8000,4,True,True,0.1502596689408201,0.14752129572443665,0.15306981848552823,0.0014284286407352756,0.544652575570948,0.03292927322536707,0.11733039571545305,26.606,0.5126249999999999,5.467,17.17,0.0705718,0.0,0.0,,0.6949122445117683,0.6949122445117683,0.6619829712864012,0.0,-0.042767882544585516,-0.04640988189494237,-0.039086646743817254,0.0018602361697656127,0.57125,4,-0.1289408350086446,0.04340506991947355,0.027077582525426754,0.21235358718178682,0.125,-1.1873739948066486,0.012106136139067837,-0.09707042435866788,-0.01339721090867897,,,False,env_mean_t,True,0,-0.004359187333022419,-0.006925576486992213,-0.001825965101306793,0.0013205628759112244,0.5020625,4,-0.01781965073475769,0.009101276068712853,0.004229596389226527,0.3785261335440516,0.375,-0.02622913155678995,0.004879667974909829,-0.01173371168138692,0.0018986290312750496,,,False,env_mean_t,True,0
B,posterior_mean_shrunk,family_horizon,A,50,,,all,,phi_k16_all71,learned,False,4,4,8000,4,True,True,0.15008496622662276,0.1473422986920923,0.15289356056600809,0.0014269717997960293,0.5448272782851454,0.032753079442307355,0.11733188678431544,26.65,0.5135416666666666,5.460875,17.232625,0.0704745,0.0,0.0,,0.6949122445117683,0.6949122445117683,0.6621591650694608,0.0,-0.042942585258782855,-0.04657760451664217,-0.03925747346947901,0.0018608172476855234,0.57175,4,-0.12930112568801813,0.04341595517045243,0.027135898659423452,0.21168776920358623,0.125,-1.1585788071715664,0.011961154092310973,-0.09733872961004271,-0.01361483179274728,,,False,env_mean_t,True,0,-0.004533890047219756,-0.007086499438992177,-0.0020187866277410656,0.001322292838417653,0.50275,4,-0.018138743850862463,0.009070963756422948,0.004274967273149284,0.36670833098143363,0.375,-0.025702178329834,0.004485175487244378,-0.012068193559593054,0.0017280937704636018,,,False,env_mean_t,True,0
B,posterior_mean_shrunk,family_horizon,A,50,,,all,,phi_k16_nopolicy,learned,False,4,4,8000,4,True,True,0.15085644629710077,0.14799913647584617,0.15370416431687772,0.001450942815788719,0.5440557982146674,0.05623626840021462,0.09462017789688616,20.018,0.37537499999999996,6.129375,7.4105,0.0812625,0.0,0.0,,0.6949122445117683,0.6949122445117683,0.6386759761115536,0.0,-0.042171105188304865,-0.04564887766027823,-0.03864107291446999,0.0017759240341414357,0.5729375000000001,4,-0.12009606298300099,0.035753852606391266,0.024485867260453056,0.18349906900704,0.125,-0.8190798004831084,0.005990660905032842,-0.09069767960237551,-0.015024802312254906,,,False,env_mean_t,True,0,-0.003762409976741765,-0.005963713943310722,-0.001576974687122857,0.00111753369924363,0.50675,4,-0.008770100521213478,0.001245280567729947,0.001573534967788023,0.09664939764863874,0.125,-0.01189178794099681,0.00619118060264278,-0.00636850719312497,-0.0011563127603585598,,,False,env_mean_t,True,0
B,posterior_mean_shrunk,family_horizon,A,100,,,all,,cp0,reference,False,4,4,8000,4,True,True,0.18499764045939082,0.18218001979403198,0.18779097655788063,0.0014386699621272302,0.5454499554554351,0.15428699537040666,0.03071064508898417,8.9995,0.07142346938775507,21.9745,0.232125,0.161392625,0.077875,,,0.7304475959148258,0.707866103662178,0.5761606005444191,0.0,0.0,0.0,0.0,0.0,0.5,4,0.0,0.0,0.0,1.0,1.0,0.0,0.0,0.0,0.0,,,False,env_mean_t,True,0,0.03771646439284086,0.03446657744061667,0.04105462540464941,0.0016777436523870875,0.4236875,4,-0.03787662050865162,0.11330954929433334,0.02375313757092707,0.21052288915049266,0.125,-0.007049189083752613,0.7719814183281294,0.00874097990244627,0.08360706943407423,,,False,env_mean_t,True,0
B,posterior_mean_shrunk,family_horizon,A,100,,,all,,p3_star,reference,False,4,4,8000,4,True,True,0.14728117606654995,0.1446262436453253,0.14994307267479598,0.001374528749953174,0.5831664198482758,0.05709044427983463,0.09019073178671534,36.0,0.34693877551020413,8.767999999999999,10.046500000000002,0.04819930000000001,0.0,,,0.7304475959148258,0.707866103662178,0.6733571516349912,0.0,-0.03771646439284086,-0.04105462540464941,-0.03446657744061667,0.0016777436523870875,0.5763125,4,-0.11330954929433334,0.03787662050865162,0.02375313757092707,0.21052288915049266,0.125,-0.7719814183281294,0.007049189083752613,-0.08360706943407423,-0.00874097990244627,,,False,env_mean_t,True,0,0.0,0.0,0.0,0.0,0.5,4,0.0,0.0,0.0,1.0,1.0,0.0,0.0,0.0,0.0,,,False,env_mean_t,True,0
B,posterior_mean_shrunk,family_horizon,A,100,,,all,,phi_k16,learned,False,4,4,8000,4,True,True,0.14044382594537458,0.13780899718403816,0.1430817491840571,0.0013549402347971162,0.5900037699694513,0.04318344616517425,0.09726037978020032,40.366749999999996,0.39149744897959193,9.838249999999999,19.272125000000003,0.060346225,0.0,2.9219999999999997,85.03801843317973,0.7304475959148258,0.707866103662178,0.6872641497496514,0.3045,-0.044553814514016264,-0.04800849262974225,-0.04108209299156442,0.0017608562072552025,0.5864375,4,-0.1315832476367823,0.042475618608749786,0.027346709032694136,0.2017552449972028,0.125,-1.726332686146656,0.006891626882795064,-0.09756795724801487,-0.011983957543969154,,,False,env_mean_t,True,0,-0.006837350121175404,-0.009480286345205967,-0.004213575655876412,0.0013601986119118508,0.515875,4,-0.019037198848303957,0.005362498605953149,0.003833481402930053,0.1724951498440926,0.125,-0.03215639920488456,0.0007405688533909573,-0.014111570319568272,-0.001728400059859268,,,False,env_mean_t,True,0
B,posterior_mean_shrunk,family_horizon,A,100,,,all,,phi_k16_all71,learned,False,4,4,8000,4,True,True,0.1407314039861085,0.13807562431320547,0.14340001004748046,0.001356439382015989,0.5897161919287173,0.040746982881799336,0.09998442110430916,42.04,0.4085714285714286,9.486625,21.3735,0.057693100000000004,0.0,2.84775,86.67464114832535,0.7304475959148258,0.707866103662178,0.6897006130330264,0.3355,-0.04426623647328233,-0.047752163308905436,-0.04075789256021381,0.001764915786798975,0.5859375,4,-0.1306713456780148,0.04213887273145016,0.027150531671587676,0.20151122891304152,0.125,-1.7667097933673317,0.006769517852679992,-0.0968804555995739,-0.011905310258269311,,,False,env_mean_t,True,0,-0.006549772080441472,-0.009096767590926902,-0.003922063701338631,0.001333108130662773,0.5160625,4,-0.018139471037302728,0.005039926876419786,0.0036417578947425676,0.16993172161025547,0.125,-0.03022303468101311,0.0006254573377472384,-0.013424405396392104,-0.0016504262246889994,,,False,env_mean_t,True,0
B,posterior_mean_shrunk,family_horizon,A,100,,,all,,phi_k16_nopolicy,learned,False,4,4,8000,4,True,True,0.14417317467863905,0.1415608307812363,0.1468296148814261,0.0013583790956164662,0.5862744212361868,0.05766046838834882,0.08651270629029023,32.73375,0.31360969387755105,10.311124999999999,7.42375,0.06297910000000001,0.0,0.0,,0.7304475959148258,0.707866103662178,0.672787127526477,0.0,-0.04082446578075178,-0.044101030926685776,-0.037594535225071016,0.001663030773042827,0.5845,4,-0.1195580559056752,0.03790912434417163,0.024739958689705053,0.19747752948043204,0.125,-0.9447465627166527,0.006314672013505267,-0.08903173372329912,-0.01157147803157568,,,False,env_mean_t,True,0,-0.0031080013879109174,-0.005028185862101963,-0.001206049400570919,0.0009838913333462397,0.508,4,-0.008987601799090642,0.002771599023268808,0.0018475096976241277,0.19110759800227511,0.375,-0.02627958046884117,0.1332971251619999,-0.006290112125687301,7.410934986546638e-05,,,False,env_mean_t,True,0
B,posterior_mean_shrunk,family_horizon,A,200,,,all,,cp0,reference,False,4,4,8000,4,True,True,0.17571241897786968,0.1732024135068059,0.17827880941331387,0.0013039567890032549,0.5862750891291071,0.1503674700120464,0.025344948965823278,13.9845,0.06052777777777775,37.791124999999994,0.4235,0.12620083125,0.323875,,,0.7619875081069767,0.7088602834288031,0.6116200380949304,0.0,0.0,0.0,0.0,0.0,0.5,4,0.0,0.0,0.0,1.0,1.0,0.0,0.0,0.0,0.0,,,False,env_mean_t,True,0,0.04618839930160903,0.04319270862033591,0.049221402371767906,0.0015443458919053759,0.4004375,4,-0.04642391368178996,0.138800712285008,0.029100982106010052,0.2106694912742684,0.125,-0.0072259530819720474,2.56795982669865,0.010107459239661692,0.10176070159580561,,,False,env_mean_t,True,0
B,posterior_mean_shrunk,family_horizon,A,200,,,all,,p3_star,reference,False,4,4,8000,4,True,True,0.12952401967626065,0.12708179058972746,0.13194122505374253,0.001230866316594812,0.6324634884307161,0.05312722467817366,0.07639679499808699,64.0,0.31313131313131315,13.7025,17.532375000000002,0.03162238750000001,0.002125,,70.0,0.7619875081069767,0.7088602834288031,0.7088602834288031,1.0,-0.04618839930160903,-0.049221402371767906,-0.04319270862033591,0.0015443458919053759,0.5995625,4,-0.138800712285008,0.04642391368178996,0.029100982106010052,0.2106694912742684,0.125,-2.56795982669865,0.0072259530819720474,-0.10176070159580561,-0.010107459239661692,,,False,env_mean_t,True,0,0.0,0.0,0.0,0.0,0.5,4,0.0,0.0,0.0,1.0,1.0,0.0,0.0,0.0,0.0,,,False,env_mean_t,True,0
B,posterior_mean_shrunk,family_horizon,A,200,,,all,,phi_k16,learned,False,4,4,8000,4,True,True,0.12921232543792577,0.12680440568365156,0.1316187048330903,0.0012188979140821152,0.632775182669051,0.0632658978048712,0.06594642763305456,47.76575,0.23114015151515155,19.75725,3.493,0.056069625000000005,0.002875,49.228750000000005,100.2221661841163,0.7619875081069767,0.7088602834288031,0.6987216103021056,0.515125,-0.046500093539943915,-0.049525669933063905,-0.04359768628200982,0.001493048050138588,0.602375,4,-0.1387990525782918,0.04579886549840398,0.02900251887521466,0.2071972467255657,0.125,-1.2331891839810467,0.007463618248544079,-0.10218016530107707,-0.010696965649724006,,,False,env_mean_t,True,0,-0.0003116942383348942,-0.001504479836376049,0.0008954445786002905,0.0006221090707373279,0.500375,4,-0.003640404083286537,0.003017015606616748,0.0010459594681692188,0.7851507594338853,0.75,-0.016418187408744525,0.0024083501444206313,-0.002340782627463341,0.0014395819790661334,,,False,env_mean_t,True,0
B,posterior_mean_shrunk,family_horizon,A,200,,,all,,phi_k16_all71,learned,False,4,4,8000,4,True,True,0.1286081019965932,0.12615956622175872,0.13097846303135158,0.001219994385383431,0.6333794061103837,0.0613948507104069,0.06721325128618627,49.576499999999996,0.24028535353535357,18.833625,4.917375000000001,0.05209490625,0.0027500000000000003,52.91,97.4855858590564,0.7619875081069767,0.7088602834288031,0.7005926573965698,0.53075,-0.0471043169812765,-0.05013495713355951,-0.044197682404774244,0.001504309078440142,0.605,4,-0.13854676110151123,0.04433812713895824,0.028733381602830486,0.19966953105472446,0.125,-1.0791796586810525,0.006753042188645406,-0.10248909544479104,-0.01193929459899664,,,False,env_mean_t,True,0,-0.0009159176796674729,-0.0020478515743889147,0.00022749688141630007,0.0005839409357927708,0.5038125,4,-0.004839716281734344,0.0030078809223993983,0.0012329504493295994,0.5114443531011098,1.0,-0.009654032997265052,0.0017923484681630643,-0.0034200423583388333,0.0006722893193364144,,,False,env_mean_t,True,0
B,posterior_mean_shrunk,family_horizon,A,200,,,all,,phi_k16_nopolicy,learned,False,4,4,8000,4,True,True,0.12814260116126389,0.12572662548627705,0.13052660659886897,0.0012242262713770054,0.6338449069457128,0.05820642356015742,0.06993617760110647,53.354749999999996,0.2593674242424242,16.355625,7.242625000000001,0.041101581250000005,0.002125,26.85975,103.06839173405211,0.7619875081069767,0.7088602834288031,0.7037810845468193,0.520625,-0.0475698178166058,-0.05062969307764433,-0.04463849311578088,0.0015183833466043948,0.6091875,4,-0.139093817583677,0.04395418195046541,0.028759008318574617,0.1966832110981004,0.125,-1.3370330056916173,0.006222551955674879,-0.10302027998026461,-0.012556103684008122,,,False,env_mean_t,True,0,-0.0013814185149967672,-0.0024799265531328272,-0.0002537314367884851,0.0005726034626688769,0.50725,4,-0.005034037727994489,0.002271200698000955,0.0011477394628570487,0.3150564966947995,0.25,-0.06288493108111116,0.00080834570017786,-0.0036241417750716206,-4.8824891448020936e-05,,,False,env_mean_t,True,0
B,posterior_mean_shrunk,family_horizon,A,500,,,all,,cp0,reference,False,4,4,8000,4,True,True,0.1661931528938003,0.16390001643449068,0.16851233574561775,0.0011630072179148634,0.6310164954583161,0.15304662925656887,0.013146523637231438,21.842875,0.039845130522088365,98.72824999999999,0.599875,0.123440128,1.81575,,,0.7972096483521164,0.7088143492303789,0.6441630190955475,0.0,0.0,0.0,0.0,0.0,0.5,4,0.0,0.0,0.0,1.0,1.0,0.0,0.0,0.0,0.0,,,False,env_mean_t,True,0,0.04630610564816743,0.044001187535468486,0.048655297979712485,0.0011729060729079466,0.35768749999999994,4,-0.022566068253166198,0.11517827954950105,0.0216412681612216,0.12188610124129537,0.125,0.00696222302457792,0.6352660834003906,0.0178958700299263,0.08690575269423426,,,False,env_mean_t,True,0
B,posterior_mean_shrunk,family_horizon,A,500,,,all,,p3_star,reference,False,4,4,8000,4,True,True,0.11988704724563287,0.11783689237199724,0.12198562861885875,0.0010565743878460407,0.6773226011064836,0.08839529912173749,0.03149174812389538,64.0,0.12449799196787148,49.763000000000005,4.66925,0.04517953400000001,0.8971250000000001,,68.0,0.7972096483521164,0.7088143492303789,0.7088143492303789,1.0,-0.04630610564816743,-0.048655297979712485,-0.044001187535468486,0.0011729060729079466,0.6423125,4,-0.11517827954950105,0.022566068253166198,0.0216412681612216,0.12188610124129537,0.125,-0.6352660834003906,-0.00696222302457792,-0.08690575269423426,-0.0178958700299263,,,False,env_mean_t,True,0,0.0,0.0,0.0,0.0,0.5,4,0.0,0.0,0.0,1.0,1.0,0.0,0.0,0.0,0.0,,,False,env_mean_t,True,0
B,posterior_mean_shrunk,family_horizon,A,500,,,all,,phi_k16,learned,False,4,4,8000,4,True,True,0.12085024039400744,0.11881820596754551,0.12293054722249508,0.001057261827049697,0.6763594079581089,0.09024827089905739,0.030601969494950025,58.636,0.11372690763052208,54.884249999999994,3.016125,0.053432974999999994,0.910875,251.86950000000002,90.55645940254078,0.7972096483521164,0.7088143492303789,0.706961377453059,0.76,-0.04534291249979287,-0.0476700795465149,-0.04306359491311014,0.0011665351332031332,0.6327499999999999,4,-0.11570659360393945,0.025020768604353705,0.022109935048181064,0.1326628768598213,0.125,-0.3503102823074884,-0.004171451379340697,-0.08691349030844867,-0.015969483733177185,,,False,env_mean_t,True,0,0.0009631931483745575,0.0006288243672997851,0.0013025328982621427,0.0001720651199502999,0.48824999999999996,4,-0.0021350370356720658,0.004061423332421181,0.0009735373001903399,0.39541913854457206,1.0,-0.0009916398384353818,0.12507160677248375,-2.3212842643260958e-05,0.0029127922877669335,,,False,env_mean_t,True,0
B,posterior_mean_shrunk,family_horizon,A,500,,,all,,phi_k16_all71,learned,False,4,4,8000,4,True,True,0.12058976091397927,0.11854883572086691,0.12266847144346685,0.001056783300396535,0.6766198874381371,0.08958207078278066,0.03100769013119862,60.3555,0.117179718875502,53.034499999999994,3.537625,0.050350709,0.9051250000000001,253.0725,90.73527510917032,0.7972096483521164,0.7088143492303789,0.7076275775693357,0.80725,-0.04560339197982102,-0.047943304054206236,-0.043319051485741514,0.0011687602666973864,0.635625,4,-0.11555145125122797,0.024344667291585922,0.02197933682503128,0.1296416564410383,0.125,-0.39790252652577385,-0.0049532833070545235,-0.08690575269423426,-0.01649044269323349,,,False,env_mean_t,True,0,0.000702713668346405,0.0004212121122691315,0.0009921154560288414,0.00014529627343091284,0.491375,4,-0.0015336348491549728,0.0029390621858477826,0.0007027136683464051,0.3910022189557703,1.0,-0.0007027136683464052,0.000702713668346405,0.0,0.002108141005039215,,,False,env_mean_t,True,0
B,posterior_mean_shrunk,family_horizon,A,500,,,all,,phi_k16_nopolicy,learned,False,4,4,8000,4,True,True,0.11989031615061688,0.11784017612226308,0.12198807669337838,0.0010565661342299905,0.6773193322014995,0.08839529912173749,0.03149501702887938,64.0,0.12449799196787148,49.762874999999994,4.669125,0.045178935,0.8971250000000001,314.34925,73.368,0.7972096483521164,0.7088143492303789,0.7088143492303789,1.0,-0.04630283674318343,-0.048655297979712485,-0.044001187535468486,0.0011729070487977976,0.64225,4,-0.11517988628587723,0.02257421279951037,0.021642800203208322,0.12192095467362163,0.125,-0.6333985591528839,-0.006953000842606,-0.08690575269423426,-0.017889332219958306,,,False,env_mean_t,True,0,3.268904983997345e-06,0.0,9.80671484285267e-06,3.268904983997346e-06,0.49993750000000003,4,-7.134209604648504e-06,1.3672019572643193e-05,3.268904983997345e-06,0.3910022189557705,1.0,-3.2689049839973467e-06,3.268904983997345e-06,0.0,9.806714951992036e-06,,,False,env_mean_t,True,0
B,posterior_mean_shrunk,family_horizon,A,1000,,,all,,cp0,reference,False,4,4,8000,4,True,True,0.16047586030419914,0.15843602195382117,0.16247722594998776,0.0010371201435645204,0.6577677885973825,0.15298907526116817,0.007486785043030977,30.36,0.02841683366733466,219.79424999999998,0.761625,0.13792714525,4.98725,,,0.8182436489015819,0.7085835065860301,0.6652545736404136,0.0,0.0,0.0,0.0,0.0,0.5,4,0.0,0.0,0.0,1.0,1.0,0.0,0.0,0.0,0.0,,,False,env_mean_t,True,0,0.03790545856859535,0.036169620748842134,0.03963402787339874,0.0008973863504417442,0.3535625,4,-0.010869526896283482,0.08668044403347418,0.015326255586433421,0.0898063274588172,0.125,0.006869177671799516,0.22273493170124403,0.015287712156772614,0.06458927528001368,,,False,env_mean_t,True,0
B,posterior_mean_shrunk,family_horizon,A,1000,,,all,,p3_star,reference,False,4,4,8000,4,True,True,0.12257040173560381,0.1206868898589164,0.12443064964609221,0.0009454098619924042,0.695673247165978,0.10966014231555163,0.01291025942005217,64.0,0.062124248496993974,153.569625,4.52125,0.0784405,4.73525,,272.0,0.8182436489015819,0.7085835065860301,0.7085835065860301,1.0,-0.03790545856859535,-0.03963402787339874,-0.036169620748842134,0.0008973863504417442,0.6464375,4,-0.08668044403347418,0.010869526896283482,0.015326255586433421,0.0898063274588172,0.125,-0.22273493170124403,-0.006869177671799516,-0.06458927528001368,-0.015287712156772614,,,False,env_mean_t,True,0,0.0,0.0,0.0,0.0,0.5,4,0.0,0.0,0.0,1.0,1.0,0.0,0.0,0.0,0.0,,,False,env_mean_t,True,0
B,posterior_mean_shrunk,family_horizon,A,1000,,,all,,phi_k16,learned,False,4,4,8000,4,True,True,0.12257040173560381,0.1206868898589164,0.12443064964609221,0.0009454098619924042,0.695673247165978,0.10966014231555163,0.01291025942005217,64.0,0.062124248496993974,153.57525,4.52125,0.07844919624999999,4.728125,773.8552500000001,72.27,0.8182436489015819,0.7085835065860301,0.7085835065860301,1.0,-0.03790545856859535,-0.03963402787339874,-0.036169620748842134,0.0008973863504417442,0.6464375,4,-0.08668044403347418,0.010869526896283482,0.015326255586433421,0.0898063274588172,0.125,-0.22273493170124403,-0.006869177671799516,-0.06458927528001368,-0.015287712156772614,,,False,env_mean_t,True,0,0.0,0.0,0.0,0.0,0.5,4,0.0,0.0,0.0,1.0,1.0,0.0,0.0,0.0,0.0,,,False,env_mean_t,True,0
B,posterior_mean_shrunk,family_horizon,A,1000,,,all,,phi_k16_all71,learned,False,4,4,8000,4,True,True,0.12257040173560381,0.1206868898589164,0.12443064964609221,0.0009454098619924042,0.695673247165978,0.10966014231555163,0.01291025942005217,64.0,0.062124248496993974,153.57525,4.52125,0.07844919624999999,4.728125,701.78325,72.24199999999999,0.8182436489015819,0.7085835065860301,0.7085835065860301,1.0,-0.03790545856859535,-0.03963402787339874,-0.036169620748842134,0.0008973863504417442,0.6464375,4,-0.08668044403347418,0.010869526896283482,0.015326255586433421,0.0898063274588172,0.125,-0.22273493170124403,-0.006869177671799516,-0.06458927528001368,-0.015287712156772614,,,False,env_mean_t,True,0,0.0,0.0,0.0,0.0,0.5,4,0.0,0.0,0.0,1.0,1.0,0.0,0.0,0.0,0.0,,,False,env_mean_t,True,0
B,posterior_mean_shrunk,family_horizon,A,1000,,,all,,phi_k16_nopolicy,learned,False,4,4,8000,4,True,True,0.12257040173560381,0.1206868898589164,0.12443064964609221,0.0009454098619924042,0.695673247165978,0.10966014231555163,0.01291025942005217,64.0,0.062124248496993974,153.57525,4.52125,0.07844919624999999,4.728125,859.0830000000001,66.598,0.8182436489015819,0.7085835065860301,0.7085835065860301,1.0,-0.03790545856859535,-0.03963402787339874,-0.036169620748842134,0.0008973863504417442,0.6464375,4,-0.08668044403347418,0.010869526896283482,0.015326255586433421,0.0898063274588172,0.125,-0.22273493170124403,-0.006869177671799516,-0.06458927528001368,-0.015287712156772614,,,False,env_mean_t,True,0,0.0,0.0,0.0,0.0,0.5,4,0.0,0.0,0.0,1.0,1.0,0.0,0.0,0.0,0.0,,,False,env_mean_t,True,0
B,posterior_mean_shrunk,family_horizon,B,50,,,all,,cp0,reference,False,4,4,8000,4,True,True,0.1522997218541568,0.14945584037341178,0.15514556996058673,0.0014419485177829664,0.6449262784864986,0.12225277941348033,0.030046942440676502,6.0,0.08333333333333331,13.947375000000001,0.30474999999999997,0.2269698,0.084,,,0.7972260003406555,0.7972260003406555,0.6749732209271752,0.0,0.0,0.0,0.0,0.0,0.5,4,0.0,0.0,0.0,1.0,1.0,0.0,0.0,0.0,0.0,,,False,env_mean_t,True,0,0.035937060522788666,0.032741613145117296,0.03922840321320109,0.0016534259227008134,0.43225,4,-0.033527913967962925,0.10540203501354026,0.021827540145900104,0.1982333693953946,0.125,-0.004522795971015944,0.7517646667048501,0.008524686820805073,0.07763761579664424,,,False,env_mean_t,True,0
B,posterior_mean_shrunk,family_horizon,B,50,,,all,,p3_star,reference,False,4,4,8000,4,True,True,0.11636266133136815,0.11386965482961386,0.11880671456456185,0.0012536881925139453,0.6808633390092873,0.03809819077327847,0.07826447055808966,21.0,0.39583333333333326,7.210875,9.4765,0.08910589999999999,0.0,,,0.7972260003406555,0.7972260003406555,0.759127809567377,0.0,-0.035937060522788666,-0.03922840321320109,-0.032741613145117296,0.0016534259227008134,0.56775,4,-0.10540203501354026,0.033527913967962925,0.021827540145900104,0.1982333693953946,0.125,-0.7517646667048501,0.004522795971015937,-0.07763761579664424,-0.008524686820805073,,,False,env_mean_t,True,0,0.0,0.0,0.0,0.0,0.5,4,0.0,0.0,0.0,1.0,1.0,0.0,0.0,0.0,0.0,,,False,env_mean_t,True,0
B,posterior_mean_shrunk,family_horizon,B,50,,,all,,phi_k16,learned,False,4,4,8000,4,True,True,0.11504059172060807,0.11252981096040457,0.11760129034519196,0.0012780257045552524,0.6821854086200473,0.0250557706207037,0.08998482109990437,23.637999999999998,0.4507916666666666,7.56975,15.240375,0.09685950000000002,0.0,0.0,,0.7972260003406555,0.7972260003406555,0.7721702297199518,0.0,-0.03725913013354876,-0.04057505467208102,-0.033948194119147956,0.001668726321283886,0.5734374999999999,4,-0.09400263357179367,0.019484373304696163,0.01783015265459015,0.12781722977809454,0.125,-1.3469861700084633,-0.005927902592954976,-0.07012167550576852,-0.01337530681490898,,,False,env_mean_t,True,0,-0.0013220696107600818,-0.003343829131335951,0.0007246938199386927,0.001040763701129621,0.5075625,4,-0.014871431246064345,0.012227292024544182,0.004257530319618816,0.7764854903732487,0.875,-0.009614957947751957,0.0749134168155512,-0.006364803005591967,0.007025574908591807,,,False,env_mean_t,True,0
B,posterior_mean_shrunk,family_horizon,B,50,,,all,,phi_k16_all71,learned,False,4,4,8000,4,True,True,0.1151323597264709,0.1126335887471214,0.11769042322412133,0.0012801416362616704,0.6820936406141845,0.024750336639583113,0.09038202308688778,23.71,0.45229166666666665,7.562874999999999,15.349874999999999,0.09670530000000002,0.0,0.0,,0.7972260003406555,0.7972260003406555,0.7724756637010723,0.0,-0.03716736212768592,-0.04047794897342101,-0.03387142277206294,0.0016686253741051626,0.573375,4,-0.09350490432025767,0.019170180064885828,0.017702590016691385,0.12662019159667873,0.125,-1.3324598590652235,-0.006126448399913966,-0.06973260799562558,-0.01337530681490898,,,False,env_mean_t,True,0,-0.0012303016048972495,-0.0032550524440011935,0.0008292291990073851,0.0010452534259528295,0.5074375,4,-0.015240779792727158,0.012780176582932658,0.004402424061191162,0.7980512605660294,0.875,-0.00984997452807323,0.06966137190239341,-0.006440645333961584,0.00741464241873473,,,False,env_mean_t,True,0
B,posterior_mean_shrunk,family_horizon,B,50,,,all,,phi_k16_nopolicy,learned,False,4,4,8000,4,True,True,0.11356614389462627,0.1111324428813532,0.11605398675892502,0.001250370474703193,0.6836598564460292,0.04098974568862468,0.07257639820600162,19.128,0.3568333333333333,8.027249999999999,8.567,0.104257,0.0,0.0,,0.7972260003406555,0.7972260003406555,0.7562362546520308,0.0,-0.038733577959530516,-0.041930723399855194,-0.03558924112003297,0.0016095157566576737,0.576125,4,-0.09969626535843909,0.022229109439378066,0.0191559201792955,0.1363904428540992,0.125,-1.6977170100111425,-0.004829938028408358,-0.07429554819548502,-0.013439399562776089,,,False,env_mean_t,True,0,-0.002796517436741851,-0.004646579738982836,-0.0009223634813679383,0.0009546888656236144,0.5077499999999999,4,-0.012105536217381557,0.006512501343897855,0.002925114169305624,0.40958318382484876,0.375,-0.008410228080372345,0.03250265211294387,-0.006531116864411161,0.0028196558449417354,,,False,env_mean_t,True,0
B,posterior_mean_shrunk,family_horizon,B,100,,,all,,cp0,reference,False,4,4,8000,4,True,True,0.13269167232519247,0.13030033439863473,0.135131318110507,0.0012282113193562239,0.6865067689045681,0.10914004060626029,0.023551631718932185,8.999625,0.07142474489795915,24.944125,0.5828749999999999,0.18627842500000003,0.270125,,,0.8191984412297606,0.8051276411730797,0.7100584006235003,0.0,0.0,0.0,0.0,0.0,0.5,4,0.0,0.0,0.0,1.0,1.0,0.0,0.0,0.0,0.0,,,False,env_mean_t,True,0,0.035331279574718794,0.03261893050512299,0.038070291632902806,0.0014142899502747604,0.4166875,4,-0.03194889256710469,0.10261145171654228,0.021141023504503594,0.19327151325789144,0.125,-0.0018459406248553245,1.0103054882641735,0.006709435142576694,0.07415317450650036,,,False,env_mean_t,True,0
B,posterior_mean_shrunk,family_horizon,B,100,,,all,,p3_star,reference,False,4,4,8000,4,True,True,0.09736039275047369,0.095263918756973,0.09950157329440117,0.0010848996636363968,0.721838048479287,0.03536304588243365,0.06199734686804004,36.0,0.34693877551020413,12.526375,16.1685,0.0697244,0.0,,,0.8191984412297606,0.8051276411730797,0.783835395347327,0.0,-0.035331279574718794,-0.038070291632902806,-0.03261893050512299,0.0014142899502747604,0.5833125,4,-0.10261145171654228,0.03194889256710469,0.021141023504503594,0.19327151325789144,0.125,-1.0103054882641735,0.0018459406248553245,-0.07415317450650036,-0.006709435142576694,,,False,env_mean_t,True,0,0.0,0.0,0.0,0.0,0.5,4,0.0,0.0,0.0,1.0,1.0,0.0,0.0,0.0,0.0,,,False,env_mean_t,True,0
B,posterior_mean_shrunk,family_horizon,B,100,,,all,,phi_k16,learned,False,4,4,8000,4,True,True,0.09606464847561438,0.09401104270946234,0.0981748796417378,0.0010687957357129855,0.7231337927541464,0.03006596025824547,0.0659986882173689,32.514250000000004,0.3113698979591837,15.899875,16.205875,0.10535645,0.0,1.6239999999999999,90.48687012065295,0.8191984412297606,0.8051276411730797,0.7891324809715152,0.176375,-0.03662702384957811,-0.039387370878830555,-0.0338369035103824,0.0014162573896152326,0.5948125000000001,4,-0.10133743792442002,0.028083390225263793,0.020333544659466962,0.16945745855567493,0.125,-0.471263637198073,0.0017202328506305403,-0.07573317180015146,-0.011257725380361079,,,False,env_mean_t,True,0,-0.0012957442748593167,-0.00323725542093598,0.0006579450870049186,0.0009941867388948689,0.5095625,4,-0.008058069565626243,0.00546658101590761,0.002124882760642235,0.5850808661116608,0.625,-0.006745716240144949,0.010075651019834696,-0.004548290237784386,0.0022410547068575397,,,False,env_mean_t,True,0
B,posterior_mean_shrunk,family_horizon,B,100,,,all,,phi_k16_all71,learned,False,4,4,8000,4,True,True,0.09573899239406455,0.09370241141878069,0.09782785788411275,0.0010621840848216565,0.723459448835696,0.02806108335033059,0.06767790904373396,33.949,0.3260102040816327,15.408875000000002,17.74275,0.10133232500000001,0.0,1.569,91.28286852589642,0.8191984412297606,0.8051276411730797,0.7911373578794301,0.18875,-0.036952679931127934,-0.03972242607269436,-0.03415266224183142,0.001421751464072134,0.595375,4,-0.10425254857430027,0.0303471887120444,0.021147212611705858,0.17889379980393558,0.125,-0.5995282795892641,0.0028109407392039668,-0.0776723169889301,-0.010811273373663426,,,False,env_mean_t,True,0,-0.0016214003564091403,-0.0035141271633619907,0.00028842475894634833,0.0009740814952289237,0.510125,4,-0.008548692732441243,0.005305892019622962,0.002176719325800078,0.5103879923942857,0.625,-0.006248084106359791,0.040234264254641536,-0.0043604070656001566,0.0027567796442890544,,,False,env_mean_t,True,0
B,posterior_mean_shrunk,family_horizon,B,100,,,all,,phi_k16_nopolicy,learned,False,4,4,8000,4,True,True,0.09601045578171033,0.09389626875054091,0.09814120917581022,0.001063703211145493,0.7231879854480503,0.03748151948675513,0.0585289362949552,28.055999999999997,0.26587755102040816,16.09875,9.374375,0.106257275,0.0,0.0,,0.8191984412297606,0.8051276411730797,0.7817169217430054,0.0,-0.03668121654348215,-0.03940757442614995,-0.033937770198099314,0.0013876067672504656,0.59575,4,-0.10073144384047016,0.027369010753505854,0.02012609833845353,0.16589457515015818,0.125,-0.4655708964708828,0.001047948088083131,-0.07521144198253751,-0.011273519702255725,,,False,env_mean_t,True,0,-0.001349936968763359,-0.0029057880818072587,0.00018737358150246997,0.0007852298513038842,0.514,4,-0.0076815786612714305,0.004981704723744713,0.0019895517740537716,0.5460985983094965,0.625,-0.009263520698078622,0.009071823675776301,-0.004564084559679032,0.0018642106221523134,,,False,env_mean_t,True,0
B,posterior_mean_shrunk,family_horizon,B,200,,,all,,cp0,reference,False,4,4,8000,4,True,True,0.11636916801240296,0.11433550637448206,0.11848148346180096,0.001062071571440897,0.7208599579380826,0.09848160103615373,0.017887566976249217,13.98075,0.06050883838383836,44.0005,1.09875,0.15414988125,0.7661250000000001,,,0.8372291259504855,0.8057239204440265,0.7387475249143317,0.0,0.0,0.0,0.0,0.0,0.5,4,0.0,0.0,0.0,1.0,1.0,0.0,0.0,0.0,0.0,,,False,env_mean_t,True,0,0.03337632882976322,0.030981243236965383,0.03580774768975061,0.001236531652120134,0.40425,4,-0.033875210089766565,0.100627867749293,0.021132026267929274,0.21236190493654672,0.25,-0.013019419502525796,0.7826360029754936,0.0014300054609775541,0.06868954989686608,,,False,env_mean_t,True,0
B,posterior_mean_shrunk,family_horizon,B,200,,,all,,p3_star,reference,False,4,4,8000,4,True,True,0.08299283918263972,0.08113655649358406,0.0848355097870808,0.0009498727806311635,0.7542362867678458,0.031505205506458876,0.05148763367618085,64.0,0.31313131313131315,22.900000000000002,29.416874999999997,0.059813937500000004,0.0,,70.0,0.8372291259504855,0.8057239204440265,0.8057239204440265,1.0,-0.03337632882976322,-0.03580774768975061,-0.030981243236965383,0.001236531652120134,0.59575,4,-0.100627867749293,0.033875210089766565,0.021132026267929274,0.21236190493654672,0.25,-0.7826360029754936,0.013019419502525796,-0.06868954989686608,-0.0014300054609775541,,,False,env_mean_t,True,0,0.0,0.0,0.0,0.0,0.5,4,0.0,0.0,0.0,1.0,1.0,0.0,0.0,0.0,0.0,,,False,env_mean_t,True,0
B,posterior_mean_shrunk,family_horizon,B,200,,,all,,phi_k16,learned,False,4,4,8000,4,True,True,0.08252972982349457,0.08068159386748448,0.08439535191864707,0.0009404347086189249,0.754699396126991,0.037299531700089573,0.04523019812340499,40.67275,0.19531691919191918,32.021375,9.6165,0.10481444375000001,0.0105,28.793,99.79469062901154,0.8372291259504855,0.8057239204440265,0.7999295942503959,0.347375,-0.03383943818890839,-0.03622024038049858,-0.031489084527129306,0.0011987135242006622,0.60025,4,-0.09388396835469123,0.02620509197687445,0.018867413431639973,0.17078186257228503,0.125,-1.1096363945598464,0.008033695394497595,-0.06513198474422098,-0.005234215497970581,,,False,env_mean_t,True,0,-0.0004631093591451645,-0.0014538778326823375,0.0005212438632952398,0.0005089243750467527,0.5041875,4,-0.008483567481717481,0.0075573487634271515,0.002520217893152265,0.8659222416320703,0.75,-0.0071334726302852165,0.006384012285409654,-0.0049071510583162305,0.004050598978996277,,,False,env_mean_t,True,0
B,posterior_mean_shrunk,family_horizon,B,200,,,all,,phi_k16_all71,learned,False,4,4,8000,4,True,True,0.08178219729932606,0.07991995718330144,0.08362638306571171,0.0009345142871865685,0.7554469286511594,0.03580959307588637,0.0459726042234397,43.374,0.20895959595959596,30.469375000000003,12.095,0.0970647625,0.0065,30.882749999999998,97.59981954887218,0.8372291259504855,0.8057239204440265,0.8014195328745991,0.383,-0.03458697071307688,-0.03697529666533228,-0.032228572558960875,0.0012075958879987656,0.6038125,4,-0.09617064164657621,0.026996700220422457,0.019351047912812874,0.17184618561168788,0.125,-0.9160188984955399,0.00680706440113233,-0.0670953862555325,-0.00551021508872509,,,False,env_mean_t,True,0,-0.0012106418833136559,-0.0021086075299535877,-0.0003115113186140662,0.000460515452382711,0.5079375,4,-0.00811394758925715,0.005692663822629839,0.0021691821459743628,0.6157137466605362,0.75,-0.00878275812648852,0.003813666721848204,-0.005311561033129692,0.002218804322183132,,,False,env_mean_t,True,0
B,posterior_mean_shrunk,family_horizon,B,200,,,all,,phi_k16_nopolicy,learned,False,4,4,8000,4,True,True,0.08255486527728499,0.08070285650901496,0.08441698570968584,0.0009416819750238485,0.7546742606732005,0.03499939962662756,0.04755546565065742,47.711,0.23086363636363638,28.029749999999996,14.931750000000001,0.08415514375000001,0.00475,15.12125,103.8297118708608,0.8372291259504855,0.8057239204440265,0.8022297263238579,0.333625,-0.033814302735117964,-0.03621640854835277,-0.031452869331405967,0.0012097562792031692,0.6016250000000001,4,-0.09530866244484454,0.027680056974608618,0.019322984211117587,0.17843399334767868,0.125,-3.721931194455058,0.008845850533406995,-0.0657437570616603,-0.004548272237181664,,,False,env_mean_t,True,0,-0.00043797390535473815,-0.0013838789127476048,0.0004918979662761555,0.0004866235507856263,0.50525,4,-0.006753597754580204,0.0058776499438707285,0.0019845185883387412,0.8394964448600987,0.75,-0.0055002198569855925,0.004843881513228539,-0.003881942421197891,0.003098325867205858,,,False,env_mean_t,True,0
B,posterior_mean_shrunk,family_horizon,B,500,,,all,,cp0,reference,False,4,4,8000,4,True,True,0.10506768222991378,0.1032852460979484,0.10682340335042681,0.0008877274618065383,0.7517238118117675,0.09558567926473915,0.009482002965174615,21.870874999999998,0.039901355421686754,112.05087499999999,1.7890000000000001,0.150407589,2.61325,,,0.8567914940416813,0.805744226699695,0.761205814776942,0.0,0.0,0.0,0.0,0.0,0.5,4,0.0,0.0,0.0,1.0,1.0,0.0,0.0,0.0,0.0,,,False,env_mean_t,True,0,0.03269871895667165,0.030898419742516125,0.03450264844650519,0.0009144298807803267,0.3843125,4,-0.025137623963730267,0.09053506187707358,0.01817354870194611,0.169807778383305,0.125,-0.053518707223667326,9.771064162131704,0.002220569461584091,0.06317686845175922,,,False,env_mean_t,True,0
B,posterior_mean_shrunk,family_horizon,B,500,,,all,,p3_star,reference,False,4,4,8000,4,True,True,0.07236896327324212,0.07080819739057916,0.07391580802068347,0.0007919237353298727,0.7844225307684392,0.0510472673419863,0.021321695931255817,64.0,0.12449799196787148,75.063,18.176624999999998,0.086997551,2.6901249999999997,,68.0,0.8567914940416813,0.805744226699695,0.805744226699695,1.0,-0.03269871895667165,-0.03450264844650519,-0.030898419742516125,0.0009144298807803267,0.6156874999999999,4,-0.09053506187707358,0.025137623963730267,0.01817354870194611,0.169807778383305,0.125,-9.771064162131704,0.053518707223667326,-0.06317686845175921,-0.002220569461584091,,,False,env_mean_t,True,0,0.0,0.0,0.0,0.0,0.5,4,0.0,0.0,0.0,1.0,1.0,0.0,0.0,0.0,0.0,,,False,env_mean_t,True,0
B,posterior_mean_shrunk,family_horizon,B,500,,,all,,phi_k16,learned,False,4,4,8000,4,True,True,0.07210627914406359,0.070545352557383,0.07366209836327471,0.0007897336249549874,0.7846852148976176,0.05161657843925059,0.020489700704813006,56.74275,0.10992520080321286,78.461375,12.010375,0.09338095400000002,2.416,181.745,107.57652763818413,0.8567914940416813,0.805744226699695,0.8051749156024307,0.610625,-0.032961403085850174,-0.03476172938462696,-0.031181120917608496,0.0009115701130129111,0.6196250000000001,4,-0.09033512526644202,0.024412319094741668,0.018028182309104853,0.16494472178816072,0.125,-1.9280318988077951,0.05182924376793545,-0.06317686845175922,-0.002745937719941139,,,False,env_mean_t,True,0,-0.000262684129178524,-0.0005408598494511806,9.587559600276997e-06,0.0001403262348386358,0.502625,4,-0.0010267788204168802,0.000501410562059832,0.00024009664828272373,0.3539010922583995,0.5,-0.0036557380758872647,0.00020051963482363634,-0.0007359739691019057,0.0,,,False,env_mean_t,True,0
B,posterior_mean_shrunk,family_horizon,B,500,,,all,,phi_k16_all71,learned,False,4,4,8000,4,True,True,0.0721993519756943,0.07062657571950695,0.0737439517324674,0.0007916086760401046,0.7845921420659869,0.05133308565057815,0.020866266325116158,59.533249999999995,0.11552861445783133,76.8735,14.289749999999998,0.09035471700000001,2.515375,178.264,101.1886187938289,0.8567914940416813,0.805744226699695,0.8054584083911032,0.745375,-0.03286833025421947,-0.03468627991969697,-0.031058035789465067,0.0009137709385481285,0.61825,4,-0.0904051545953583,0.024668494086919353,0.01807943287074864,0.16665378342463175,0.125,-2.7440975674099723,0.05242528315257528,-0.06317686845175921,-0.0025597920566797256,,,False,env_mean_t,True,0,-0.00016961129754781724,-0.00037799638157594013,3.4884061835782615e-05,0.0001055690350663886,0.500875,4,-0.000656565505767755,0.0003173429106721204,0.00015301254491284396,0.3485319482027676,0.5,-0.0020430529455781705,0.0001239165581498047,-0.00047041310369968413,0.0,,,False,env_mean_t,True,0
B,posterior_mean_shrunk,family_horizon,B,500,,,all,,phi_k16_nopolicy,learned,False,4,4,8000,4,True,True,0.0723736137021333,0.07081012629787438,0.07391979706881102,0.0007919263039021173,0.7844178803395478,0.0510472673419863,0.021326346360147,64.0,0.12449799196787148,75.03075,18.157125,0.08689142200000001,2.6878749999999996,257.23175,76.52199999999999,0.8567914940416813,0.805744226699695,0.805744226699695,1.0,-0.03269406852778047,-0.034499311086256056,-0.030893054760963424,0.0009144335076347664,0.615,4,-0.09053871692267416,0.02515057986711322,0.018176158478732597,0.16989524759700347,0.125,-9.035036172178925,0.053548895886876745,-0.06317686845175921,-0.002211268603801727,,,False,env_mean_t,True,0,4.6504288911819455e-06,-2.9639018350735564e-06,1.306481958636141e-05,4.077515153468507e-06,0.499875,4,-1.0149311351544648e-05,1.9450169133908537e-05,4.6504288911819455e-06,0.3910022189557705,1.0,-4.650428891181944e-06,4.6504288911819455e-06,0.0,1.3951286673545836e-05,,,False,env_mean_t,True,0
B,posterior_mean_shrunk,family_horizon,B,1000,,,all,,cp0,reference,False,4,4,8000,4,True,True,0.09587520152889192,0.09436833522631786,0.09740348900377285,0.0007808448556533706,0.7728565098959953,0.09021902563981712,0.005656175889074803,30.426250000000003,0.02848321643286572,242.07362500000002,2.6996249999999997,0.16286152799999998,7.088125,,,0.8687317114248871,0.8056289869286121,0.77851268578507,0.0,0.0,0.0,0.0,0.0,0.5,4,0.0,0.0,0.0,1.0,1.0,0.0,0.0,0.0,0.0,,,False,env_mean_t,True,0,0.023889222502708436,0.02263117683323799,0.025209950967837357,0.0006558711910898497,0.384125,4,-0.0163845791743818,0.06416302417979868,0.012654982304092613,0.1555022643011414,0.125,-2.474157137194581,0.8879657398855771,0.0019752720594406127,0.04580317294597626,,,False,env_mean_t,True,0
B,posterior_mean_shrunk,family_horizon,B,1000,,,all,,p3_star,reference,False,4,4,8000,4,True,True,0.07198597902618349,0.07062970423212392,0.07336727120855357,0.0006956721918344584,0.7967457323987037,0.06310272449627519,0.0088832545299083,64.0,0.062124248496993974,191.994125,11.05475,0.11684063850000001,9.948625,,272.0,0.8687317114248871,0.8056289869286121,0.8056289869286121,1.0,-0.023889222502708436,-0.025209950967837357,-0.02263117683323799,0.0006558711910898497,0.615875,4,-0.06416302417979868,0.0163845791743818,0.012654982304092613,0.1555022643011414,0.125,-0.8879657398855771,2.474157137194581,-0.04580317294597626,-0.0019752720594406127,,,False,env_mean_t,True,0,0.0,0.0,0.0,0.0,0.5,4,0.0,0.0,0.0,1.0,1.0,0.0,0.0,0.0,0.0,,,False,env_mean_t,True,0
B,posterior_mean_shrunk,family_horizon,B,1000,,,all,,phi_k16,learned,False,4,4,8000,4,True,True,0.07198449583910406,0.07062882086393074,0.07336707380745792,0.0006956933537131112,0.7967472155857831,0.06310272449627519,0.00888177134282887,64.0,0.062124248496993974,192.164875,11.0815,0.11712287375000001,9.937125,751.6477500000001,74.344,0.8687317114248871,0.8056289869286121,0.8056289869286121,1.0,-0.023890705689787864,-0.025212160880619193,-0.02263144875614671,0.0006558547977401474,0.6154375000000001,4,-0.0641718693641306,0.016390457984554865,0.012657295617985849,0.15553725778729433,0.125,-0.8848116645331913,2.5389811541588108,-0.045808654755353936,-0.001972756624221802,,,False,env_mean_t,True,0,-1.4831870794296264e-06,-9.126280457394383e-06,4.810105485830716e-06,3.5587370066706927e-06,0.49975,4,-1.2224875183712209e-05,9.258501024852957e-06,3.3752928011537925e-06,0.6900808641598468,1.0,-1.558944282238727e-05,6.8162174986720256e-06,-8.222714066505432e-06,3.7731528282165526e-06,,,False,env_mean_t,True,0
B,posterior_mean_shrunk,family_horizon,B,1000,,,all,,phi_k16_all71,learned,False,4,4,8000,4,True,True,0.07198637966625393,0.07063007161123096,0.0733665311767254,0.0006956942359781672,0.7967453317586333,0.06310272449627519,0.008883655169978738,64.0,0.062124248496993974,192.1515,11.074,0.11709984175,9.937125,652.736,73.934,0.8687317114248871,0.8056289869286121,0.8056289869286121,1.0,-0.023888821862637997,-0.02521037261976744,-0.02262904012313811,0.000655854631168522,0.6150625000000001,4,-0.06417354661259096,0.016395902887314972,0.012658414592280664,0.155585758049161,0.125,-0.8798085645484325,2.539430993786274,-0.045808654755353936,-0.0019689889699220655,,,False,env_mean_t,True,0,4.006400704383852e-07,-7.309700968960439e-06,6.846264648174837e-06,3.6278616489858466e-06,0.499625,4,-1.4902364635579398e-05,1.570364477645617e-05,4.808566504519094e-06,0.9388468032771323,1.0,-1.3411824690568786e-05,1.5529211314970354e-05,-8.222714066505432e-06,9.424634277820587e-06,,,False,env_mean_t,True,0
B,posterior_mean_shrunk,family_horizon,B,1000,,,all,,phi_k16_nopolicy,learned,False,4,4,8000,4,True,True,0.07198400340788066,0.07062826521287206,0.07336598395631881,0.0006956939270862726,0.7967477080170066,0.06310272449627519,0.008881278911605478,64.0,0.062124248496993974,192.19674999999998,11.10225,0.11717985574999999,9.937125,851.7645,66.62,0.8687317114248871,0.8056289869286121,0.8056289869286121,1.0,-0.02389119812101126,-0.025213891691237222,-0.022632522194908234,0.0006558534755223487,0.6155625,4,-0.0641714310276512,0.016389034785628684,0.012657003148729968,0.15552458202501832,0.125,-0.8861292710899792,2.5388635788752127,-0.045808654755353936,-0.0019737414866685867,,,False,env_mean_t,True,0,-1.975618302822113e-06,-9.355086939422105e-06,3.912188844878981e-06,3.4369714933015256e-06,0.49987499999999996,4,-1.1782824478990153e-05,7.831587873345927e-06,3.0816564477098853e-06,0.5670778040149523,1.0,-1.9176010599211725e-05,5.0481220767813295e-06,-8.222714066505432e-06,2.295859158039093e-06,,,False,env_mean_t,True,0
B,posterior_mean_shrunk,family,A,all,,,all,,cp0,reference,False,20,4,40000,20,True,True,0.1760813248241331,0.1749276219587773,0.1772008157754317,0.0005861249375127437,0.5844788043333207,0.15322368872971273,0.022857636094420375,16.237374999999997,0.05670930893765783,78.185575,0.43005000000000004,0.1513031459,1.443675,,,0.7605601291574537,0.7058072974838318,0.6073364404277409,0.0,0.0,0.0,0.0,0.0,0.5,20,0.0,0.0,0.0,1.0,1.0,0.0,0.0,0.0,0.0,,,False,env_mean_t,True,0,0.04130502462455515,0.040020594424568116,0.04260295824089553,0.0006524489098669212,0.3943875,20,-0.030480147652809902,0.11309019690192021,0.02255660124043022,0.16447748532562553,0.125,-0.00021296386136758494,0.8004782068624066,0.0126428699798882,0.0841823939011814,,,False,env_mean_t,True,0
B,posterior_mean_shrunk,family,A,all,,,all,,p3_star,reference,False,20,4,40000,20,True,True,0.13477630019957795,0.1336810822575353,0.13583405134035276,0.0005501917751920219,0.6257838289578759,0.07259161860607564,0.06218468159350232,49.8,0.24850513248794318,46.273925000000006,8.61545,0.054986864300000014,1.1269000000000002,,136.66666666666666,0.7605601291574537,0.7058072974838318,0.6879685105513782,0.6,-0.04130502462455515,-0.04260295824089553,-0.040020594424568116,0.0006524489098669212,0.6056125,20,-0.11309019690192021,0.030480147652809902,0.02255660124043022,0.16447748532562553,0.125,-0.8004782068624066,0.00021296386136758494,-0.0841823939011814,-0.0126428699798882,,,False,env_mean_t,True,0,0.0,0.0,0.0,0.0,0.5,20,0.0,0.0,0.0,1.0,1.0,0.0,0.0,0.0,0.0,,,False,env_mean_t,True,0
B,posterior_mean_shrunk,family,A,all,,,all,,phi_k16,learned,False,20,4,40000,20,True,True,0.13266729249074632,0.13162946852389723,0.133720619645901,0.000543086951586487,0.6278928366667075,0.06785740608200433,0.06480988640874202,47.474900000000005,0.26222275132445183,48.70440000000001,9.494499999999999,0.06377396425000001,1.1283750000000003,215.57510000000002,86.31141330991319,0.7605601291574537,0.7058072974838318,0.6927027230754496,0.515925,-0.043414032333386775,-0.044724577647866685,-0.04212385405495297,0.0006620088261922936,0.60785,20,-0.11976434995051108,0.03293628528373751,0.023991078023959885,0.1680593366603697,0.125,-3.4093736453529484,0.0003999027983153866,-0.0891316981996908,-0.013609339447319508,,,False,env_mean_t,True,0,-0.002109007708831632,-0.002901269081230566,-0.0013307901077405412,0.00040053227957202264,0.5013124999999999,20,-0.007295513334502145,0.0030774979168388806,0.0016297229012346677,0.2862510163695733,0.5,-0.1879093224259698,0.0008265363625313219,-0.004969600066156999,0.00022515381691337095,,,False,env_mean_t,True,0
B,posterior_mean_shrunk,family,A,all,,,all,,phi_k16_all71,learned,False,20,4,40000,20,True,True,0.1325169269717815,0.1314736948022619,0.13355902643874287,0.0005431446719250268,0.6280432021856722,0.06682742522656918,0.06568950174521233,48.52440000000001,0.2683404832291889,48.078175,10.316475,0.061812482300000006,1.1272000000000002,202.12270000000004,85.97808771619239,0.7605601291574537,0.7058072974838318,0.6937327039308847,0.5347,-0.04356439785235161,-0.04486220661085099,-0.04226656660379376,0.0006636811641209444,0.6089500000000001,20,-0.11958365167718121,0.03245485597247799,0.023887049939732657,0.1656966087550698,0.125,-4.636736593570534,5.014362540158024e-05,-0.08910545396465204,-0.013972738222777845,,,False,env_mean_t,True,0,-0.002259373227796459,-0.0030307691377674923,-0.0014906552707179802,0.00039434673383393216,0.5028,20,-0.007287455442794234,0.0027687089872013163,0.0015799425136096784,0.24806580012707596,0.5,-0.0864065310853241,0.0010654573714419958,-0.00492306006347062,0.00010517208506644238,,,False,env_mean_t,True,0
B,posterior_mean_shrunk,family,A,all,,,all,,phi_k16_nopolicy,learned,False,20,4,40000,20,True,True,0.13312658800464489,0.1320627676532604,0.13418159027583895,0.0005462340373422569,0.6274335411528089,0.074031720357202,0.059094867647442886,46.8213,0.22699487171696814,47.22685,6.25345,0.061794262499999995,1.1254750000000002,240.05840000000003,79.00628865474147,0.7605601291574537,0.7058072974838318,0.6865284088002517,0.5041249999999999,-0.04295473681948824,-0.04422165510710328,-0.04170087478356436,0.0006451690854792373,0.6110625,20,-0.11567273830837148,0.02976326466939498,0.02284971827117774,0.1567136214457658,0.125,-8.829769696312285,-0.0014782672042731454,-0.0863744203764498,-0.014465885680913925,,,False,env_mean_t,True,0,-0.0016497121949330905,-0.0022908753486262866,-0.0010268261890132636,0.00031904915834267145,0.5043875,20,-0.004288942555554609,0.0009895181656884283,0.0008293086850325468,0.140784750652533,0.125,-0.026904693186941907,0.006740573177787338,-0.0030732187294779576,-0.0002262056603882229,,,False,env_mean_t,True,0
B,posterior_mean_shrunk,family,B,all,,,all,,cp0,reference,False,20,4,40000,20,True,True,0.12046068919011158,0.11950422862137201,0.12143526876985562,0.0004945095886164392,0.7153746654073825,0.10313582519209012,0.01732486399802146,16.2555,0.05673029769393666,87.40330000000002,1.295,0.17613344465,2.1643250000000003,,,0.8358353545974941,0.8038901551172136,0.732699529405404,0.0,0.0,0.0,0.0,0.0,0.5,20,0.0,0.0,0.0,1.0,1.0,0.0,0.0,0.0,0.0,,,False,env_mean_t,True,0,0.032246522077330156,0.031164895671900013,0.033327116009486416,0.0005487947848938693,0.40432500000000005,20,-0.026130205628968402,0.0906232497836287,0.0183433503997782,0.17700258170469574,0.125,-0.010159555443616207,3.6564294974105422,0.004171993789076805,0.06213004113184288,,,False,env_mean_t,True,0
B,posterior_mean_shrunk,family,B,all,,,all,,p3_star,reference,False,20,4,40000,20,True,True,0.08821416711278143,0.08735319341067224,0.08907911108137341,0.0004364448494214043,0.7476211874847125,0.0438232868000865,0.04439088031269493,49.8,0.24850513248794318,61.93887500000001,16.85865,0.08449648540000002,2.52775,,136.66666666666666,0.8358353545974941,0.8038901551172136,0.7920120677974074,0.6,-0.032246522077330156,-0.033327116009486416,-0.031164895671900013,0.0005487947848938693,0.5956749999999998,20,-0.0906232497836287,0.026130205628968402,0.0183433503997782,0.17700258170469574,0.125,-3.6564294974105422,0.010159555443616207,-0.06213004113184288,-0.004171993789076805,,,False,env_mean_t,True,0,0.0,0.0,0.0,0.0,0.5,20,0.0,0.0,0.0,1.0,1.0,0.0,0.0,0.0,0.0,,,False,env_mean_t,True,0
B,posterior_mean_shrunk,family,B,all,,,all,,phi_k16,learned,False,20,4,40000,20,True,True,0.08754514900057693,0.08667333439079812,0.08842452094642794,0.0004367040145518479,0.748290205596917,0.0414281131029129,0.04611703589766403,43.513549999999995,0.22590558662359522,65.22345,12.830924999999999,0.10350684429999998,2.4727249999999996,192.76195,92.35376933767213,0.8358353545974941,0.8038901551172136,0.7944072414945811,0.42687500000000006,-0.03291554018953466,-0.03399188662951928,-0.03182043974957196,0.000547300730083347,0.6007125,20,-0.08674152967602483,0.02091044929695552,0.016913400674545463,0.14682947058767584,0.125,-1.168087811372369,0.007005891751406673,-0.06041400094358251,-0.006917188407480718,,,False,env_mean_t,True,0,-0.0006690181122045032,-0.0012615224143951308,-6.40097074500547e-05,0.0003066140564092416,0.5047374999999998,20,-0.005450090374156405,0.004112054149747399,0.0015023261363480193,0.6862607566745387,0.625,-0.003953256671789358,0.004495299135623685,-0.002980725701048505,0.0020977136621251704,,,False,env_mean_t,True,0
B,posterior_mean_shrunk,family,B,all,,,all,,phi_k16_all71,learned,False,20,4,40000,20,True,True,0.08736785621236194,0.08651821491890586,0.0882412894796289,0.0004359334517033607,0.7484674983851319,0.04061136464253068,0.04675649156983127,44.91325,0.23298286593254408,64.49322500000001,14.110275000000001,0.10051138925,2.4918,172.69035,89.85465427707106,0.8358353545974941,0.8038901551172136,0.7952239899549631,0.463425,-0.033092832977749634,-0.03415504914752091,-0.03198230578578659,0.0005487840492860813,0.6011749999999999,20,-0.08764214163335668,0.02145647567785742,0.017140684688078063,0.14906979128179182,0.125,-1.2860489126498644,0.006651119539162267,-0.061098992723878476,-0.0068451152607798575,,,False,env_mean_t,True,0,-0.0008463109004194849,-0.0014245254704883335,-0.0002504757767474076,0.0003009732179607873,0.5052,20,-0.004891440826445976,0.0031988190256070064,0.0012710756248457355,0.5531451424451089,0.625,-0.0036643670432267073,0.0032111756544113386,-0.0028599210788379423,0.0013852764209732415,,,False,env_mean_t,True,0
B,posterior_mean_shrunk,family,B,all,,,all,,phi_k16_nopolicy,learned,False,20,4,40000,20,True,True,0.08729781641272713,0.08645500585625995,0.08815846867684742,0.0004332571106625869,0.7485375381847669,0.045524131328053774,0.04177368508467334,44.579,0.20803935223644862,63.876650000000005,12.4265,0.09974813930000001,2.52595,224.82350000000002,78.02274237417217,0.8358353545974941,0.8038901551172136,0.7903112232694401,0.466725,-0.03316287277738447,-0.034219891195389214,-0.032092897145194,0.0005383618183994877,0.6008124999999999,20,-0.08806133580141465,0.021735590246645703,0.017250397259769668,0.15027691364269757,0.125,-1.6691849952071656,0.007231548206912193,-0.06122412832500414,-0.0066892403185367585,,,False,env_mean_t,True,0,-0.0009163507000543176,-0.0014429517968032712,-0.0003962286354326495,0.00026569513872907097,0.5053500000000001,20,-0.004575599907830416,0.0027428985077217814,0.0011498227642366729,0.4837241959994851,0.5,-0.0034436724537396856,0.0029009407546160826,-0.0027062911950983108,0.0011821411184966568,,,False,env_mean_t,True,0
B,posterior_mean_shrunk,horizon,all,50,,,all,,cp0,reference,False,8,8,16000,8,True,True,0.1726636366697812,0.17058693977305667,0.1747591433348134,0.0010570593690363648,0.5734054857564306,0.13884052658092697,0.03382311008885426,6.0,0.08333333333333331,13.2935625,0.21893749999999998,0.21726240000000002,0.048812499999999995,,,0.7460691224262119,0.7460691224262119,0.6072285958452849,0.0,0.0,0.0,0.0,0.0,0.5,8,0.0,0.0,0.0,1.0,1.0,0.0,0.0,0.0,0.0,,,False,env_mean_t,True,0,0.03717287786717588,0.034800786424602846,0.03959675625083037,0.0012242566996680797,0.43440625,8,0.0020812958528587736,0.07226445988149299,0.01484023602933101,0.04070112125455597,0.0078125,0.009897401033496105,0.19050467506563862,0.0129943254207255,0.0685766818236371,,,False,env_mean_t,True,0
B,posterior_mean_shrunk,horizon,all,50,,,all,,p3_star,reference,False,8,8,16000,8,True,True,0.13549075880260536,0.1336013113381341,0.13740217322483658,0.0009650127464562767,0.6105783636236065,0.046391586704179644,0.08909917209842569,21.0,0.39583333333333326,6.3886875,7.8921875,0.08029925,0.0,,,0.7460691224262119,0.7460691224262119,0.6996775357220322,0.0,-0.03717287786717588,-0.03959675625083037,-0.034800786424602846,0.0012242566996680797,0.56559375,8,-0.07226445988149299,-0.0020812958528587736,0.01484023602933101,0.04070112125455597,0.0078125,-0.1947873553458767,-0.010250642821491275,-0.06813193141017654,-0.012952343014225334,,,False,env_mean_t,True,0,0.0,0.0,0.0,0.0,0.5,8,0.0,0.0,0.0,1.0,1.0,0.0,0.0,0.0,0.0,,,False,env_mean_t,True,0
B,posterior_mean_shrunk,horizon,all,50,,,all,,phi_k16,learned,False,8,8,16000,8,True,True,0.1326501303307141,0.13077755762496962,0.13456737078959122,0.000958352503411033,0.6134189920954978,0.028992521923035385,0.10365760840767871,25.122,0.48170833333333324,6.518375,16.2051875,0.08371565,0.0,0.0,,0.7460691224262119,0.7460691224262119,0.7170766005031765,0.0,-0.04001350633906713,-0.04247302321891766,-0.037567808365565725,0.0012495125192099807,0.5723437499999999,8,-0.07558688848662132,-0.004440124191512948,0.015043989387993615,0.03247810669219532,0.0078125,-0.1829152150341204,-0.01374182556974489,-0.06991971179821116,-0.016000282241407652,,,False,env_mean_t,True,0,-0.0028406284718912505,-0.004442868621663365,-0.0011682454529363907,0.0008406954547908463,0.5048125,8,-0.00954847882631307,0.003867221882530569,0.0028367510609364206,0.35000015722097233,0.328125,-0.008442839680608438,0.005362948051288156,-0.007889228920306777,0.0023633890511191562,,,False,env_mean_t,True,0
B,posterior_mean_shrunk,horizon,all,50,,,all,,phi_k16_all71,learned,False,8,8,16000,8,True,True,0.13260866297654683,0.13073807898908854,0.13453534012660384,0.0009585159266157013,0.613460459449665,0.02875170804094523,0.1038569549356016,25.18,0.48291666666666655,6.511875,16.291249999999998,0.0835899,0.0,0.0,,0.7460691224262119,0.7460691224262119,0.7173174143852666,0.0,-0.040054973693234394,-0.042506439855787906,-0.037605472598806956,0.0012496951096559034,0.5725625,8,-0.07561370153707545,-0.00449624584939335,0.015037792080449607,0.03229706898997125,0.0078125,-0.1818936321720669,-0.013679474716543846,-0.070411263035518,-0.01615907085897616,,,False,env_mean_t,True,0,-0.002882095826058503,-0.0044962061952901426,-0.001197814093029593,0.0008427652512705926,0.50509375,8,-0.009759480176683558,0.003995288524566551,0.002908447016896036,0.35472453381973273,0.34375,-0.008885869355772746,0.0052716590815067845,-0.0079977406610873,0.002545007150742456,,,False,env_mean_t,True,0
B,posterior_mean_shrunk,horizon,all,50,,,all,,phi_k16_nopolicy,learned,False,8,8,16000,8,True,True,0.13221129509586355,0.13036834625527263,0.13411777305882425,0.0009576874984433054,0.6138578273303483,0.04861300704441965,0.0835982880514439,19.573,0.3661041666666666,7.078312499999999,7.9887500000000005,0.09275975,0.0,0.0,,0.7460691224262119,0.7460691224262119,0.6974561153817922,0.0,-0.040452341573917694,-0.042771651613293216,-0.03812211978947744,0.0011983788159395294,0.57453125,8,-0.07451693982074409,-0.006387743327091293,0.014405924418596687,0.026219813120041766,0.0078125,-0.2160143231837078,-0.01473989478432599,-0.06931744501911703,-0.01689574377090321,,,False,env_mean_t,True,0,-0.003279463706741808,-0.00469175751259172,-0.0018141814791306388,0.0007349000610781808,0.50725,8,-0.006940727576593166,0.0003818001631095496,0.0015483491160953678,0.07192949220023626,0.0625,-0.006056474390240636,0.003458593891419331,-0.005740194583620906,-0.0001286863499616638,,,False,env_mean_t,True,0
B,posterior_mean_shrunk,horizon,all,100,,,all,,cp0,reference,False,8,8,16000,8,True,True,0.15884465639229167,0.15700638712733053,0.16069432991789653,0.0009458163543894134,0.6159783621800016,0.13171351798833347,0.02713113840395818,8.9995625,0.0714241071428571,23.4593125,0.4075,0.17383552500000002,0.174,,,0.7748230185722932,0.7564968724176289,0.6431095005839598,0.0,0.0,0.0,0.0,0.0,0.5,8,0.0,0.0,0.0,1.0,1.0,0.0,0.0,0.0,0.0,,,False,env_mean_t,True,0,0.03652387198377983,0.034385683963773776,0.03866672233270947,0.0010971599503460455,0.4201875,8,0.0017004841261994072,0.07134725984136026,0.014726816674625486,0.04220437934462232,0.0078125,0.009652346621743975,0.15759620717041303,0.012075345965260931,0.06664388551563025,,,False,env_mean_t,True,0
B,posterior_mean_shrunk,horizon,all,100,,,all,,p3_star,reference,False,8,8,16000,8,True,True,0.12232078440851182,0.12064147259807215,0.12403767857467755,0.0008755479091126599,0.6525022341637814,0.04622674508113414,0.07609403932737768,36.0,0.34693877551020413,10.6471875,13.107500000000002,0.05896185000000001,0.0,,,0.7748230185722932,0.7564968724176289,0.7285962734911591,0.0,-0.03652387198377983,-0.03866672233270947,-0.034385683963773776,0.0010971599503460455,0.5798125000000001,8,-0.07134725984136026,-0.0017004841261994072,0.014726816674625486,0.04220437934462232,0.0078125,-0.15672750281077183,-0.010175612236935524,-0.0659498735966277,-0.012223923941608518,,,False,env_mean_t,True,0,0.0,0.0,0.0,0.0,0.5,8,0.0,0.0,0.0,1.0,1.0,0.0,0.0,0.0,0.0,,,False,env_mean_t,True,0
B,posterior_mean_shrunk,horizon,all,100,,,all,,phi_k16,learned,False,8,8,16000,8,True,True,0.11825423721049447,0.11660236499155871,0.11993438263889403,0.0008628712772700118,0.6565687813617989,0.03662470321170986,0.08162953399878461,36.4405,0.3514336734693878,12.869062499999998,17.739,0.0828513375,0.0,2.2729999999999997,87.76244427691634,0.7748230185722932,0.7564968724176289,0.7381983153605833,0.2404375,-0.04059041918179719,-0.042810406477656215,-0.03836895789427217,0.0011298672019610235,0.590625,8,-0.0780600609785699,-0.0031207773850244758,0.015845917917628388,0.03746572953937139,0.0078125,-0.18770235325548168,-0.013014702868990896,-0.07122829333395929,-0.01538362764783451,,,False,env_mean_t,True,0,-0.0040665471980173605,-0.005716041720938847,-0.0023855342587921777,0.0008423994800035997,0.51271875,8,-0.009465634294258844,0.0013325398982241233,0.002283274855446788,0.11811951262640871,0.1015625,-0.011404677777500132,-0.0001279729615596319,-0.008668166316517453,-0.00029278954264009367,,,False,env_mean_t,True,0
B,posterior_mean_shrunk,horizon,all,100,,,all,,phi_k16_all71,learned,False,8,8,16000,8,True,True,0.11823519819008653,0.11657685475074686,0.11992649140302092,0.0008614178467985699,0.6565878203822066,0.034404033116064964,0.08383116507402155,37.9945,0.3672908163265306,12.447750000000001,19.558125,0.0795127125,0.0,2.208375,88.97875483711088,0.7748230185722932,0.7564968724176289,0.7404189854562283,0.262125,-0.04060945820220513,-0.042835698535782285,-0.038393338363675866,0.001133170878561956,0.59065625,8,-0.07842133458593545,-0.002797581818474816,0.01599064898292431,0.03868799786576006,0.0078125,-0.1968646040505738,-0.012091259808087944,-0.07278275261666858,-0.014836331970785977,,,False,env_mean_t,True,0,-0.004085586218425305,-0.00568367898267752,-0.002449482008796622,0.0008255319568900118,0.51309375,8,-0.00922542787433089,0.001054255437480279,0.0021736399144360653,0.1022250711827699,0.078125,-0.010058628511948435,-0.00019789874994782753,-0.008548095185513374,-0.00041686586574360423,,,False,env_mean_t,True,0
B,posterior_mean_shrunk,horizon,all,100,,,all,,phi_k16_nopolicy,learned,False,8,8,16000,8,True,True,0.12009181523017469,0.11843958341050893,0.12177211768575943,0.0008626497390031835,0.6547312033421185,0.04757099393755197,0.07252082129262272,30.394875,0.2897436224489796,13.2049375,8.3990625,0.08461818750000001,0.0,0.0,,0.7748230185722932,0.7564968724176289,0.7272520246347413,0.0,-0.03875284116211697,-0.04091898233164102,-0.03668111898005009,0.0010829501249603683,0.590125,8,-0.07371159601141622,-0.0037940863128177182,0.014784063398551135,0.034346321683507396,0.0078125,-0.1771936029405476,-0.013625951242128058,-0.0666267243137743,-0.01485769323773057,,,False,env_mean_t,True,0,-0.0022289691783371384,-0.003451995204159175,-0.000999787844898494,0.000629410056166201,0.511,8,-0.005302995015528464,0.0008450566588541876,0.0013000060517524919,0.13013890444562767,0.1484375,-0.005377126142089099,0.0011204092717691013,-0.004581456260813866,0.00020472914475249125,,,False,env_mean_t,True,0
B,posterior_mean_shrunk,horizon,all,200,,,all,,cp0,reference,False,8,8,16000,8,True,True,0.14604079349513632,0.14440732331713663,0.14768327485071495,0.0008408774183034372,0.6535675235335948,0.12442453552410007,0.021616257971036248,13.982625,0.060518308080808055,40.8958125,0.7611249999999999,0.14017535625,0.5449999999999999,,,0.7996083170287311,0.7572921019364148,0.6751837815046311,0.0,0.0,0.0,0.0,0.0,0.5,8,0.0,0.0,0.0,1.0,1.0,0.0,0.0,0.0,0.0,,,False,env_mean_t,True,0,0.039782364065686124,0.03787438645858856,0.04172225565325789,0.0009891934543530855,0.40234375,8,1.4015060378694266e-06,0.07956332662533439,0.016823375863142843,0.049993873319901024,0.015625,0.009432516378770687,0.12607185171052654,0.012525354301949846,0.07318152153474584,,,False,env_mean_t,True,0
B,posterior_mean_shrunk,horizon,all,200,,,all,,p3_star,reference,False,8,8,16000,8,True,True,0.10625842942945019,0.10476326996576972,0.10776163392001763,0.0007773818541604343,0.693349887599281,0.04231621509231627,0.06394221433713393,64.0,0.31313131313131315,18.30125,23.474625,0.045718162500000006,0.0010625,,70.0,0.7996083170287311,0.7572921019364148,0.7572921019364148,1.0,-0.039782364065686124,-0.04172225565325789,-0.03787438645858856,0.0009891934543530855,0.59765625,8,-0.07956332662533439,-1.4015060378694266e-06,0.016823375863142843,0.049993873319901024,0.015625,-0.1378058998556252,-0.009638307651662122,-0.07290541124114638,-0.012507778282976527,,,False,env_mean_t,True,0,0.0,0.0,0.0,0.0,0.5,8,0.0,0.0,0.0,1.0,1.0,0.0,0.0,0.0,0.0,,,False,env_mean_t,True,0
B,posterior_mean_shrunk,horizon,all,200,,,all,,phi_k16,learned,False,8,8,16000,8,True,True,0.10587102763071017,0.10436146731080953,0.10737695296411402,0.0007697612561906604,0.693737289398021,0.05028271475248039,0.05558831287822977,44.21925,0.21322853535353536,25.8893125,6.55475,0.080442034375,0.006687500000000001,39.010875,100.0511759620744,0.7996083170287311,0.7572921019364148,0.7493256022762507,0.43125,-0.04016976586442615,-0.04204272421484347,-0.03833323886719882,0.0009573539827467439,0.6013124999999999,8,-0.07846292573680867,-0.0018766059920436312,0.016194183852503704,0.04217886404413197,0.0078125,-0.1404546852163699,-0.01188950188746609,-0.07254736774449702,-0.014267502071317387,,,False,env_mean_t,True,0,-0.00038740179874002936,-0.0011736085505617666,0.00039868643470981603,0.00040187800244924745,0.50228125,8,-0.003374970865548318,0.0026001672680682594,0.0012634434687861702,0.7680494055563504,0.78125,-0.0033033397726968208,0.002349261258241281,-0.002699312811717391,0.0019857053365558387,,,False,env_mean_t,True,0
B,posterior_mean_shrunk,horizon,all,200,,,all,,phi_k16_all71,learned,False,8,8,16000,8,True,True,0.10519514964795962,0.10369672273809556,0.10668692958715838,0.0007683917056623717,0.6944131673807714,0.048602221893146634,0.05659292775481299,46.47525,0.22462247474747477,24.6515,8.506187500000001,0.074579834375,0.004625,41.896375,97.5312793349827,0.7996083170287311,0.7572921019364148,0.7510060951355845,0.45687500000000003,-0.04084564384717669,-0.04271151585271582,-0.03897378282636055,0.000964524964968372,0.60440625,8,-0.07917544961975528,-0.002515838074598105,0.016209681409957655,0.03982042485183928,0.0078125,-0.14461981239799396,-0.01321514546818621,-0.07275958567054477,-0.014504902776498425,,,False,env_mean_t,True,0,-0.0010632797814905644,-0.001792710035442724,-0.00034206594600618724,0.0003718405230666064,0.5058750000000001,8,-0.003797609430080134,0.001671049867099005,0.0011563484755549454,0.3884137063234172,0.375,-0.005780598277230886,0.001065665152180751,-0.003269014950841665,0.0008987958598881885,,,False,env_mean_t,True,0
B,posterior_mean_shrunk,horizon,all,200,,,all,,phi_k16_nopolicy,learned,False,8,8,16000,8,True,True,0.10534873321927443,0.10384066575788893,0.10685015564667992,0.000772252372222718,0.6942595838094566,0.046602911593392485,0.05874582162588195,50.532875,0.2451155303030303,22.192687499999998,11.0871875,0.06262836249999999,0.0034375,20.9905,103.37291978877559,0.7996083170287311,0.7572921019364148,0.7530054054353386,0.427125,-0.04069206027586188,-0.04258075461330008,-0.03882119409754523,0.0009706954005141183,0.60540625,8,-0.07911256283295626,-0.0022715577187674904,0.01624803709562514,0.040727432942143794,0.0078125,-0.14289506175123817,-0.012629539030928335,-0.07301527793647256,-0.014260749823488378,,,False,env_mean_t,True,0,-0.0009096962101757527,-0.0016323866641869244,-0.00017159026665467553,0.00037572503431352526,0.50625,8,-0.0034542704573504333,0.0016348780369989278,0.0010761008838764486,0.425856356503866,0.28125,-0.0039034418325841593,0.0014025965447773288,-0.0027642567586153746,0.000983167450875044,,,False,env_mean_t,True,0
B,posterior_mean_shrunk,horizon,all,500,,,all,,cp0,reference,False,8,8,16000,8,True,True,0.13563041756185704,0.13415968394256197,0.13707764468272216,0.0007315473045824771,0.6913701536350418,0.12431615426065401,0.011314263301203026,21.856875,0.03987324297188756,105.38956250000001,1.1944375,0.1369238585,2.2145,,,0.8270005711968988,0.757279287965037,0.7026844169362447,0.0,0.0,0.0,0.0,0.0,0.5,8,0.0,0.0,0.0,1.0,1.0,0.0,0.0,0.0,0.0,,,False,env_mean_t,True,0,0.039502412302419534,0.0380212642292463,0.040978928618278586,0.000743621318738285,0.371,8,0.007976884326565813,0.07102794027827325,0.01333215116719643,0.021017076360565174,0.0078125,0.014183942141826028,0.08777816506733649,0.01704454525699839,0.06458221806652141,,,False,env_mean_t,True,0
B,posterior_mean_shrunk,horizon,all,500,,,all,,p3_star,reference,False,8,8,16000,8,True,True,0.09612800525943749,0.09482282506796764,0.09743702871637652,0.0006602069068918951,0.7308725659374613,0.0697212832318619,0.0264067220275756,64.0,0.12449799196787148,62.413000000000004,11.4229375,0.06608854250000001,1.793625,,68.0,0.8270005711968988,0.757279287965037,0.757279287965037,1.0,-0.039502412302419534,-0.040978928618278586,-0.0380212642292463,0.000743621318738285,0.629,8,-0.07102794027827325,-0.007976884326565813,0.01333215116719643,0.021017076360565174,0.0078125,-0.09122879021755745,-0.013807921967906745,-0.06491244238009676,-0.016639011104591202,,,False,env_mean_t,True,0,0.0,0.0,0.0,0.0,0.5,8,0.0,0.0,0.0,1.0,1.0,0.0,0.0,0.0,0.0,,,False,env_mean_t,True,0
B,posterior_mean_shrunk,horizon,all,500,,,all,,phi_k16,learned,False,8,8,16000,8,True,True,0.09647825976903551,0.0951932989715715,0.0977897958466201,0.0006598260697564564,0.7305223114278633,0.070932424669154,0.025545835099881516,57.689375,0.11182605421686748,66.6728125,7.51325,0.0734069645,1.6634375,216.80725,99.06649352036246,0.8270005711968988,0.757279287965037,0.7560681465277448,0.6853125,-0.039152157792821524,-0.040628614191518864,-0.03767412445595255,0.0007402304181698465,0.6261875,8,-0.07086587001372376,-0.0074384455719192916,0.01341173431657915,0.022364005491103824,0.0078125,-0.08584841859606583,-0.013674518456338824,-0.06468975412100553,-0.01667719472711906,,,False,env_mean_t,True,0,0.00035025450959801676,0.0001328155204305404,0.0005690080866429525,0.00011101560440710471,0.4954375,8,-0.0008764316823779178,0.0015769407015739513,0.0005187658001687383,0.521238597537711,1.0,-0.00044797230132362706,0.021802842772032278,-0.00037185579165816305,0.0014477164074778556,,,False,env_mean_t,True,0
B,posterior_mean_shrunk,horizon,all,500,,,all,,phi_k16_all71,learned,False,8,8,16000,8,True,True,0.09639455644483678,0.09508999148820294,0.0976876982509566,0.0006601960390632014,0.730606014752062,0.0704575782166794,0.025936978228157388,59.944374999999994,0.11635416666666668,64.95400000000001,8.913687499999998,0.07035271300000001,1.71025,215.66825,95.96194695149961,0.8270005711968988,0.757279287965037,0.7565429929802194,0.7763125,-0.039235861117020245,-0.0407153385982383,-0.0377693810178374,0.0007417846535797424,0.6269375,8,-0.07090368487732851,-0.007568037356711986,0.013392328078753813,0.02203284771991364,0.0078125,-0.09123897242346553,-0.012734787452638799,-0.06602305805310607,-0.01639825134491548,,,False,env_mean_t,True,0,0.00026655118539929386,9.220821457347486e-05,0.00044571145857617004,8.979953819168417e-05,0.496125,8,-0.0006118980718019097,0.0011450004426004975,0.0003714963409554352,0.49630121123112114,1.0,-0.0003022634225167464,0.0161019866242375,-0.00023520655184984207,0.0010476670376956463,,,False,env_mean_t,True,0
B,posterior_mean_shrunk,horizon,all,500,,,all,,phi_k16_nopolicy,learned,False,8,8,16000,8,True,True,0.09613196492637507,0.09482635359672713,0.09744163262294023,0.0006602043749502451,0.7308686062705237,0.0697212832318619,0.026410681694513185,64.0,0.12449799196787148,62.39681250000001,11.413125,0.0660351785,1.7925,285.7905,74.945,0.8270005711968988,0.757279287965037,0.757279287965037,1.0,-0.03949845263548195,-0.04097379386985267,-0.038015476767759536,0.0007436228185385352,0.628625,8,-0.07102716241577056,-0.007969742855193328,0.013333496752835567,0.02103485838077776,0.0078125,-0.09121730750211036,-0.013595238615904157,-0.06551403742562978,-0.016800530401524155,,,False,env_mean_t,True,0,3.959666937589645e-06,-7.693703366840045e-07,9.415374529453395e-06,2.613037964762854e-06,0.49990625,8,-2.2930602761934136e-06,1.0212394151372703e-05,2.644279407001469e-06,0.17794438187400785,0.5,-8.827251424037509e-07,7.72148730584024e-06,0.0,9.300857782363891e-06,,,False,env_mean_t,True,0
B,posterior_mean_shrunk,horizon,all,1000,,,all,,cp0,reference,False,8,8,16000,8,True,True,0.12817553091654552,0.12690360060951206,0.1294412275798095,0.0006491026268602725,0.7153121492466888,0.12160405045049265,0.00657148046605289,30.393125,0.02845002505010019,230.93393749999998,1.7306249999999999,0.150394336625,6.0376875000000005,,,0.8434876801632345,0.7571062467573211,0.7218836297127419,0.0,0.0,0.0,0.0,0.0,0.5,8,0.0,0.0,0.0,1.0,1.0,0.0,0.0,0.0,0.0,,,False,env_mean_t,True,0,0.030897340535651893,0.029840631544357166,0.03197630368813407,0.000555758329056068,0.36884375,8,0.008257591440745466,0.053537089630558324,0.009574353760288363,0.014510039598592558,0.0078125,0.00995978431520431,0.05984916675600019,0.014319599822163583,0.049277999919676164,,,False,env_mean_t,True,0
B,posterior_mean_shrunk,horizon,all,1000,,,all,,p3_star,reference,False,8,8,16000,8,True,True,0.09727819038089365,0.0961027140776423,0.09843430733562855,0.0005868900249715137,0.7462094897823408,0.08638143340591341,0.010896756974980236,64.0,0.062124248496993974,172.781875,7.788,0.09764056925,7.341937499999999,,272.0,0.8434876801632345,0.7571062467573211,0.7571062467573211,1.0,-0.030897340535651893,-0.03197630368813407,-0.029840631544357166,0.000555758329056068,0.63115625,8,-0.053537089630558324,-0.008257591440745466,0.009574353760288363,0.014510039598592558,0.0078125,-0.059775735734068663,-0.010143611278966992,-0.04920383178039919,-0.014344583895057439,,,False,env_mean_t,True,0,0.0,0.0,0.0,0.0,0.5,8,0.0,0.0,0.0,1.0,1.0,0.0,0.0,0.0,0.0,,,False,env_mean_t,True,0
B,posterior_mean_shrunk,horizon,all,1000,,,all,,phi_k16,learned,False,8,8,16000,8,True,True,0.09727744878735395,0.09610137804229453,0.09843273587612203,0.0005868962961105422,0.7462102313758805,0.08638143340591341,0.01089601538144052,64.0,0.062124248496993974,172.87006250000002,7.801375,0.097786035,7.332625000000001,762.7515000000001,73.30699999999999,0.8434876801632345,0.7571062467573211,0.7571062467573211,1.0,-0.030898082129191606,-0.03197723674820736,-0.029841654388292227,0.0005557534924941819,0.6309375,8,-0.05353919728995954,-0.008256966968423669,0.00957493146977459,0.014512397049323835,0.0078125,-0.06003342908557989,-0.010163087711659077,-0.0492053102159407,-0.014295269254758039,,,False,env_mean_t,True,0,-7.415935397148132e-07,-4.563140228697191e-06,2.405052742915358e-06,1.7793685033353463e-06,0.49987499999999996,8,-4.495197214673695e-06,3.0120101352440693e-06,1.587399635451805e-06,0.6545677998021775,1.0,-5.273594224411988e-06,1.924805532860721e-06,-4.111357033252716e-06,1.8865764141082763e-06,,,False,env_mean_t,True,0
B,posterior_mean_shrunk,horizon,all,1000,,,all,,phi_k16_all71,learned,False,8,8,16000,8,True,True,0.09727839070092886,0.0961027901754278,0.09843355295670335,0.0005868965575648197,0.7462092894623056,0.08638143340591341,0.010896957295015454,64.0,0.062124248496993974,172.86337500000002,7.797625,0.09777451899999999,7.332625000000001,677.2596249999999,73.088,0.8434876801632345,0.7571062467573211,0.7571062467573211,1.0,-0.030897140215616674,-0.031976860876602585,-0.029839858591367376,0.0005557534433506353,0.63075,8,-0.053539237779542684,-0.008255042651690664,0.009575346928237985,0.014517190969648366,0.0078125,-0.060403007546627356,-0.011359297608822694,-0.048950460886582725,-0.014373992918897432,,,False,env_mean_t,True,0,2.003200352191926e-07,-3.6548504844802193e-06,3.4231323240874187e-06,1.8139308244929233e-06,0.4998125,8,-5.0662209202974114e-06,5.4668609907357975e-06,2.2272210698884284e-06,0.9308529590099034,1.0,-4.1700908890176365e-06,4.987161064624035e-06,-4.111357033252716e-06,4.7123171389102935e-06,,,False,env_mean_t,True,0
B,posterior_mean_shrunk,horizon,all,1000,,,all,,phi_k16_nopolicy,learned,False,8,8,16000,8,True,True,0.09727720257174224,0.09610161217715359,0.09843240911068278,0.0005868964660264229,0.7462104775914922,0.08638143340591341,0.010895769165828824,64.0,0.062124248496993974,172.88600000000002,7.81175,0.097814526,7.332625000000001,855.42375,66.60900000000001,0.8434876801632345,0.7571062467573211,0.7571062467573211,1.0,-0.030898328344803303,-0.03197771842351358,-0.02984158291874337,0.0005557531024011241,0.631,8,-0.053539186735103196,-0.00825746995450341,0.009574822881499785,0.014511144215684118,0.0078125,-0.06124416400868073,-0.011325247702223543,-0.04895416987873613,-0.014124507752014329,,,False,env_mean_t,True,0,-9.878091514110566e-07,-4.6775434697110525e-06,1.9560944224394903e-06,1.7184857466507628e-06,0.4999375,8,-4.47463373090815e-06,2.4990154280860367e-06,1.4745787104012013e-06,0.5244012377821098,1.0,-6.610257590089598e-06,1.3081046539545308e-06,-4.111357033252716e-06,1.1479295790195464e-06,,,False,env_mean_t,True,0
B,posterior_mean_shrunk,pooled,all,all,,,all,,cp0,reference,False,40,8,80000,40,True,True,0.14827100700712234,0.14751154830373706,0.14900381001396454,0.0003834325806474711,0.6499267348703516,0.12817975696090142,0.02009125004622092,16.246437500000003,0.05671980331579725,82.7944375,0.862525,0.16371829527499998,1.8039999999999998,,,0.7981977418774738,0.7548487263005226,0.6700179849165725,0.0,0.0,0.0,0.0,0.0,0.5,40,0.0,0.0,0.0,1.0,1.0,0.0,0.0,0.0,0.0,,,False,env_mean_t,True,0,0.036775773350942655,0.03595089703263511,0.03761603043048126,0.0004262819770742256,0.39935625,40,0.004695067525092925,0.06885647917679238,0.013566935974813137,0.030168846626431836,0.0078125,0.0118059880885397,0.10931991274156144,0.014177673149687325,0.06370793657654357,,,False,env_mean_t,True,0
B,posterior_mean_shrunk,pooled,all,all,,,all,,p3_star,reference,False,40,8,80000,40,True,True,0.1114952336561797,0.11079443195747445,0.11218954997602851,0.0003511392516066171,0.6867025082212942,0.05820745270308107,0.05328778095309863,49.8,0.2485051324879432,54.10640000000001,12.73705,0.06974167485,1.8273249999999996,,136.66666666666666,0.7981977418774738,0.7548487263005226,0.7399902891743928,0.6,-0.036775773350942655,-0.03761603043048126,-0.03595089703263511,0.0004262819770742256,0.60064375,40,-0.06885647917679238,-0.004695067525092925,0.013566935974813137,0.030168846626431836,0.0078125,-0.1084086535376024,-0.012270634906726589,-0.0628764445815299,-0.014122432387193245,,,False,env_mean_t,True,0,0.0,0.0,0.0,0.0,0.5,40,0.0,0.0,0.0,1.0,1.0,0.0,0.0,0.0,0.0,,,False,env_mean_t,True,0
B,posterior_mean_shrunk,pooled,all,all,,,all,,phi_k16,learned,False,40,8,80000,40,True,True,0.11010622074566165,0.10942440731538226,0.11078081610103255,0.00034844434035768317,0.6880915211318122,0.0546427595924586,0.05546346115320302,45.49422500000001,0.24406416897402355,56.963924999999996,11.162712500000001,0.083640404275,1.80055,204.168525,89.21174420323747,0.7981977418774738,0.7548487263005226,0.7435549822850153,0.47140000000000004,-0.03816478626146073,-0.03899441308712994,-0.03733489807775186,0.0004294746136578573,0.60428125,40,-0.07063620299284618,-0.005693369530075265,0.013732167683518037,0.0273287080836264,0.0078125,-0.11932532947668374,-0.013426113628711909,-0.06602868226883093,-0.015827789070107543,,,False,env_mean_t,True,0,-0.0013890129105180679,-0.0018826477195170808,-0.000885987664885022,0.00025220938055854034,0.503025,40,-0.0038991232249098798,0.001121097403873744,0.0010615260808143324,0.23202441795913845,0.2265625,-0.004198467274504184,0.000832151008640199,-0.0033502995803834346,0.000518426785459885,,,False,env_mean_t,True,0
B,posterior_mean_shrunk,pooled,all,all,,,all,,phi_k16_all71,learned,False,40,8,80000,40,True,True,0.10994239159207173,0.10925895393433165,0.1106198149802367,0.00034822554076149816,0.6882553502854021,0.053719394934549934,0.0562229966575218,46.718824999999995,0.2506616745808665,56.2857,12.213375,0.081161935775,1.8094999999999999,187.40652500000002,87.83883966541416,0.7981977418774738,0.7548487263005226,0.7444783469429239,0.49906249999999996,-0.03832861541505063,-0.03916231891547795,-0.03749055529144243,0.00043059163378999837,0.6050625000000001,40,-0.07084916618217102,-0.005808064647930246,0.013752946475625,0.02702708046744892,0.0078125,-0.11995824351773217,-0.014355132310487333,-0.06497257372141978,-0.015822344227925927,,,False,env_mean_t,True,0,-0.001552842064107972,-0.00203562489907867,-0.0010601318472186,0.0002480394244949589,0.504,40,-0.003860530446497682,0.0007548463182817382,0.0009759218111863978,0.15560119071220097,0.15625,-0.004524536898734079,0.0004510027255709352,-0.0034142407640109012,0.00017594153451063908,,,False,env_mean_t,True,0
B,posterior_mean_shrunk,pooled,all,all,,,all,,phi_k16_nopolicy,learned,False,40,8,80000,40,True,True,0.110212202208686,0.10952613010784262,0.11088814247130357,0.0003485983890851029,0.687985539668788,0.05977792584262789,0.050434276366058114,45.700149999999994,0.2175171119767084,55.551750000000006,9.339974999999999,0.08077120089999999,1.8257125000000003,232.44095000000002,78.5379332830418,0.7981977418774738,0.7548487263005226,0.738419816034846,0.48542500000000005,-0.03805880479843636,-0.03887811209948268,-0.03725437005414278,0.00042014182021328186,0.6059375,40,-0.06970161872140063,-0.006415990875472094,0.013381751414268051,0.024898554704916465,0.0078125,-0.11469495366008431,-0.01358443076586631,-0.0647031178124036,-0.015855654357386083,,,False,env_mean_t,True,0,-0.001283031447493704,-0.0016961630187454092,-0.0008750528916655754,0.00020759712918500786,0.50486875,40,-0.002869073893399572,0.0003030109984121642,0.0006707376213525375,0.09734620812626396,0.1015625,-0.0026895039741896007,0.0005927940153028187,-0.0024721465029942918,-2.699945967397071e-05,,,False,env_mean_t,True,0
