horizon,feature,group,spearman_with_k_final,p,n_envs,early_frac,n_rows_early
50,f_t,CLOCK,0.0,1.0,30,0.25,5760
50,f_T,CLOCK,0.0,1.0,30,0.25,5760
50,f_remaining_budget,CLOCK,0.0,1.0,30,0.25,5760
50,f_remaining_frac,CLOCK,,,30,0.25,5760
50,f_t_over_T,CLOCK,,,30,0.25,5760
50,f_K,CLOCK,0.0,1.0,30,0.25,5760
50,f_K_over_t,CLOCK,0.0,1.0,30,0.25,5760
50,f_K_over_T,CLOCK,,,30,0.25,5760
50,f_log_t,CLOCK,0.0,1.0,30,0.25,5760
50,f_log_K,CLOCK,0.0,1.0,30,0.25,5760
50,f_K_over_sqrt_t,CLOCK,0.0,1.0,30,0.25,5760
50,f_leader_n,QUALITY,0.0,1.0,30,0.25,5760
50,f_leader_mean,QUALITY,-0.9579346597845685,1.0279555069030933e-16,30,0.25,5760
50,f_leader_n_frac,QUALITY,0.0,1.0,30,0.25,5760
50,f_best_mean,QUALITY,-0.9579346597845685,1.0279555069030933e-16,30,0.25,5760
50,f_second_best_mean,QUALITY,-0.9619492895028832,2.587491970579103e-17,30,0.25,5760
50,f_mean_of_means,QUALITY,-0.9626251390433814,2.0217395522097984e-17,30,0.25,5760
50,f_sd_of_means,QUALITY,-0.47319243604004446,0.008266780553783807,30,0.25,5760
50,f_max_n,QUALITY,0.0,1.0,30,0.25,5760
50,f_mean_n,QUALITY,0.0,1.0,30,0.25,5760
50,f_n_singletons,QUALITY,0.0,1.0,30,0.25,5760
50,est_top_gap,QUALITY,0.9060554113243869,5.7059167629764424e-12,30,0.25,5760
50,est_top_gap_normalized,QUALITY,0.7134113514194044,9.633485451239327e-06,30,0.25,5760
50,est_frac_arms_within_5pct_of_best,QUALITY,-0.45494994438264746,0.011536728352864662,30,0.25,5760
50,est_beta_a,QUALITY,-0.9056729699666296,6.025259751322178e-12,30,0.25,5760
50,est_beta_b,QUALITY,0.6489432703003337,0.00010478987920448899,30,0.25,5760
50,est_beta_mean,QUALITY,-0.9417130144605117,8.939823417450092e-15,30,0.25,5760
50,est_p_new_beats_incumbent,QUALITY,0.25917686318131256,0.16665993466599774,30,0.25,5760
50,est_p_new_beats_incumbent_plus_0.01,QUALITY,0.28142380422691876,0.13192283038377045,30,0.25,5760
50,est_p_new_beats_incumbent_plus_0.05,QUALITY,0.4513904338153503,0.012287078885567087,30,0.25,5760
50,est_p_new_beats_incumbent_plus_0.1,QUALITY,0.6204671857619577,0.0002543541540533304,30,0.25,5760
50,est_hill_tail_index,QUALITY,0.3882091212458286,0.03401431781160912,30,0.25,5760
50,est_quantile_0.5,QUALITY,-0.9651796700063089,7.622732906270451e-18,30,0.25,5760
50,est_quantile_0.9,QUALITY,-0.9550611790878754,2.546931312906407e-16,30,0.25,5760
50,est_quantile_0.99,QUALITY,-0.9581757508342603,9.49891399988243e-17,30,0.25,5760
50,f_leader_lcb,EVIDENCE,-0.9579346597845685,1.0279555069030933e-16,30,0.25,5760
50,f_leader_ucb,EVIDENCE,-0.9579346597845685,1.0279555069030933e-16,30,0.25,5760
50,f_leader_width,EVIDENCE,-0.9579346597845685,1.0279555069030933e-16,30,0.25,5760
50,f_csleader_n,EVIDENCE,0.0,1.0,30,0.25,5760
50,f_csleader_mean,EVIDENCE,-0.9579346597845685,1.0279555069030933e-16,30,0.25,5760
50,f_csleader_lcb,EVIDENCE,-0.9579346597845685,1.0279555069030933e-16,30,0.25,5760
50,f_csleader_ucb,EVIDENCE,-0.9579346597845685,1.0279555069030933e-16,30,0.25,5760
50,f_csleader_width,EVIDENCE,-0.9579346597845685,1.0279555069030933e-16,30,0.25,5760
50,f_csleader_n_frac,EVIDENCE,0.0,1.0,30,0.25,5760
50,f_challenger_n,EVIDENCE,0.0,1.0,30,0.25,5760
50,f_challenger_mean,EVIDENCE,-0.9619492895028832,2.587491970579103e-17,30,0.25,5760
50,f_challenger_lcb,EVIDENCE,-0.9619492895028832,2.587491970579103e-17,30,0.25,5760
50,f_challenger_ucb,EVIDENCE,-0.9619492895028832,2.587491970579103e-17,30,0.25,5760
50,f_challenger_width,EVIDENCE,-0.9619492895028832,2.587491970579103e-17,30,0.25,5760
50,f_challenger_n_frac,EVIDENCE,0.0,1.0,30,0.25,5760
50,f_empirical_gap,EVIDENCE,0.9060554113243869,5.7059167629764424e-12,30,0.25,5760
50,f_lcb_lead_minus_ucb_chal,EVIDENCE,0.9105672969966631,2.9475194992641486e-12,30,0.25,5760
50,f_ucb_chal_minus_lcb_lead,EVIDENCE,-0.9105672969966631,2.9475194992641486e-12,30,0.25,5760
50,f_is_separated,EVIDENCE,0.0,1.0,30,0.25,5760
50,f_n_plausible,EVIDENCE,0.0,1.0,30,0.25,5760
50,f_frac_plausible,EVIDENCE,0.0,1.0,30,0.25,5760
50,f_n_eliminated,EVIDENCE,0.0,1.0,30,0.25,5760
50,f_frac_eliminated,EVIDENCE,0.0,1.0,30,0.25,5760
50,f_max_width_plausible,EVIDENCE,-0.9579346597845685,1.0279555069030933e-16,30,0.25,5760
50,f_mean_width_plausible,EVIDENCE,-0.9626251390433814,2.0217395522097984e-17,30,0.25,5760
50,f_mean_width_all,EVIDENCE,-0.9626251390433814,2.0217395522097984e-17,30,0.25,5760
50,f_log_e_pair,EVIDENCE,0.9060554113243869,5.7059167629764424e-12,30,0.25,5760
100,f_t,CLOCK,0.0,1.0,30,0.25,11520
100,f_T,CLOCK,0.0,1.0,30,0.25,11520
100,f_remaining_budget,CLOCK,0.0,1.0,30,0.25,11520
100,f_remaining_frac,CLOCK,,,30,0.25,11520
100,f_t_over_T,CLOCK,,,30,0.25,11520
100,f_K,CLOCK,0.9384473900710513,1.8790571159430237e-14,30,0.25,11520
100,f_K_over_t,CLOCK,0.9384473900710513,1.8790571159430237e-14,30,0.25,11520
100,f_K_over_T,CLOCK,0.9384473900710513,1.8790571159430237e-14,30,0.25,11520
100,f_log_t,CLOCK,0.0,1.0,30,0.25,11520
100,f_log_K,CLOCK,0.9384473900710513,1.8790571159430237e-14,30,0.25,11520
100,f_K_over_sqrt_t,CLOCK,0.9384473900710513,1.8790571159430237e-14,30,0.25,11520
100,f_leader_n,QUALITY,-0.9462237501178312,2.9770018412253472e-15,30,0.25,11520
100,f_leader_mean,QUALITY,-0.9758593897297535,4.824303278736505e-20,30,0.25,11520
100,f_leader_n_frac,QUALITY,-0.9462237501178312,2.9770018412253472e-15,30,0.25,11520
100,f_best_mean,QUALITY,-0.9758593897297535,4.824303278736505e-20,30,0.25,11520
100,f_second_best_mean,QUALITY,-0.9820892262350962,7.675870559510671e-22,30,0.25,11520
100,f_mean_of_means,QUALITY,-0.9780843313388043,1.263128710382004e-20,30,0.25,11520
100,f_sd_of_means,QUALITY,-0.41828902250158156,0.02142979310951034,30,0.25,11520
100,f_max_n,QUALITY,-0.9383288771107131,1.9289207873174034e-14,30,0.25,11520
100,f_mean_n,QUALITY,-0.9384473900710513,1.8790571159430237e-14,30,0.25,11520
100,f_n_singletons,QUALITY,0.9332326865193844,5.6786516562980934e-14,30,0.25,11520
100,est_top_gap,QUALITY,0.9570538495772143,1.3664917305252152e-16,30,0.25,11520
100,est_top_gap_normalized,QUALITY,0.7020471740097909,1.5343550045543023e-05,30,0.25,11520
100,est_frac_arms_within_5pct_of_best,QUALITY,-0.8781844530924162,1.8149786322483282e-10,30,0.25,11520
100,est_beta_a,QUALITY,-0.3533207275172934,0.05545703051736622,30,0.25,11520
100,est_beta_b,QUALITY,0.9091111414582246,3.6615233077586026e-12,30,0.25,11520
100,est_beta_mean,QUALITY,-0.9680720940980752,2.30446969077446e-18,30,0.25,11520
100,est_p_new_beats_incumbent,QUALITY,-0.594504397938418,0.0005313941342392262,30,0.25,11520
100,est_p_new_beats_incumbent_plus_0.01,QUALITY,-0.5077316751854304,0.004180993287739885,30,0.25,11520
100,est_p_new_beats_incumbent_plus_0.05,QUALITY,-0.2540883317536203,0.1754420189602834,30,0.25,11520
100,est_p_new_beats_incumbent_plus_0.1,QUALITY,0.07297808477687166,0.7015384698988176,30,0.25,11520
100,est_hill_tail_index,QUALITY,0.859049955254578,1.2372215744130679e-09,30,0.25,11520
100,est_quantile_0.5,QUALITY,-0.9771943546951841,2.1933420148376567e-20,30,0.25,11520
100,est_quantile_0.9,QUALITY,-0.9780843313388043,1.263128710382004e-20,30,0.25,11520
100,est_quantile_0.99,QUALITY,-0.9763043780515637,3.728186850996812e-20,30,0.25,11520
100,f_leader_lcb,EVIDENCE,-0.9807542612696656,2.082881840575045e-21,30,0.25,11520
100,f_leader_ucb,EVIDENCE,-0.9712886953236383,5.315151122864603e-19,30,0.25,11520
100,f_leader_width,EVIDENCE,0.8299032201760101,1.4218958869571605e-08,30,0.25,11520
100,f_csleader_n,EVIDENCE,-0.9462237501178312,2.9770018412253472e-15,30,0.25,11520
100,f_csleader_mean,EVIDENCE,-0.9758593897297535,4.824303278736505e-20,30,0.25,11520
100,f_csleader_lcb,EVIDENCE,-0.9807542612696656,2.082881840575045e-21,30,0.25,11520
100,f_csleader_ucb,EVIDENCE,-0.9712886953236383,5.315151122864603e-19,30,0.25,11520
100,f_csleader_width,EVIDENCE,0.8299032201760101,1.4218958869571605e-08,30,0.25,11520
100,f_csleader_n_frac,EVIDENCE,-0.9462237501178312,2.9770018412253472e-15,30,0.25,11520
100,f_challenger_n,EVIDENCE,-0.5892241812218315,0.0006126347695771718,30,0.25,11520
100,f_challenger_mean,EVIDENCE,-0.9798642846260454,3.900802228123793e-21,30,0.25,11520
100,f_challenger_lcb,EVIDENCE,-0.9798642846260454,3.900802228123793e-21,30,0.25,11520
100,f_challenger_ucb,EVIDENCE,-0.9798642846260454,3.900802228123793e-21,30,0.25,11520
100,f_challenger_width,EVIDENCE,-0.022249416090509653,0.9070969612523143,30,0.25,11520
100,f_challenger_n_frac,EVIDENCE,-0.5892241812218315,0.0006126347695771718,30,0.25,11520
100,f_empirical_gap,EVIDENCE,0.9076546506453051,4.53236174866764e-12,30,0.25,11520
100,f_lcb_lead_minus_ucb_chal,EVIDENCE,-0.4890421656694022,0.006098160762846659,30,0.25,11520
100,f_ucb_chal_minus_lcb_lead,EVIDENCE,0.4890421656694022,0.006098160762846659,30,0.25,11520
100,f_is_separated,EVIDENCE,0.0,1.0,30,0.25,11520
100,f_n_plausible,EVIDENCE,0.9384473900710513,1.8790571159430237e-14,30,0.25,11520
100,f_frac_plausible,EVIDENCE,0.0,1.0,30,0.25,11520
100,f_n_eliminated,EVIDENCE,0.0,1.0,30,0.25,11520
100,f_frac_eliminated,EVIDENCE,0.0,1.0,30,0.25,11520
100,f_max_width_plausible,EVIDENCE,-0.9233507677561508,3.68616820372051e-13,30,0.25,11520
100,f_mean_width_plausible,EVIDENCE,0.8303482084978203,1.3746985067868635e-08,30,0.25,11520
100,f_mean_width_all,EVIDENCE,0.8303482084978203,1.3746985067868635e-08,30,0.25,11520
100,f_log_e_pair,EVIDENCE,0.9681797952825992,2.1994510080579747e-18,30,0.25,11520
200,f_t,CLOCK,0.0,1.0,30,0.25,24960
200,f_T,CLOCK,0.0,1.0,30,0.25,24960
200,f_remaining_budget,CLOCK,0.0,1.0,30,0.25,24960
200,f_remaining_frac,CLOCK,,,30,0.25,24960
200,f_t_over_T,CLOCK,,,30,0.25,24960
200,f_K,CLOCK,0.9180413969747344,9.105314627355094e-13,30,0.25,24960
200,f_K_over_t,CLOCK,0.9159652325955483,1.2756158391865076e-12,30,0.25,24960
200,f_K_over_T,CLOCK,0.9180413969747344,9.105314627355094e-13,30,0.25,24960
200,f_log_t,CLOCK,0.0,1.0,30,0.25,24960
200,f_log_K,CLOCK,0.9159652325955483,1.2756158391865076e-12,30,0.25,24960
200,f_K_over_sqrt_t,CLOCK,0.9159652325955483,1.2756158391865076e-12,30,0.25,24960
200,f_leader_n,QUALITY,-0.932944206779475,6.021098424711546e-14,30,0.25,24960
200,f_leader_mean,QUALITY,-0.9249348045575883,2.7792277585850546e-13,30,0.25,24960
200,f_leader_n_frac,QUALITY,-0.9313073721050872,8.353411025709718e-14,30,0.25,24960
200,f_best_mean,QUALITY,-0.9249348045575883,2.7792277585850546e-13,30,0.25,24960
200,f_second_best_mean,QUALITY,-0.9334968135480929,5.380986525596988e-14,30,0.25,24960
200,f_mean_of_means,QUALITY,-0.9213673008115444,5.205945756812173e-13,30,0.25,24960
200,f_sd_of_means,QUALITY,-0.29039480492795455,0.11953320181313329,30,0.25,24960
200,f_max_n,QUALITY,-0.9252510771682609,2.6249093129957294e-13,30,0.25,24960
200,f_mean_n,QUALITY,-0.9159652325955483,1.2756158391865076e-12,30,0.25,24960
200,f_n_singletons,QUALITY,0.9128699510713104,2.07573085815778e-12,30,0.25,24960
200,est_top_gap,QUALITY,0.27445995486229285,0.1421698828952232,30,0.25,24960
200,est_top_gap_normalized,QUALITY,0.22668062081987925,0.2283649261784423,30,0.25,24960
200,est_frac_arms_within_5pct_of_best,QUALITY,-0.9218429679776836,4.796295371243532e-13,30,0.25,24960
200,est_beta_a,QUALITY,-0.15292699391373854,0.4197897242620564,30,0.25,24960
200,est_beta_b,QUALITY,0.6885282229864278,2.5982079224766585e-05,30,0.25,24960
200,est_beta_mean,QUALITY,-0.9213673008115444,5.205945756812173e-13,30,0.25,24960
200,est_p_new_beats_incumbent,QUALITY,-0.9142322933194572,1.6791290729372626e-12,30,0.25,24960
200,est_p_new_beats_incumbent_plus_0.01,QUALITY,-0.9099512888242046,3.232235587871779e-12,30,0.25,24960
200,est_p_new_beats_incumbent_plus_0.05,QUALITY,-0.8083963488534951,6.5349164675137e-08,30,0.25,24960
200,est_p_new_beats_incumbent_plus_0.1,QUALITY,-0.4376137928480232,0.015587271664134579,30,0.25,24960
200,est_hill_tail_index,QUALITY,0.913280958987179,1.947816788208811e-12,30,0.25,24960
200,est_quantile_0.5,QUALITY,-0.9254104717237275,2.550171815690161e-13,30,0.25,24960
200,est_quantile_0.9,QUALITY,-0.9185132978147097,8.423166460776626e-13,30,0.25,24960
200,est_quantile_0.99,QUALITY,-0.9320698120496757,7.179142113892572e-14,30,0.25,24960
200,f_leader_lcb,EVIDENCE,-0.9311184777173972,8.670559063417704e-14,30,0.25,24960
200,f_leader_ucb,EVIDENCE,-0.9232051635512943,3.781961176523832e-13,30,0.25,24960
200,f_leader_width,EVIDENCE,0.9311184777173972,8.670559063417704e-14,30,0.25,24960
200,f_csleader_n,EVIDENCE,-0.932944206779475,6.021098424711546e-14,30,0.25,24960
200,f_csleader_mean,EVIDENCE,-0.9249348045575883,2.7792277585850546e-13,30,0.25,24960
200,f_csleader_lcb,EVIDENCE,-0.9311184777173972,8.670559063417704e-14,30,0.25,24960
200,f_csleader_ucb,EVIDENCE,-0.9232051635512943,3.781961176523832e-13,30,0.25,24960
200,f_csleader_width,EVIDENCE,0.9311184777173972,8.670559063417704e-14,30,0.25,24960
200,f_csleader_n_frac,EVIDENCE,-0.9313073721050872,8.353411025709718e-14,30,0.25,24960
200,f_challenger_n,EVIDENCE,-0.736621434472157,3.465339117155123e-06,30,0.25,24960
200,f_challenger_mean,EVIDENCE,-0.9218429679776836,4.796295371243532e-13,30,0.25,24960
200,f_challenger_lcb,EVIDENCE,-0.8942542723416127,2.7751099404644722e-11,30,0.25,24960
200,f_challenger_ucb,EVIDENCE,-0.918598763885619,8.304787841392468e-13,30,0.25,24960
200,f_challenger_width,EVIDENCE,0.6552315213566868,8.509943300045291e-05,30,0.25,24960
200,f_challenger_n_frac,EVIDENCE,-0.7285818707624444,4.99564569750543e-06,30,0.25,24960
200,f_empirical_gap,EVIDENCE,-0.7613052994057187,1.0338131547537605e-06,30,0.25,24960
200,f_lcb_lead_minus_ucb_chal,EVIDENCE,-0.9311184777173972,8.670559063417704e-14,30,0.25,24960
200,f_ucb_chal_minus_lcb_lead,EVIDENCE,0.9311184777173972,8.670559063417704e-14,30,0.25,24960
200,f_is_separated,EVIDENCE,0.0,1.0,30,0.25,24960
200,f_n_plausible,EVIDENCE,0.9180413969747344,9.105314627355094e-13,30,0.25,24960
200,f_frac_plausible,EVIDENCE,0.0,1.0,30,0.25,24960
200,f_n_eliminated,EVIDENCE,0.0,1.0,30,0.25,24960
200,f_frac_eliminated,EVIDENCE,0.0,1.0,30,0.25,24960
200,f_max_width_plausible,EVIDENCE,-0.7187330880362642,7.688020150324312e-06,30,0.25,24960
200,f_mean_width_plausible,EVIDENCE,0.9313563113004668,8.273010233960824e-14,30,0.25,24960
200,f_mean_width_all,EVIDENCE,0.9313563113004668,8.273010233960824e-14,30,0.25,24960
200,f_log_e_pair,EVIDENCE,0.9208586857442008,5.679530406445271e-13,30,0.25,24960
