horizon,feature,group,coef,sd_deployed,train_scale,contribution_sd,perm_mean_abs_dp,perm_flip_rate,n_rows,search_rate
50,f_t,CLOCK,0.03814572532064913,13.80850978523111,194.33937087208054,0.002710390689190989,0.0006723865502324823,0.0,23040,0.14440104166666667
50,f_T,CLOCK,-0.041661332506006885,0.0,314.56809867082256,0.0,0.0,0.0,23040,0.14440104166666667
50,f_remaining_budget,CLOCK,-0.10029173542893806,13.80850978523111,204.58856681479068,0.006769094830709675,0.0016713032383191655,0.0,23040,0.14440104166666667
50,f_remaining_frac,CLOCK,0.05767977636335329,0.2761701957046222,0.2773354649633038,0.05743742556897241,0.014433286921709408,0.004600694444444445,23040,0.14440104166666667
50,f_t_over_T,CLOCK,-0.05767977636339342,0.2761701957046222,0.2773354649633039,0.05743742556901236,0.014482172243317586,0.004079861111111111,23040,0.14440104166666667
50,f_K,CLOCK,0.045335632936586746,7.706414073616838,13.601965596109608,0.025685637655102313,0.005939991464491285,0.0036024305555555558,23040,0.14440104166666667
50,f_K_over_t,CLOCK,0.07330938011591494,0.23449196664048413,0.20856534313421735,0.08242242195297604,0.020341092574217578,0.005512152777777778,23040,0.14440104166666667
50,f_K_over_T,CLOCK,-0.31684363338906246,0.1541282814723368,0.09617755370955762,0.5077542818065498,0.11960515386332013,0.13940972222222223,23040,0.14440104166666667
50,f_log_t,CLOCK,0.3368443222163871,0.8869540225729287,1.324606430761935,0.22555033678858225,0.046439712499576194,0.04609375,23040,0.14440104166666667
50,f_log_K,CLOCK,-0.6318680911570771,0.6959352422709124,0.8873296919051342,0.49557597036848916,0.11011736679080594,0.16723090277777777,23040,0.14440104166666667
50,f_K_over_sqrt_t,CLOCK,0.05569217992231907,0.978063830676639,1.1432651357231525,0.04764468462436023,0.011381252241415068,0.006293402777777778,23040,0.14440104166666667
50,f_leader_n,QUALITY,0.14240581141705275,2.8155037137101533,74.09016562779051,0.005411569639523515,0.0011898189432297214,0.0,23040,0.14440104166666667
50,f_leader_mean,QUALITY,0.3621453260916736,0.13783966129232386,0.20736547955695178,0.24072468182132872,0.050346546878747025,0.03315972222222222,23040,0.14440104166666667
50,f_leader_n_frac,QUALITY,0.003364702168231416,0.11913143365200815,0.1956607640714811,0.0020486569957735043,0.0004033772518894106,0.0,23040,0.14440104166666667
50,f_best_mean,QUALITY,0.3621453260916736,0.13783966129232386,0.20736547955695178,0.24072468182132872,0.05012630020440238,0.03537326388888889,23040,0.14440104166666667
50,f_second_best_mean,QUALITY,0.2625823326965391,0.16302762782695945,0.2326621551114807,0.18399285774807064,0.039984908272790734,0.02165798611111111,23040,0.14440104166666667
50,f_mean_of_means,QUALITY,-0.07279715172272058,0.09776329827232748,0.16991408862861138,0.04188522396632987,0.010383054916903956,0.0024305555555555556,23040,0.14440104166666667
50,f_sd_of_means,QUALITY,-0.07479618965738308,0.05895322695974421,0.06884612043752764,0.06404829664435523,0.014844330479376463,0.01115451388888889,23040,0.14440104166666667
50,f_max_n,QUALITY,-0.09068368298272941,2.901015647333654,75.63344693784882,0.003478286313023949,0.000784549220981732,0.0,23040,0.14440104166666667
50,f_mean_n,QUALITY,0.06270227348997168,0.6073150450736973,23.957518832606894,0.0015894815450987934,0.0003574491803740454,0.0,23040,0.14440104166666667
50,f_n_singletons,QUALITY,-0.005430519986555246,6.698702668718508,6.729802637323909,0.005405424302447632,0.0012511610097704913,0.0,23040,0.14440104166666667
50,est_top_gap,QUALITY,0.12871812482008088,0.10496322608808258,0.10879173243520718,0.12418838577803418,0.027233270812672294,0.02243923611111111,23040,0.14440104166666667
50,est_top_gap_normalized,QUALITY,0.04690729981273344,0.356864017468135,0.30427002916600265,0.055015367453827194,0.011844742985770335,0.01015625,23040,0.14440104166666667
50,est_frac_arms_within_5pct_of_best,QUALITY,-0.03174360854196744,0.3005020798863989,0.19685615857113659,0.0484568044972483,0.0097643726360738,0.003993055555555555,23040,0.14440104166666667
50,est_beta_a,QUALITY,-0.046644726404094644,2.718553443494004,2.1376929306857453,0.05931917525030564,0.01406513957012816,0.0037760416666666667,23040,0.14440104166666667
50,est_beta_b,QUALITY,0.2007116466327608,5.285906077531796,4.120272640722609,0.25749337611344514,0.05509758014518716,0.03493923611111111,23040,0.14440104166666667
50,est_beta_mean,QUALITY,-0.19064502996259017,0.08635163059630525,0.16875580119296305,0.09755225649118368,0.02443676857718478,0.009461805555555555,23040,0.14440104166666667
50,est_p_new_beats_incumbent,QUALITY,-0.15522762306165364,0.1735413739267903,0.1343609488209475,0.20049289033681986,0.03523887644944423,0.03502604166666667,23040,0.14440104166666667
50,est_p_new_beats_incumbent_plus_0.01,QUALITY,0.1991293052874176,0.16992272166360062,0.1297987986666578,0.26068495136320413,0.050486953056686996,0.04765625,23040,0.14440104166666667
50,est_p_new_beats_incumbent_plus_0.05,QUALITY,-0.09946977600251337,0.1557607572908445,0.1118271652589182,0.13854851459240178,0.022091360097363788,0.012847222222222222,23040,0.14440104166666667
50,est_p_new_beats_incumbent_plus_0.1,QUALITY,0.0816253651155507,0.1390606924828062,0.09151067765168662,0.12403885632160615,0.0192362939320019,0.01675347222222222,23040,0.14440104166666667
50,est_hill_tail_index,QUALITY,-0.05043929071568028,0.18829504131600155,0.27579083379925007,0.03443721532881727,0.008264162418316566,0.006380208333333333,23040,0.14440104166666667
50,est_quantile_0.5,QUALITY,-0.010736849876424589,0.14020685280312503,0.19862330508934126,0.00757906998635427,0.001719115473859899,0.0,23040,0.14440104166666667
50,est_quantile_0.9,QUALITY,-0.18360613729191508,0.15001303088642617,0.20808660885551086,0.13236465958092822,0.03204652855712005,0.01953125,23040,0.14440104166666667
50,est_quantile_0.99,QUALITY,-0.8517315880465803,0.1366678385410245,0.20612360986141884,0.5647306256362454,0.1307818116359611,0.13133680555555555,23040,0.14440104166666667
50,f_leader_lcb,EVIDENCE,-0.2371898356869199,0.20865422423653085,0.25577192010489,0.19349528729247828,0.04677491785212215,0.008723958333333334,23040,0.14440104166666667
50,f_leader_ucb,EVIDENCE,-0.2163141870741471,0.00609793997672291,0.15536374706337353,0.00849021057887916,0.0009533445619981304,0.0,23040,0.14440104166666667
50,f_leader_width,EVIDENCE,0.10653218561531394,0.20702940367040043,0.2539994547179672,0.08683205593544421,0.020415652562068586,0.004774305555555556,23040,0.14440104166666667
50,f_csleader_n,EVIDENCE,-0.08167342448505173,2.8100366799606324,74.64399310091889,0.0030746656100069346,0.0006781054567454185,0.0,23040,0.14440104166666667
50,f_csleader_mean,EVIDENCE,-0.13411850834834976,0.1381775971027749,0.20980822604961993,0.08832910682062839,0.019835467234790335,0.006293402777777778,23040,0.14440104166666667
50,f_csleader_lcb,EVIDENCE,0.2367278733355977,0.20845118904609047,0.2543730716358266,0.19399147228840388,0.04372071397586152,0.030512152777777777,23040,0.14440104166666667
50,f_csleader_ucb,EVIDENCE,0.1821145536284433,0.0064756442881600765,0.15930723541782987,0.007402733880239447,0.0007992115434139542,0.00021701388888888888,23040,0.14440104166666667
50,f_csleader_width,EVIDENCE,-0.12573299815492203,0.2067873432953056,0.24818488918765186,0.10476057884955023,0.024033268295266526,0.012717013888888889,23040,0.14440104166666667
50,f_csleader_n_frac,EVIDENCE,-0.04842702008245834,0.1188279793964989,0.19395884655341464,0.029668587160872097,0.005785011299979013,0.0014322916666666666,23040,0.14440104166666667
50,f_challenger_n,EVIDENCE,0.002075601451495949,1.6998890781221472,36.30821486314993,9.717614185194731e-05,1.588472499099088e-05,0.0,23040,0.14440104166666667
50,f_challenger_mean,EVIDENCE,-0.1238917197959334,0.14421609719131528,0.23302407050689256,0.07667525618457963,0.01605709645213112,0.007595486111111111,23040,0.14440104166666667
50,f_challenger_lcb,EVIDENCE,0.10235968385326234,0.10998800739709451,0.21675880606964182,0.051939470736887684,0.008312809697508913,0.003515625,23040,0.14440104166666667
50,f_challenger_ucb,EVIDENCE,0.20831878917574342,0.00972047542558864,0.174998045059218,0.011571315954906609,0.0021368564303850344,0.0,23040,0.14440104166666667
50,f_challenger_width,EVIDENCE,0.059218919393757154,0.10788481400365102,0.24093681781480325,0.0265165870547999,0.004020788983455034,0.0005208333333333333,23040,0.14440104166666667
50,f_challenger_n_frac,EVIDENCE,0.06941426846079791,0.12648579810149646,0.13333891932314393,0.0658466349544773,0.011742333226504384,0.004557291666666667,23040,0.14440104166666667
50,f_empirical_gap,EVIDENCE,0.005291488595860624,0.12068283937669973,0.13806824275242868,0.004625190091127259,0.0011029170086495593,0.0,23040,0.14440104166666667
50,f_lcb_lead_minus_ucb_chal,EVIDENCE,0.09195851417300055,0.20496274111560847,0.258397122235158,0.07294225636407735,0.016939829798459045,0.00859375,23040,0.14440104166666667
50,f_ucb_chal_minus_lcb_lead,EVIDENCE,-0.09195851417300055,0.20496274111560847,0.258397122235158,0.07294225636407735,0.01700551554342499,0.007855902777777778,23040,0.14440104166666667
50,f_is_separated,EVIDENCE,-0.0011348986080828563,0.0,0.0473386772731367,0.0,0.0,0.0,23040,0.14440104166666667
50,f_n_plausible,EVIDENCE,0.039566687076210194,7.706414073616838,13.485847908226473,0.022610167058498245,0.005250293945390132,0.0022135416666666666,23040,0.14440104166666667
50,f_frac_plausible,EVIDENCE,0.031896297599700696,0.0,0.10762792290465427,0.0,0.0,0.0,23040,0.14440104166666667
50,f_n_eliminated,EVIDENCE,0.038197113045766395,0.0,2.174598777644857,0.0,0.0,0.0,23040,0.14440104166666667
50,f_frac_eliminated,EVIDENCE,-0.03189629759977904,0.0,0.10762792290465359,0.0,0.0,0.0,23040,0.14440104166666667
50,f_max_width_plausible,EVIDENCE,0.0239265213887923,0.004327995388909875,0.19532908946664604,0.0005301508061400613,0.00011728917221119693,0.0,23040,0.14440104166666667
50,f_mean_width_plausible,EVIDENCE,-0.16796988775216565,0.03387757190008263,0.18777721399399794,0.030304059946030977,0.0066030813593354895,0.0022135416666666666,23040,0.14440104166666667
50,f_mean_width_all,EVIDENCE,0.34880892843818206,0.03387757190008263,0.18436537875325867,0.06409446086062634,0.014182566765676297,0.0038194444444444443,23040,0.14440104166666667
50,f_log_e_pair,EVIDENCE,-0.008510401864291924,0.6175461243657616,1.3389534681487008,0.003925129448564944,0.0007973464109607025,0.0,23040,0.14440104166666667
100,f_t,CLOCK,0.03814572532064913,28.84471067101301,194.33937087208054,0.005661757601007714,0.0014715476171196975,0.0005208333333333333,48000,0.12033333333333333
100,f_T,CLOCK,-0.041661332506006885,0.0,314.56809867082256,0.0,0.0,0.0,48000,0.12033333333333333
100,f_remaining_budget,CLOCK,-0.10029173542893806,28.84471067101301,204.58856681479068,0.014140018360656325,0.0036472828411980344,0.00125,48000,0.12033333333333333
100,f_remaining_frac,CLOCK,0.05767977636335329,0.28844710671013013,0.2773354649633038,0.059990757438461904,0.015648963230020248,0.02025,48000,0.12033333333333333
100,f_t_over_T,CLOCK,-0.05767977636339342,0.28844710671013013,0.2773354649633039,0.059990757438503614,0.015722067018492856,0.020375,48000,0.12033333333333333
100,f_K,CLOCK,0.045335632936586746,15.395997312884013,13.601965596109608,0.05131517779086441,0.01279894133474889,0.018125,48000,0.12033333333333333
100,f_K_over_t,CLOCK,0.07330938011591494,0.24332911803582616,0.20856534313421735,0.08552862397603272,0.022156051547743028,0.0213125,48000,0.12033333333333333
100,f_K_over_T,CLOCK,-0.31684363338906246,0.15395997312884013,0.09617755370955762,0.5071998132738585,0.12281304600887806,0.152,48000,0.12033333333333333
100,f_log_t,CLOCK,0.3368443222163871,0.9368075966285291,1.324606430761935,0.23822798425641434,0.050870207726538906,0.0556875,48000,0.12033333333333333
100,f_log_K,CLOCK,-0.6318680911570771,0.7363343143353143,0.8873296919051342,0.5243441777019364,0.11685257481250022,0.18066666666666667,48000,0.12033333333333333
100,f_K_over_sqrt_t,CLOCK,0.05569217992231907,1.4051950496216308,1.1432651357231525,0.06845164177947136,0.017293578084516308,0.023,48000,0.12033333333333333
100,f_leader_n,QUALITY,0.14240581141705275,5.119867032204047,74.09016562779051,0.009840696304165866,0.002194496342096305,0.0005625,48000,0.12033333333333333
100,f_leader_mean,QUALITY,0.3621453260916736,0.12734232522013153,0.20736547955695178,0.22239202007319095,0.05023662157741854,0.0518125,48000,0.12033333333333333
100,f_leader_n_frac,QUALITY,0.003364702168231416,0.09878173380494586,0.1956607640714811,0.0016987111110009473,0.00033265526682949075,0.00014583333333333335,48000,0.12033333333333333
100,f_best_mean,QUALITY,0.3621453260916736,0.12734232522013153,0.20736547955695178,0.22239202007319095,0.05038475663254864,0.0531875,48000,0.12033333333333333
100,f_second_best_mean,QUALITY,0.2625823326965391,0.14711312931883208,0.2326621551114807,0.1660317667405651,0.037067818502678734,0.036708333333333336,48000,0.12033333333333333
100,f_mean_of_means,QUALITY,-0.07279715172272058,0.0923725080618215,0.16991408862861138,0.03957562047184083,0.010206558842434503,0.014916666666666667,48000,0.12033333333333333
100,f_sd_of_means,QUALITY,-0.07479618965738308,0.048778284076950465,0.06884612043752764,0.052993977929256815,0.012820712856521614,0.020145833333333335,48000,0.12033333333333333
100,f_max_n,QUALITY,-0.09068368298272941,5.176256968149876,75.63344693784882,0.006206275992188679,0.0014127447882713833,0.0012916666666666667,48000,0.12033333333333333
100,f_mean_n,QUALITY,0.06270227348997168,0.7514104291094684,23.957518832606894,0.0019666119249842247,0.00045226891840399356,0.00016666666666666666,48000,0.12033333333333333
100,f_n_singletons,QUALITY,-0.005430519986555246,12.772214606146855,6.729802637323909,0.010306359700146287,0.0025520006963133984,0.003375,48000,0.12033333333333333
100,est_top_gap,QUALITY,0.12871812482008088,0.08562659431494395,0.10879173243520718,0.10131003899136863,0.02317377793881466,0.024729166666666667,48000,0.12033333333333333
100,est_top_gap_normalized,QUALITY,0.04690729981273344,0.2722265764319203,0.30427002916600265,0.041967372444426276,0.008566730329264948,0.006666666666666667,48000,0.12033333333333333
100,est_frac_arms_within_5pct_of_best,QUALITY,-0.03174360854196744,0.2476720863406711,0.19685615857113659,0.0399378196376294,0.007389686475684907,0.013375,48000,0.12033333333333333
100,est_beta_a,QUALITY,-0.046644726404094644,4.2600793080552934,2.1376929306857453,0.09295546190548527,0.01985738210745112,0.033354166666666664,48000,0.12033333333333333
100,est_beta_b,QUALITY,0.2007116466327608,8.683880800177178,4.120272640722609,0.42301958305858617,0.08477782251693909,0.10445833333333333,48000,0.12033333333333333
100,est_beta_mean,QUALITY,-0.19064502996259017,0.08723686578892152,0.16875580119296305,0.09855231508844219,0.025668128569021054,0.030979166666666665,48000,0.12033333333333333
100,est_p_new_beats_incumbent,QUALITY,-0.15522762306165364,0.13376887992722475,0.1343609488209475,0.1545436040228792,0.024284008580577398,0.027854166666666666,48000,0.12033333333333333
100,est_p_new_beats_incumbent_plus_0.01,QUALITY,0.1991293052874176,0.12982416974249378,0.1297987986666578,0.19916822802597536,0.03320590514633545,0.03977083333333333,48000,0.12033333333333333
100,est_p_new_beats_incumbent_plus_0.05,QUALITY,-0.09946977600251337,0.11515158270656194,0.1118271652589182,0.10242683082984745,0.013769108081635627,0.0235625,48000,0.12033333333333333
100,est_p_new_beats_incumbent_plus_0.1,QUALITY,0.0816253651155507,0.09972148000325345,0.09151067765168662,0.08894920706533122,0.01084986945930812,0.007875,48000,0.12033333333333333
100,est_hill_tail_index,QUALITY,-0.05043929071568028,0.1620642058422269,0.27579083379925007,0.029639866852979365,0.007177224874267054,0.010583333333333333,48000,0.12033333333333333
100,est_quantile_0.5,QUALITY,-0.010736849876424589,0.14118388416885755,0.19862330508934126,0.007631884730795812,0.0017795130588940703,0.0012916666666666667,48000,0.12033333333333333
100,est_quantile_0.9,QUALITY,-0.18360613729191508,0.1324854872664131,0.20808660885551086,0.11689915414554124,0.028110991321840497,0.03127083333333333,48000,0.12033333333333333
100,est_quantile_0.99,QUALITY,-0.8517315880465803,0.12834452234773133,0.20612360986141884,0.5303375188791222,0.13129891872469351,0.1365625,48000,0.12033333333333333
100,f_leader_lcb,EVIDENCE,-0.2371898356869199,0.2551730488109302,0.25577192010489,0.23663447298817764,0.06137203238007491,0.030270833333333334,48000,0.12033333333333333
100,f_leader_ucb,EVIDENCE,-0.2163141870741471,0.004259435273686854,0.15536374706337353,0.005930445783125235,0.0005165226480193671,0.0008333333333333334,48000,0.12033333333333333
100,f_leader_width,EVIDENCE,0.10653218561531394,0.2542402391441861,0.2539994547179672,0.10663317516749904,0.027555440841496383,0.0220625,48000,0.12033333333333333
100,f_csleader_n,EVIDENCE,-0.08167342448505173,5.115598015415605,74.64399310091889,0.0055973480363389555,0.001249897480645984,0.0009166666666666666,48000,0.12033333333333333
100,f_csleader_mean,EVIDENCE,-0.13411850834834976,0.1275890585082736,0.20980822604961993,0.08156045418663878,0.019645404355880833,0.021729166666666667,48000,0.12033333333333333
100,f_csleader_lcb,EVIDENCE,0.2367278733355977,0.2550206082767935,0.2543730716358266,0.237330492044163,0.05774227631918774,0.0595625,48000,0.12033333333333333
100,f_csleader_ucb,EVIDENCE,0.1821145536284433,0.004266684661783332,0.15930723541782987,0.0048775271921329905,0.00042950830367125,0.0004166666666666667,48000,0.12033333333333333
100,f_csleader_width,EVIDENCE,-0.12573299815492203,0.2540731561758515,0.24818488918765186,0.12871605431432914,0.03206728834143108,0.029479166666666667,48000,0.12033333333333333
100,f_csleader_n_frac,EVIDENCE,-0.04842702008245834,0.09868894408684242,0.19395884655341464,0.02464033769088213,0.004784667345359754,0.0040625,48000,0.12033333333333333
100,f_challenger_n,EVIDENCE,0.002075601451495949,2.4218210429853144,36.30821486314993,0.00013844622466376074,2.1587317842138278e-05,2.0833333333333333e-05,48000,0.12033333333333333
100,f_challenger_mean,EVIDENCE,-0.1238917197959334,0.12074167573648123,0.23302407050689256,0.06419462944534357,0.01255381337957544,0.015104166666666667,48000,0.12033333333333333
100,f_challenger_lcb,EVIDENCE,0.10235968385326234,0.12982738998845755,0.21675880606964182,0.06130819243598849,0.009810690144919745,0.006416666666666667,48000,0.12033333333333333
100,f_challenger_ucb,EVIDENCE,0.20831878917574342,0.007683381197393553,0.174998045059218,0.009146345990751327,0.001434100287090213,0.0023541666666666667,48000,0.12033333333333333
100,f_challenger_width,EVIDENCE,0.059218919393757154,0.12875434606966618,0.24093681781480325,0.03164602782857461,0.0049336451446148075,0.0035208333333333333,48000,0.12033333333333333
100,f_challenger_n_frac,EVIDENCE,0.06941426846079791,0.09740386099891013,0.13333891932314393,0.05070700880746551,0.007840438555396172,0.010041666666666667,48000,0.12033333333333333
100,f_empirical_gap,EVIDENCE,0.005291488595860624,0.115742521520411,0.13806824275242868,0.004435851579422194,0.001128343912025572,0.0002916666666666667,48000,0.12033333333333333
100,f_lcb_lead_minus_ucb_chal,EVIDENCE,0.09195851417300055,0.2527181236440324,0.258397122235158,0.0899374689387769,0.022689313443940616,0.021729166666666667,48000,0.12033333333333333
100,f_ucb_chal_minus_lcb_lead,EVIDENCE,-0.09195851417300055,0.2527181236440324,0.258397122235158,0.0899374689387769,0.022677559024077174,0.021166666666666667,48000,0.12033333333333333
100,f_is_separated,EVIDENCE,-0.0011348986080828563,0.0,0.0473386772731367,0.0,0.0,0.0,48000,0.12033333333333333
100,f_n_plausible,EVIDENCE,0.039566687076210194,15.395997312884013,13.485847908226473,0.04517095343582046,0.011202690678446016,0.015291666666666667,48000,0.12033333333333333
100,f_frac_plausible,EVIDENCE,0.031896297599700696,0.0,0.10762792290465427,0.0,0.0,0.0,48000,0.12033333333333333
100,f_n_eliminated,EVIDENCE,0.038197113045766395,0.0,2.174598777644857,0.0,0.0,0.0,48000,0.12033333333333333
100,f_frac_eliminated,EVIDENCE,-0.03189629759977904,0.0,0.10762792290465359,0.0,0.0,0.0,48000,0.12033333333333333
100,f_max_width_plausible,EVIDENCE,0.0239265213887923,0.004278672039354316,0.19532908946664604,0.0005241090220856208,0.00011705883222690638,0.00010416666666666667,48000,0.12033333333333333
100,f_mean_width_plausible,EVIDENCE,-0.16796988775216565,0.034181227357460965,0.18777721399399794,0.03057568487861093,0.007023785232036535,0.004270833333333333,48000,0.12033333333333333
100,f_mean_width_all,EVIDENCE,0.34880892843818206,0.034181227357460965,0.18436537875325867,0.06466895990930238,0.015102450522164973,0.012375,48000,0.12033333333333333
100,f_log_e_pair,EVIDENCE,-0.008510401864291924,0.5640314693360293,1.3389534681487008,0.0035849897568087604,0.0006933336266141316,0.0006875,48000,0.12033333333333333
200,f_t,CLOCK,0.03814572532064913,57.72377940411458,194.33937087208054,0.01133025914274704,0.002935708969787514,0.0050625,96000,0.20448958333333334
200,f_T,CLOCK,-0.041661332506006885,0.0,314.56809867082256,0.0,0.0,0.0,96000,0.20448958333333334
200,f_remaining_budget,CLOCK,-0.10029173542893806,57.72377940411458,204.58856681479068,0.028296879449752874,0.007362172017188364,0.012458333333333333,96000,0.20448958333333334
200,f_remaining_frac,CLOCK,0.05767977636335329,0.28861889702057286,0.2773354649633038,0.060026486106229064,0.015599005139183192,0.012989583333333334,96000,0.20448958333333334
200,f_t_over_T,CLOCK,-0.05767977636339342,0.28861889702057286,0.2773354649633039,0.060026486106270815,0.015624164840414586,0.013041666666666667,96000,0.20448958333333334
200,f_K,CLOCK,0.045335632936586746,17.824768243495793,13.601965596109608,0.059410321586020096,0.013112459146182736,0.023020833333333334,96000,0.20448958333333334
200,f_K_over_t,CLOCK,0.07330938011591494,0.25378761639433095,0.20856534313421735,0.08920471905531877,0.023038964866679924,0.021395833333333333,96000,0.20448958333333334
200,f_K_over_T,CLOCK,-0.31684363338906246,0.08912384121747897,0.09617755370955762,0.2936061542822309,0.0654178051178058,0.07444791666666667,96000,0.20448958333333334
200,f_log_t,CLOCK,0.3368443222163871,0.9639898364148098,1.324606430761935,0.24514036436003975,0.05308105173070663,0.07678125,96000,0.20448958333333334
200,f_log_K,CLOCK,-0.6318680911570771,0.677190265952661,0.8873296919051342,0.4822276596863933,0.08638475881996108,0.12563541666666667,96000,0.20448958333333334
200,f_K_over_sqrt_t,CLOCK,0.05569217992231907,1.2297961937993576,1.1432651357231525,0.05990739046680962,0.01453270041220848,0.021489583333333333,96000,0.20448958333333334
200,f_leader_n,QUALITY,0.14240581141705275,8.517221956112564,74.09016562779051,0.016370619412199007,0.003502177065405591,0.0035,96000,0.20448958333333334
200,f_leader_mean,QUALITY,0.3621453260916736,0.13020794991385015,0.20736547955695178,0.2273965781673363,0.05259979151970967,0.06514583333333333,96000,0.20448958333333334
200,f_leader_n_frac,QUALITY,0.003364702168231416,0.07803990073919342,0.1956607640714811,0.001342021863564835,0.00024042385490631924,0.00014583333333333335,96000,0.20448958333333334
200,f_best_mean,QUALITY,0.3621453260916736,0.13020794991385015,0.20736547955695178,0.2273965781673363,0.052643838672718817,0.06516666666666666,96000,0.20448958333333334
200,f_second_best_mean,QUALITY,0.2625823326965391,0.15115926737657295,0.2326621551114807,0.1705982350993954,0.039128841244834525,0.03866666666666667,96000,0.20448958333333334
200,f_mean_of_means,QUALITY,-0.07279715172272058,0.10075850242120389,0.16991408862861138,0.04316847441734375,0.011075612876470978,0.013333333333333334,96000,0.20448958333333334
200,f_sd_of_means,QUALITY,-0.07479618965738308,0.04216574000586831,0.06884612043752764,0.04580994058168734,0.010918788746183237,0.015104166666666667,96000,0.20448958333333334
200,f_max_n,QUALITY,-0.09068368298272941,8.563317182197823,75.63344693784882,0.0102673244717924,0.002236021655754219,0.0012083333333333334,96000,0.20448958333333334
200,f_mean_n,QUALITY,0.06270227348997168,0.7576502674947454,23.957518832606894,0.0019829430006561496,0.0004987396425331763,0.0004166666666666667,96000,0.20448958333333334
200,f_n_singletons,QUALITY,-0.005430519986555246,16.72033578630816,6.729802637323909,0.013492240792601884,0.0033670693517034154,0.00303125,96000,0.20448958333333334
200,est_top_gap,QUALITY,0.12871812482008088,0.07902082032577153,0.10879173243520718,0.09349434544702748,0.021223240682255916,0.0316875,96000,0.20448958333333334
200,est_top_gap_normalized,QUALITY,0.04690729981273344,0.21998089104128363,0.30427002916600265,0.03391300036164946,0.006831225155880113,0.009645833333333333,96000,0.20448958333333334
200,est_frac_arms_within_5pct_of_best,QUALITY,-0.03174360854196744,0.21146015807848775,0.19685615857113659,0.03409854448541632,0.005665037000845312,0.01259375,96000,0.20448958333333334
200,est_beta_a,QUALITY,-0.046644726404094644,3.7154596696232973,2.1376929306857453,0.08107179345886313,0.016011201176488844,0.015416666666666667,96000,0.20448958333333334
200,est_beta_b,QUALITY,0.2007116466327608,8.743644603949084,4.120272640722609,0.42593086891514365,0.08532290725497517,0.19475,96000,0.20448958333333334
200,est_beta_mean,QUALITY,-0.19064502996259017,0.0982468419232696,0.16875580119296305,0.11099038960310792,0.028806859415349162,0.033541666666666664,96000,0.20448958333333334
200,est_p_new_beats_incumbent,QUALITY,-0.15522762306165364,0.10582845664491007,0.1343609488209475,0.12226394589669293,0.017490709743843782,0.025635416666666667,96000,0.20448958333333334
200,est_p_new_beats_incumbent_plus_0.01,QUALITY,0.1991293052874176,0.10185683219856732,0.1297987986666578,0.15626246500606414,0.022751733708610458,0.025427083333333333,96000,0.20448958333333334
200,est_p_new_beats_incumbent_plus_0.05,QUALITY,-0.09946977600251337,0.08770078146118145,0.1118271652589182,0.07800946279011031,0.009288293582819124,0.014520833333333334,96000,0.20448958333333334
200,est_p_new_beats_incumbent_plus_0.1,QUALITY,0.0816253651155507,0.0740729076863349,0.09151067765168662,0.06607128578023519,0.0066811242823369135,0.006260416666666667,96000,0.20448958333333334
200,est_hill_tail_index,QUALITY,-0.05043929071568028,0.13932784369788426,0.27579083379925007,0.025481621402188733,0.005892625061481665,0.011395833333333332,96000,0.20448958333333334
200,est_quantile_0.5,QUALITY,-0.010736849876424589,0.15254398668862817,0.19862330508934126,0.008245970350208432,0.0019504162481491394,0.0015,96000,0.20448958333333334
200,est_quantile_0.9,QUALITY,-0.18360613729191508,0.12562943823772715,0.20808660885551086,0.11084968903981166,0.025253439887687166,0.03666666666666667,96000,0.20448958333333334
200,est_quantile_0.99,QUALITY,-0.8517315880465803,0.1342712472805725,0.20612360986141884,0.5548275753183526,0.1413370700785114,0.22715625,96000,0.20448958333333334
200,f_leader_lcb,EVIDENCE,-0.2371898356869199,0.2785195456807153,0.25577192010489,0.2582848236370628,0.0677264206425879,0.05771875,96000,0.20448958333333334
200,f_leader_ucb,EVIDENCE,-0.2163141870741471,0.013570191905500384,0.15536374706337353,0.01889388667538454,0.0018815963823935263,0.0031666666666666666,96000,0.20448958333333334
200,f_leader_width,EVIDENCE,0.10653218561531394,0.2762498519249922,0.2539994547179672,0.11586442393805067,0.03024179718722279,0.0251875,96000,0.20448958333333334
200,f_csleader_n,EVIDENCE,-0.08167342448505173,8.517303299624848,74.64399310091889,0.009319401320313721,0.0019969131735732386,0.0011770833333333334,96000,0.20448958333333334
200,f_csleader_mean,EVIDENCE,-0.13411850834834976,0.13021647605511708,0.20980822604961993,0.08324001331940409,0.02051555392192148,0.01790625,96000,0.20448958333333334
200,f_csleader_lcb,EVIDENCE,0.2367278733355977,0.2785157861564246,0.2543730716358266,0.25919587055030235,0.06343492475898116,0.08257291666666666,96000,0.20448958333333334
200,f_csleader_ucb,EVIDENCE,0.1821145536284433,0.01360234477099471,0.15930723541782987,0.01554973281516529,0.001521978638221901,0.0016666666666666668,96000,0.20448958333333334
200,f_csleader_width,EVIDENCE,-0.12573299815492203,0.2762420302045125,0.24818488918765186,0.13994703218113558,0.03524190416465598,0.042833333333333334,96000,0.20448958333333334
200,f_csleader_n_frac,EVIDENCE,-0.04842702008245834,0.07803744242954293,0.19395884655341464,0.01948413727382331,0.003471266620025785,0.00584375,96000,0.20448958333333334
200,f_challenger_n,EVIDENCE,0.002075601451495949,3.4387913093423332,36.30821486314993,0.00019658251610454915,2.8472081827233074e-05,2.0833333333333333e-05,96000,0.20448958333333334
200,f_challenger_mean,EVIDENCE,-0.1238917197959334,0.14268027109433873,0.23302407050689256,0.07585870476116659,0.0157102644053573,0.021625,96000,0.20448958333333334
200,f_challenger_lcb,EVIDENCE,0.10235968385326234,0.13304430568281617,0.21675880606964182,0.06282731167929781,0.009780865154307655,0.009604166666666667,96000,0.20448958333333334
200,f_challenger_ucb,EVIDENCE,0.20831878917574342,0.024390154447672743,0.174998045059218,0.029034195442750297,0.004051064717033202,0.00415625,96000,0.20448958333333334
200,f_challenger_width,EVIDENCE,0.059218919393757154,0.13301398898143404,0.24093681781480325,0.03269298882244008,0.005168073520836315,0.0036770833333333334,96000,0.20448958333333334
200,f_challenger_n_frac,EVIDENCE,0.06941426846079791,0.07328260910582184,0.13333891932314393,0.038149841980129905,0.005000965921080027,0.004,96000,0.20448958333333334
200,f_empirical_gap,EVIDENCE,0.005291488595860624,0.13679333330052526,0.13806824275242868,0.005242627476960179,0.0013257348110354596,0.0011979166666666666,96000,0.20448958333333334
200,f_lcb_lead_minus_ucb_chal,EVIDENCE,0.09195851417300055,0.2744902540968373,0.258397122235158,0.09768574705233347,0.02485788475467891,0.03146875,96000,0.20448958333333334
200,f_ucb_chal_minus_lcb_lead,EVIDENCE,-0.09195851417300055,0.2744902540968373,0.258397122235158,0.09768574705233347,0.02483326168702883,0.031208333333333334,96000,0.20448958333333334
200,f_is_separated,EVIDENCE,-0.0011348986080828563,0.0,0.0473386772731367,0.0,0.0,0.0,96000,0.20448958333333334
200,f_n_plausible,EVIDENCE,0.039566687076210194,17.824768243495793,13.485847908226473,0.05229682494536725,0.011566450104445722,0.020125,96000,0.20448958333333334
200,f_frac_plausible,EVIDENCE,0.031896297599700696,0.0,0.10762792290465427,0.0,0.0,0.0,96000,0.20448958333333334
200,f_n_eliminated,EVIDENCE,0.038197113045766395,0.0,2.174598777644857,0.0,0.0,0.0,96000,0.20448958333333334
200,f_frac_eliminated,EVIDENCE,-0.03189629759977904,0.0,0.10762792290465359,0.0,0.0,0.0,96000,0.20448958333333334
200,f_max_width_plausible,EVIDENCE,0.0239265213887923,0.022341056717249723,0.19532908946664604,0.0027366316653248666,0.0003608586165888975,0.0003333333333333333,96000,0.20448958333333334
200,f_mean_width_plausible,EVIDENCE,-0.16796988775216565,0.037528492383047764,0.18777721399399794,0.033569869948597834,0.008047154189414017,0.012145833333333333,96000,0.20448958333333334
200,f_mean_width_all,EVIDENCE,0.34880892843818206,0.037528492383047764,0.18436537875325867,0.07100179709743902,0.01696873669442679,0.01528125,96000,0.20448958333333334
200,f_log_e_pair,EVIDENCE,-0.008510401864291924,0.6978806995168542,1.3389534681487008,0.004435736825442832,0.0008821323288418186,0.0009375,96000,0.20448958333333334
