test,recommender,variant,policy,oof_auc_env,oof_bal_acc_tau_off,tau_off,oof_bal_acc_05,k,feature_set,n_features,regret_pooled,regret_lo,regret_hi,d_regret_vs_cp0,d_regret_vs_cp0_lo,d_regret_vs_cp0_hi,search_frac,n_cells,regret_family_A,regret_family_B
A,empirical,clock_quality_evidence_k1,phi_k1,0.6371770156401746,0.599032485505599,0.57,0.5882515196908111,1,clock_quality_evidence,62,0.1122131174104081,0.11149355077825021,0.11291335387388243,-0.03637404358719741,-0.03725652784996782,-0.03549395307309169,0.28095091138662387,40,0.1330374649020603,0.09138876991875586
A,lcb,clock_quality_evidence_k1,phi_k1,0.6371770156401746,0.599032485505599,0.57,0.5882515196908111,1,clock_quality_evidence,62,0.10806257156878965,0.10738491063639231,0.10873309409427748,-0.040239083485157784,-0.04109598189028475,-0.03937567772787588,0.28095091138662387,40,0.13056598324428703,0.08555915989329224
A,oracle_prior,clock_quality_evidence_k1,phi_k1,0.6371770156401746,0.599032485505599,0.57,0.5882515196908111,1,clock_quality_evidence,62,0.10804866677560168,0.10736771460629825,0.10871580498300318,-0.04021468532750532,-0.04107089065462787,-0.03935064126842917,0.28095091138662387,40,0.1305774090337327,0.08551992451747066
A,posterior_mean,clock_quality_evidence_k1,phi_k1,0.6371770156401746,0.599032485505599,0.57,0.5882515196908111,1,clock_quality_evidence,62,0.1080896895262671,0.10741073119985231,0.10875647229469905,-0.04023201008899287,-0.04110044872450089,-0.03937501420394256,0.28095091138662387,40,0.13062747502771602,0.0855519040248182
A,posterior_mean_shrunk,clock_quality_evidence_k1,phi_k1,0.6371770156401746,0.599032485505599,0.57,0.5882515196908111,1,clock_quality_evidence,62,0.10806589709185319,0.10738801130341016,0.10873539290223562,-0.04020510991526917,-0.041064015168167316,-0.039341137188721405,0.28095091138662387,40,0.13057681286807563,0.08555498131563073
A,empirical,clock_quality_evidence_k4,phi_k4,0.6930385128579206,0.6429080258585034,0.61,0.6192170450552046,4,clock_quality_evidence,62,0.11134527001365313,0.1106314883835148,0.11204762886860407,-0.037241890983952364,-0.03812479673726557,-0.0363696336476437,0.27304826985652697,40,0.13277268178681478,0.08991785824049149
A,lcb,clock_quality_evidence_k4,phi_k4,0.6930385128579206,0.6429080258585034,0.61,0.6192170450552046,4,clock_quality_evidence,62,0.10805659215737506,0.10737050833471586,0.10872857504589774,-0.040245062896572384,-0.04109960994512221,-0.03939411164249122,0.27304826985652697,40,0.13075883531966176,0.08535434899508837
A,oracle_prior,clock_quality_evidence_k4,phi_k4,0.6930385128579206,0.6429080258585034,0.61,0.6192170450552046,4,clock_quality_evidence,62,0.10804255016211792,0.1073563229604042,0.10871442970041244,-0.04022080194098908,-0.04107701377179183,-0.03936734804779803,0.27304826985652697,40,0.1307592155816492,0.08532588474258665
A,posterior_mean,clock_quality_evidence_k4,phi_k4,0.6930385128579206,0.6429080258585034,0.61,0.6192170450552046,4,clock_quality_evidence,62,0.10808717302455007,0.10739557512490136,0.1087566575827077,-0.0402345265907099,-0.041089721361692,-0.03938845462056633,0.27304826985652697,40,0.13082070377790297,0.08535364227119717
A,posterior_mean_shrunk,clock_quality_evidence_k4,phi_k4,0.6930385128579206,0.6429080258585034,0.61,0.6192170450552046,4,clock_quality_evidence,62,0.10805029353078828,0.10736589514701336,0.10872047412281972,-0.040220713476334095,-0.04107613922697056,-0.03936908564340229,0.27304826985652697,40,0.13076587122403943,0.08533471583753709
A,empirical,clock_quality_evidence_k16,phi_k16,0.7501474319716768,0.6862784367248516,0.63,0.6576538124790676,16,clock_quality_evidence,62,0.11433084280344737,0.11362162747711409,0.11504781475814525,-0.03425631819415812,-0.03512785998544132,-0.03336418673374283,0.24406416897402355,40,0.13598629969678513,0.09267538591010963
A,lcb,clock_quality_evidence_k16,phi_k16,0.7501474319716768,0.6862784367248516,0.63,0.6576538124790676,16,clock_quality_evidence,62,0.1100834543939618,0.10940240268100752,0.1107585241094057,-0.03821820065998563,-0.039047660882497434,-0.03738801062871062,0.24406416897402355,40,0.13262509619310076,0.08754181259482284
A,oracle_prior,clock_quality_evidence_k16,phi_k16,0.7501474319716768,0.6862784367248516,0.63,0.6576538124790676,16,clock_quality_evidence,62,0.11006719731464362,0.10938633649551775,0.11074255524697947,-0.03819615478846335,-0.039026595168325,-0.03736323410812475,0.24406416897402355,40,0.13262356537669479,0.08751082925259251
A,posterior_mean,clock_quality_evidence_k16,phi_k16,0.7501474319716768,0.6862784367248516,0.63,0.6576538124790676,16,clock_quality_evidence,62,0.11072870083037378,0.11003757896141905,0.11140625690371962,-0.037592998784886186,-0.03843507008234156,-0.03675513079360826,0.24406416897402355,40,0.13334408366194622,0.08811331799880136
A,posterior_mean_shrunk,clock_quality_evidence_k16,phi_k16,0.7501474319716768,0.6862784367248516,0.63,0.6576538124790676,16,clock_quality_evidence,62,0.11010622074566165,0.10942440731538226,0.11078081610103255,-0.03816478626146073,-0.03899441308712994,-0.03733489807775186,0.24406416897402355,40,0.13266729249074632,0.08754514900057693
A,empirical,clock_k16,phi_k16_clock,0.6758740555849885,0.6326922875743255,0.64,0.5864503682458239,16,clock,11,0.11689432483898199,0.11614848860772327,0.11763052619062364,-0.031692836158623505,-0.032572610083589096,-0.03081679563776561,0.28444875236013445,40,0.13785372402604115,0.09593492565192283
A,lcb,clock_k16,phi_k16_clock,0.6758740555849885,0.6326922875743255,0.64,0.5864503682458239,16,clock,11,0.11289318148489765,0.11220002258603927,0.11358946709064184,-0.03540847356904978,-0.036267672335552566,-0.03457053652840841,0.28444875236013445,40,0.13549678443941665,0.09028957853037864
A,oracle_prior,clock_k16,phi_k16_clock,0.6758740555849885,0.6326922875743255,0.64,0.5864503682458239,16,clock,11,0.11287078872058265,0.11217642889991111,0.11357081126843696,-0.03539256338252435,-0.03624884435150307,-0.03455122149534873,0.28444875236013445,40,0.13547859021398617,0.0902629872271791
A,posterior_mean,clock_k16,phi_k16_clock,0.6758740555849885,0.6326922875743255,0.64,0.5864503682458239,16,clock,11,0.11290945457551352,0.11221474162426603,0.11361111091828206,-0.03541224503974645,-0.0362667145467276,-0.03457580033304111,0.28444875236013445,40,0.13552725301786703,0.09029165613316
A,posterior_mean_shrunk,clock_k16,phi_k16_clock,0.6758740555849885,0.6326922875743255,0.64,0.5864503682458239,16,clock,11,0.11288926145095105,0.11219425117007632,0.11358861708824405,-0.03538174555617133,-0.03624041155759187,-0.03454539310361725,0.28444875236013445,40,0.13549519191134168,0.09028333099056035
A,empirical,clock_quality_k16,phi_k16_quality,0.7495152607201386,0.6873825336082695,0.63,0.6577700838887329,16,clock_quality,35,0.11333886928158536,0.11263208265590947,0.11404602589434944,-0.03524829171602014,-0.03611463952169288,-0.03435787778442318,0.23946507420285473,40,0.13526405882026446,0.09141367974290625
A,lcb,clock_quality_k16,phi_k16_quality,0.7495152607201386,0.6873825336082695,0.63,0.6577700838887329,16,clock_quality,35,0.10997538579480678,0.10929720560379792,0.1106539574729686,-0.03832626925914064,-0.039164471766634956,-0.037481647577878904,0.23946507420285473,40,0.1324163111219488,0.08753446046766475
A,oracle_prior,clock_quality_k16,phi_k16_quality,0.7495152607201386,0.6873825336082695,0.63,0.6577700838887329,16,clock_quality,35,0.10996667369643183,0.10928601142994011,0.11064142686591368,-0.038296678406675166,-0.0391361394750129,-0.037456025698847956,0.23946507420285473,40,0.13243221320233572,0.08750113419052795
A,posterior_mean,clock_quality_k16,phi_k16_quality,0.7495152607201386,0.6873825336082695,0.63,0.6577700838887329,16,clock_quality,35,0.11065282336862947,0.1099686746194493,0.11133780069692875,-0.0376688762466305,-0.038520706730923844,-0.03681924982534838,0.23946507420285473,40,0.13318348356677595,0.08812216317048296
A,posterior_mean_shrunk,clock_quality_k16,phi_k16_quality,0.7495152607201386,0.6873825336082695,0.63,0.6577700838887329,16,clock_quality,35,0.10999233444074123,0.109313252775828,0.11066800587206671,-0.0382786725663811,-0.03912049817314255,-0.037432354948541614,0.23946507420285473,40,0.13244907305411324,0.08753559582736925
A,empirical,clock_quality_cs_k16,phi_k16_cs,0.7502229409014491,0.6860851076484793,0.64,0.6576866165730185,16,clock_quality_cs,61,0.11432181771675205,0.11361027577542701,0.1150454628537409,-0.03426534328085344,-0.035131153751717645,-0.03337341613179888,0.2439916335633642,40,0.1360037391083657,0.0926398963251384
A,lcb,clock_quality_cs_k16,phi_k16_cs,0.7502229409014491,0.6860851076484793,0.64,0.6576866165730185,16,clock_quality_cs,61,0.11008309856168308,0.10940194891889404,0.11075599445153785,-0.038218556492264355,-0.039046245474164604,-0.03738830963891814,0.2439916335633642,40,0.13263538321643645,0.0875308139069297
A,oracle_prior,clock_quality_cs_k16,phi_k16_cs,0.7502229409014491,0.6860851076484793,0.64,0.6576866165730185,16,clock_quality_cs,61,0.11006617643832542,0.10938380137573403,0.11074000659769809,-0.03819717566478157,-0.03903269348149479,-0.03736776143159659,0.2439916335633642,40,0.1326325223119515,0.08749983056469937
A,posterior_mean,clock_quality_cs_k16,phi_k16_cs,0.7502229409014491,0.6860851076484793,0.64,0.6576866165730185,16,clock_quality_cs,61,0.11073142676386598,0.11003813825293036,0.11141024035670852,-0.037590272851394005,-0.038426282653235826,-0.03674957138850004,0.2439916335633642,40,0.133355389391246,0.08810746413648594
A,posterior_mean_shrunk,clock_quality_cs_k16,phi_k16_cs,0.7502229409014491,0.6860851076484793,0.64,0.6576866165730185,16,clock_quality_cs,61,0.11010519986934342,0.10942438972662785,0.11077853524766397,-0.03816580713777894,-0.0389938029798941,-0.03733564825874055,0.2439916335633642,40,0.13267624942600303,0.08753415031268377
A,empirical,all71_k16,phi_k16_all71,0.7502146582663678,0.6864049616895844,0.64,0.6582251300458144,16,all71,71,0.11476612301286622,0.11403393106884323,0.1154901925160084,-0.033821037984739274,-0.03470436370131211,-0.032932335967780085,0.2506616745808665,40,0.13618562203751572,0.09334662398821675
A,lcb,all71_k16,phi_k16_all71,0.7502146582663678,0.6864049616895844,0.64,0.6582251300458144,16,all71,71,0.10992624204120913,0.10924381406483008,0.11060145234856464,-0.038375413012738314,-0.03920629603686394,-0.03753569936154236,0.2506616745808665,40,0.1324733423102232,0.087379141772195
A,oracle_prior,all71_k16,phi_k16_all71,0.7502146582663678,0.6864049616895844,0.64,0.6582251300458144,16,all71,71,0.10990723838693775,0.10922403140517417,0.11058408511446031,-0.03835611371616924,-0.03919184726968524,-0.03751498301702668,0.2506616745808665,40,0.1324750971410009,0.08733937963287461
A,posterior_mean,all71_k16,phi_k16_all71,0.7502146582663678,0.6864049616895844,0.64,0.6582251300458144,16,all71,71,0.11058530977750743,0.10989855961081048,0.11126637036511966,-0.037736389837752536,-0.03858739152477938,-0.03689053000663989,0.2506616745808665,40,0.13323508895271155,0.08793553060230333
A,posterior_mean_shrunk,all71_k16,phi_k16_all71,0.7502146582663678,0.6864049616895844,0.64,0.6582251300458144,16,all71,71,0.10994239159207173,0.10925895393433165,0.1106198149802367,-0.03832861541505063,-0.03916231891547795,-0.03749055529144243,0.2506616745808665,40,0.1325169269717815,0.08736785621236194
A,empirical,clock_quality_evidence_k16_hgb,phi_k16_hgb,0.7656798377332503,0.6889788708186758,0.64,0.6671495831829733,16,clock_quality_evidence,62,0.14860168733375795,0.14769660350750202,0.14950502063322346,1.452633615244836e-05,-0.0010452537099627077,0.0010454918817413273,0.287839562635689,40,0.16344511195366287,0.13375826271385305
A,lcb,clock_quality_evidence_k16_hgb,phi_k16_hgb,0.7656798377332503,0.6889788708186758,0.64,0.6671495831829733,16,clock_quality_evidence,62,0.11087570293591306,0.1101946982122172,0.11155581552236982,-0.037425952118034365,-0.038270080331494684,-0.03658795309034758,0.287839562635689,40,0.13348795534012386,0.08826345053170226
A,oracle_prior,clock_quality_evidence_k16_hgb,phi_k16_hgb,0.7656798377332503,0.6889788708186758,0.64,0.6671495831829733,16,clock_quality_evidence,62,0.11085223280516401,0.11017042785046215,0.11152841317387356,-0.03741111929794297,-0.038252888550268836,-0.036571947265911155,0.287839562635689,40,0.13348172849131296,0.08822273711901507
A,posterior_mean,clock_quality_evidence_k16_hgb,phi_k16_hgb,0.7656798377332503,0.6889788708186758,0.64,0.6671495831829733,16,clock_quality_evidence,62,0.11138448304725061,0.11069920531510434,0.11206967954713037,-0.03693721656800935,-0.037780656257236846,-0.0360969133648905,0.287839562635689,40,0.13411938866009948,0.08864957743440173
A,posterior_mean_shrunk,clock_quality_evidence_k16_hgb,phi_k16_hgb,0.7656798377332503,0.6889788708186758,0.64,0.6671495831829733,16,clock_quality_evidence,62,0.11087334129855919,0.11019425881626375,0.11155052992544369,-0.037397665708563184,-0.03824168719511363,-0.036561190398279,0.287839562635689,40,0.13345897368279763,0.08828770891432068
A,empirical,clock_quality_evidence_k16_weighted,phi_k16_weighted,0.7383233471629578,0.6784502984917671,0.61,0.6496282683566182,16,clock_quality_evidence,62,0.12475271064768072,0.12395755701989401,0.12553345619409811,-0.023834450349924784,-0.024780815625126705,-0.022874891636893154,0.25979824353661957,40,0.1440199140637832,0.10548550723157823
A,lcb,clock_quality_evidence_k16_weighted,phi_k16_weighted,0.7383233471629578,0.6784502984917671,0.61,0.6496282683566182,16,clock_quality_evidence,62,0.11128713917344468,0.11060282354563242,0.1119757923904399,-0.037014515880502766,-0.03785400938948442,-0.036172653447138145,0.25979824353661957,40,0.1340803372983275,0.08849394104856183
A,oracle_prior,clock_quality_evidence_k16_weighted,phi_k16_weighted,0.7383233471629578,0.6784502984917671,0.61,0.6496282683566182,16,clock_quality_evidence,62,0.11125879545587705,0.11056949124737002,0.11194968098541722,-0.037004556647229944,-0.037839855658676244,-0.036165418924283585,0.25979824353661957,40,0.13408008051928264,0.08843751039247144
A,posterior_mean,clock_quality_evidence_k16_weighted,phi_k16_weighted,0.7383233471629578,0.6784502984917671,0.61,0.6496282683566182,16,clock_quality_evidence,62,0.11233806429039576,0.11164431860801415,0.11303458618676814,-0.03598363532486419,-0.03684610733987938,-0.03513002806306758,0.25979824353661957,40,0.13529298153884955,0.08938314704194199
A,posterior_mean_shrunk,clock_quality_evidence_k16_weighted,phi_k16_weighted,0.7383233471629578,0.6784502984917671,0.61,0.6496282683566182,16,clock_quality_evidence,62,0.11126762662905858,0.11058429287120816,0.11195199677691563,-0.03700338037806378,-0.03784744199350826,-0.03616040058834187,0.25979824353661957,40,0.13403279539760332,0.08850245786051382
A,empirical,clock_quality_evidence_k16_noambig,phi_k16_noambig,0.7701989780861724,0.7005753602272085,0.67,0.6705718993633026,16,clock_quality_evidence,62,0.11753851059046175,0.11678211819846182,0.11828287547104992,-0.031048650407143757,-0.031956931517785274,-0.030143705778864386,0.2831692926536524,40,0.1367136076538802,0.09836341352704332
A,lcb,clock_quality_evidence_k16_noambig,phi_k16_noambig,0.7701989780861724,0.7005753602272085,0.67,0.6705718993633026,16,clock_quality_evidence,62,0.11058042304125446,0.10990048003768607,0.1112649743338261,-0.037721232012692965,-0.03857609635138942,-0.036877984225360476,0.2831692926536524,40,0.13335634939144145,0.08780449669106746
A,oracle_prior,clock_quality_evidence_k16_noambig,phi_k16_noambig,0.7701989780861724,0.7005753602272085,0.67,0.6705718993633026,16,clock_quality_evidence,62,0.11055714792367835,0.10987573717349733,0.11124296865418729,-0.03770620417942864,-0.038557409871864366,-0.036864532974686885,0.2831692926536524,40,0.13333878898690238,0.08777550686045434
A,posterior_mean,clock_quality_evidence_k16_noambig,phi_k16_noambig,0.7701989780861724,0.7005753602272085,0.67,0.6705718993633026,16,clock_quality_evidence,62,0.11083019405512204,0.11014595015869418,0.11151136600652535,-0.03749150556013792,-0.03834163525789336,-0.036641890459286515,0.2831692926536524,40,0.13359998642811333,0.08806040168213077
A,posterior_mean_shrunk,clock_quality_evidence_k16_noambig,phi_k16_noambig,0.7701989780861724,0.7005753602272085,0.67,0.6705718993633026,16,clock_quality_evidence,62,0.1105724254574703,0.10988842262529942,0.11125700692471582,-0.03769858154965204,-0.03854565076064318,-0.036853717103876985,0.2831692926536524,40,0.13335265654022588,0.08779219437471474
A,empirical,clock_quality_evidence_k16_notrunc,phi_k16_notrunc,0.758030740787624,0.6926996014901499,0.66,0.659589248533319,16,clock_quality_evidence,62,0.11189982367575357,0.11119341188983527,0.11260899719141888,-0.03668733732185192,-0.037543980265400026,-0.03580409128637257,0.2511674289216682,40,0.13341827261439904,0.09038137473710812
A,lcb,clock_quality_evidence_k16_notrunc,phi_k16_notrunc,0.758030740787624,0.6926996014901499,0.66,0.659589248533319,16,clock_quality_evidence,62,0.10960689058340575,0.10892235862607776,0.11027905470895348,-0.03869476447054167,-0.03953631753298396,-0.03784894354081189,0.2511674289216682,40,0.13219461757015233,0.0870191635966592
A,oracle_prior,clock_quality_evidence_k16_notrunc,phi_k16_notrunc,0.758030740787624,0.6926996014901499,0.66,0.659589248533319,16,clock_quality_evidence,62,0.10960463963075964,0.10892494574683952,0.11027722896440537,-0.03865871247234736,-0.03949860984881525,-0.0378162618339411,0.2511674289216682,40,0.1322032816372419,0.08700599762427738
A,posterior_mean,clock_quality_evidence_k16_notrunc,phi_k16_notrunc,0.758030740787624,0.6926996014901499,0.66,0.659589248533319,16,clock_quality_evidence,62,0.10986340667474506,0.1091753089609847,0.1105357314097637,-0.03845829294051491,-0.039300618814013435,-0.037616197793686294,0.2511674289216682,40,0.13252495757708238,0.08720185577240773
A,posterior_mean_shrunk,clock_quality_evidence_k16_notrunc,phi_k16_notrunc,0.758030740787624,0.6926996014901499,0.66,0.659589248533319,16,clock_quality_evidence,62,0.10960960551835089,0.10892952038993826,0.11028027787338941,-0.03866140148877149,-0.039504402385719006,-0.03781842490145209,0.2511674289216682,40,0.13219648188721184,0.0870227291494899
A,empirical,clock_quality_evidence_k16_lucb,phi_k16_lucb,0.7219912143631587,0.6676717102341581,0.66,0.6260531794754512,16,clock_quality_evidence,62,0.11464105484418652,0.11392266658484004,0.11535605485609267,-0.03394610615341899,-0.03482449218878173,-0.033065680270810846,0.24567671613235387,40,0.1364557992823764,0.09282631040599662
A,lcb,clock_quality_evidence_k16_lucb,phi_k16_lucb,0.7219912143631587,0.6676717102341581,0.66,0.6260531794754512,16,clock_quality_evidence,62,0.11008352000801205,0.10938961412663048,0.11075470005664101,-0.038218135045935374,-0.039052613287713034,-0.037380443851725426,0.24567671613235387,40,0.13265174883469516,0.08751529118132893
A,oracle_prior,clock_quality_evidence_k16_lucb,phi_k16_lucb,0.7219912143631587,0.6676717102341581,0.66,0.6260531794754512,16,clock_quality_evidence,62,0.1100671306026572,0.10937380768533331,0.11073967733012978,-0.03819622150044979,-0.03902848225734488,-0.03736229438451119,0.24567671613235387,40,0.13265325659676963,0.08748100460854476
A,posterior_mean,clock_quality_evidence_k16_lucb,phi_k16_lucb,0.7219912143631587,0.6676717102341581,0.66,0.6260531794754512,16,clock_quality_evidence,62,0.11079981932172633,0.11010543969270657,0.1114860540025984,-0.03752188029353365,-0.03836154432487092,-0.03668391108629294,0.24567671613235387,40,0.13342890324745021,0.08817073539600243
A,posterior_mean_shrunk,clock_quality_evidence_k16_lucb,phi_k16_lucb,0.7219912143631587,0.6676717102341581,0.66,0.6260531794754512,16,clock_quality_evidence,62,0.11008960670413762,0.10939768325632031,0.11076372037859983,-0.03818140030298473,-0.03901074217159476,-0.03734975511593803,0.24567671613235387,40,0.1326901183912116,0.08748909501706367
A,empirical,reservoir_rule_k16,phi_reservoir_rule,0.6733087250899507,0.6223751928588681,0.63,0.5832743972071016,16,reservoir_rule,7,0.12911453006885093,0.12828747324529105,0.12991672929027118,-0.019472630928754554,-0.020421497147506216,-0.01853390582902648,0.3178201186229594,40,0.14549604064809318,0.11273301948960872
A,lcb,reservoir_rule_k16,phi_reservoir_rule,0.6733087250899507,0.6223751928588681,0.63,0.5832743972071016,16,reservoir_rule,7,0.11430148715217911,0.11360049730690662,0.11498748244121089,-0.03400016790176833,-0.034869619696360134,-0.03313608575914259,0.3178201186229594,40,0.13680074537574474,0.09180222892861348
A,oracle_prior,reservoir_rule_k16,phi_reservoir_rule,0.6733087250899507,0.6223751928588681,0.63,0.5832743972071016,16,reservoir_rule,7,0.11428505034073569,0.11358036639066996,0.11497006131110539,-0.0339783017623713,-0.034845428156204436,-0.033111933566615334,0.3178201186229594,40,0.13678256214345963,0.09178753853801172
A,posterior_mean,reservoir_rule_k16,phi_reservoir_rule,0.6733087250899507,0.6223751928588681,0.63,0.5832743972071016,16,reservoir_rule,7,0.11450888138528063,0.11379402415601363,0.11519323898821313,-0.03381281822997935,-0.034682007160208736,-0.032949102539914746,0.3178201186229594,40,0.1369674046729335,0.09205035809762777
A,posterior_mean_shrunk,reservoir_rule_k16,phi_reservoir_rule,0.6733087250899507,0.6223751928588681,0.63,0.5832743972071016,16,reservoir_rule,7,0.11429817736325168,0.11359577013383387,0.11498300840386946,-0.03397282964387068,-0.03484212495105567,-0.0331054727195442,0.3178201186229594,40,0.13680068764492095,0.09179566708158235
A,empirical,clock_quality_evidence_k16_nopolicy,phi_k16_nopolicy,0.7427739394034281,0.6811849776344086,0.67,0.6278179400333501,16,clock_quality_evidence,62,0.11232073764490087,0.11161489409569185,0.11302054043218959,-0.03626642335270462,-0.0370998842066183,-0.03543296736788761,0.2175171119767084,40,0.1341649451216719,0.09047653016812984
A,lcb,clock_quality_evidence_k16_nopolicy,phi_k16_nopolicy,0.7427739394034281,0.6811849776344086,0.67,0.6278179400333501,16,clock_quality_evidence,62,0.11020420886586546,0.10952121457979956,0.11087881861072675,-0.038097446188081995,-0.03891421647713287,-0.0372901176927553,0.2175171119767084,40,0.13311178101357438,0.08729663671815652
A,oracle_prior,clock_quality_evidence_k16_nopolicy,phi_k16_nopolicy,0.7427739394034281,0.6811849776344086,0.67,0.6278179400333501,16,clock_quality_evidence,62,0.11020079663853286,0.10951494342443766,0.11087766617711167,-0.03806255546457414,-0.038880453089877844,-0.03724909393000416,0.2175171119767084,40,0.1331169368561394,0.08728465642092634
A,posterior_mean,clock_quality_evidence_k16_nopolicy,phi_k16_nopolicy,0.7427739394034281,0.6811849776344086,0.67,0.6278179400333501,16,clock_quality_evidence,62,0.11028874559594441,0.10960350810790259,0.11096414208688657,-0.03803295401931554,-0.03884587769120117,-0.03722115936150658,0.2175171119767084,40,0.13325033925138777,0.08732715194050107
A,posterior_mean_shrunk,clock_quality_evidence_k16_nopolicy,phi_k16_nopolicy,0.7427739394034281,0.6811849776344086,0.67,0.6278179400333501,16,clock_quality_evidence,62,0.110212202208686,0.10952613010784262,0.11088814247130357,-0.03805880479843636,-0.03887811209948268,-0.03725437005414278,0.2175171119767084,40,0.13312658800464489,0.08729781641272713
A,empirical,clock_quality_evidence_k16_famA_only,phi_k16_famA_only,0.7408546688388334,0.6823977749281216,0.69,0.6455012119144385,16,clock_quality_evidence,62,0.11204914560828838,0.111346390065155,0.1127387601841474,-0.03653801538931711,-0.03736332016444066,-0.03569608018398867,0.20490546990174896,40,0.13386159651735943,0.09023669469921733
A,lcb,clock_quality_evidence_k16_famA_only,phi_k16_famA_only,0.7408546688388334,0.6823977749281216,0.69,0.6455012119144385,16,clock_quality_evidence,62,0.11048539433191547,0.10978830536405439,0.11115401654256857,-0.03781626072203198,-0.03862813331725192,-0.036994889530469664,0.20490546990174896,40,0.13308698345814043,0.08788380520569043
A,oracle_prior,clock_quality_evidence_k16_famA_only,phi_k16_famA_only,0.7408546688388334,0.6823977749281216,0.69,0.6455012119144385,16,clock_quality_evidence,62,0.11048263500790126,0.10978702628257452,0.11115214277066117,-0.03778071709520573,-0.03859118559630588,-0.036950337892049,0.20490546990174896,40,0.1330774037521347,0.08788786626366782
A,posterior_mean,clock_quality_evidence_k16_famA_only,phi_k16_famA_only,0.7408546688388334,0.6823977749281216,0.69,0.6455012119144385,16,clock_quality_evidence,62,0.11056009260852369,0.1098681365896482,0.11123060350844753,-0.03776160700673627,-0.03857797731834581,-0.036929128982301336,0.20490546990174896,40,0.13320049111051632,0.08791969410653111
A,posterior_mean_shrunk,clock_quality_evidence_k16_famA_only,phi_k16_famA_only,0.7408546688388334,0.6823977749281216,0.69,0.6455012119144385,16,clock_quality_evidence,62,0.1104879602947367,0.10979408773418982,0.11115931226646353,-0.03778304671238566,-0.03859582829798455,-0.03696036725646991,0.20490546990174896,40,0.1330921909673154,0.08788372962215799
A,empirical,clock_quality_evidence_k16_famB_only,phi_k16_famB_only,0.7408721777310359,0.6782047599005802,0.63,0.6518140975178262,16,clock_quality_evidence,62,0.11503418377470771,0.11432290607015602,0.11575986553740222,-0.03355297722289779,-0.03443117456583423,-0.03266516178347956,0.2437716813984895,40,0.13654331269034808,0.09352505485906733
A,lcb,clock_quality_evidence_k16_famB_only,phi_k16_famB_only,0.7408721777310359,0.6782047599005802,0.63,0.6518140975178262,16,clock_quality_evidence,62,0.11015677490643538,0.10947284189787751,0.11083347538115049,-0.03814488014751205,-0.03898004849754216,-0.037302385657167175,0.2437716813984895,40,0.13272125977208415,0.08759229004078661
A,oracle_prior,clock_quality_evidence_k16_famB_only,phi_k16_famB_only,0.7408721777310359,0.6782047599005802,0.63,0.6518140975178262,16,clock_quality_evidence,62,0.11012608674354234,0.10944221340141666,0.1108014945571631,-0.038137265359564666,-0.038975881592778025,-0.03729658222582657,0.2437716813984895,40,0.13271236406122847,0.08753980942585622
A,posterior_mean,clock_quality_evidence_k16_famB_only,phi_k16_famB_only,0.7408721777310359,0.6782047599005802,0.63,0.6518140975178262,16,clock_quality_evidence,62,0.11084241166143291,0.11014718221093062,0.11152484893318615,-0.037479287953827045,-0.038321563029603566,-0.03663670444140735,0.2437716813984895,40,0.1334822312216151,0.08820259210125078
A,posterior_mean_shrunk,clock_quality_evidence_k16_famB_only,phi_k16_famB_only,0.7408721777310359,0.6782047599005802,0.63,0.6518140975178262,16,clock_quality_evidence,62,0.11016625129337738,0.10948439957734081,0.11083857812540372,-0.038104755713745,-0.038935410035919625,-0.03726245039346395,0.2437716813984895,40,0.13276056250264445,0.08757194008411026
A,empirical,clock_quality_evidence_k16_noT1000,phi_k16_noT1000,0.7603558235061507,0.6902805795031922,0.65,0.666488633995741,16,clock_quality_evidence,62,0.12153813598472518,0.12075989548466168,0.12231268503761385,-0.027049025012880333,-0.027977849968874577,-0.02611575310492299,0.2875783570808107,40,0.14070542017324844,0.10237085179620191
A,lcb,clock_quality_evidence_k16_noT1000,phi_k16_noT1000,0.7603558235061507,0.6902805795031922,0.65,0.666488633995741,16,clock_quality_evidence,62,0.11239186587836483,0.11170021681034996,0.11308691683290817,-0.03590978917558259,-0.036760948746348276,-0.03506257515466132,0.2875783570808107,40,0.1358061697827281,0.08897756197400158
A,oracle_prior,clock_quality_evidence_k16_noT1000,phi_k16_noT1000,0.7603558235061507,0.6902805795031922,0.65,0.666488633995741,16,clock_quality_evidence,62,0.1123679443890218,0.11167569788522087,0.1130623268234922,-0.03589540771408519,-0.036749287984857805,-0.0350429846120096,0.2875783570808107,40,0.13578598846212045,0.08894990031592315
A,posterior_mean,clock_quality_evidence_k16_noT1000,phi_k16_noT1000,0.7603558235061507,0.6902805795031922,0.65,0.666488633995741,16,clock_quality_evidence,62,0.11267719663145144,0.11199447452716413,0.11337562705448363,-0.03564450298380852,-0.03649441028712317,-0.03479190771613503,0.2875783570808107,40,0.1360871963333433,0.08926719692955958
A,posterior_mean_shrunk,clock_quality_evidence_k16_noT1000,phi_k16_noT1000,0.7603558235061507,0.6902805795031922,0.65,0.666488633995741,16,clock_quality_evidence,62,0.1123881671831001,0.1117004853686376,0.11308065838995389,-0.03588283982402227,-0.036737201806972736,-0.03503631454188508,0.2875783570808107,40,0.13579207419246447,0.08898426017373567
A,empirical,clock_quality_evidence_k16_noT200,phi_k16_noT200,0.7485838418628783,0.6864531582413046,0.64,0.6566067511068873,16,clock_quality_evidence,62,0.11527950296029994,0.11454497251368594,0.11600929107749834,-0.03330765803730555,-0.034191549482711706,-0.032420138490706456,0.2562849395641143,40,0.13610379452746055,0.09445521139313932
A,lcb,clock_quality_evidence_k16_noT200,phi_k16_noT200,0.7485838418628783,0.6864531582413046,0.64,0.6566067511068873,16,clock_quality_evidence,62,0.10959315181508973,0.10890725668126834,0.11027359415107639,-0.0387085032388577,-0.03954598728712881,-0.03787435701568029,0.2562849395641143,40,0.13196786027080887,0.08721844335937057
A,oracle_prior,clock_quality_evidence_k16_noT200,phi_k16_noT200,0.7485838418628783,0.6864531582413046,0.64,0.6566067511068873,16,clock_quality_evidence,62,0.10958322223149553,0.10889290424223873,0.11026449910488736,-0.03868012987161146,-0.03951782183983596,-0.03784936696996737,0.2562849395641143,40,0.13196999265007253,0.08719645181291853
A,posterior_mean,clock_quality_evidence_k16_noT200,phi_k16_noT200,0.7485838418628783,0.6864531582413046,0.64,0.6566067511068873,16,clock_quality_evidence,62,0.11031192279523785,0.10962086772095063,0.11099491803033742,-0.03800977682002212,-0.03886370648928277,-0.037165251372061905,0.2562849395641143,40,0.13276519462902725,0.08785865096144845
A,posterior_mean_shrunk,clock_quality_evidence_k16_noT200,phi_k16_noT200,0.7485838418628783,0.6864531582413046,0.64,0.6566067511068873,16,clock_quality_evidence,62,0.10960029413573757,0.10891288069149595,0.11027649028568703,-0.03867071287138478,-0.03950662085597287,-0.03784025446504529,0.2562849395641143,40,0.1319778174792933,0.08722277079218184
A,empirical,clock_sf_quality_cs_k16,phi_sf_k16,0.7480919975302374,0.6851796571506494,0.65,0.6540371564126168,16,clock_sf_quality_cs,56,0.11749556832432825,0.11674782339541706,0.11824557229294443,-0.031091592673277223,-0.03200151022216233,-0.030181892095915826,0.2810937044318723,40,0.137252779030089,0.09773835761856756
A,lcb,clock_sf_quality_cs_k16,phi_sf_k16,0.7480919975302374,0.6851796571506494,0.65,0.6540371564126168,16,clock_sf_quality_cs,56,0.10985724991079734,0.10917363727436168,0.11053488346886298,-0.038444405143150104,-0.03931270390767167,-0.03758904962520774,0.2810937044318723,40,0.13205687077097172,0.08765762905062292
A,oracle_prior,clock_sf_quality_cs_k16,phi_sf_k16,0.7480919975302374,0.6851796571506494,0.65,0.6540371564126168,16,clock_sf_quality_cs,56,0.10984585678134429,0.10915842606940714,0.11052380343229742,-0.038417495321762724,-0.0392846611089044,-0.03756227673395188,0.2810937044318723,40,0.13205447108871815,0.0876372424739704
A,posterior_mean,clock_sf_quality_cs_k16,phi_sf_k16,0.7480919975302374,0.6851796571506494,0.65,0.6540371564126168,16,clock_sf_quality_cs,56,0.11064161608929826,0.10995113542463514,0.11132978106325025,-0.03768008352596171,-0.03855693543468078,-0.03683069243750651,0.2810937044318723,40,0.13289995194928414,0.08838328022931237
A,posterior_mean_shrunk,clock_sf_quality_cs_k16,phi_sf_k16,0.7480919975302374,0.6851796571506494,0.65,0.6540371564126168,16,clock_sf_quality_cs,56,0.10983892104611115,0.10915404506158666,0.11051573691620434,-0.03843208596101122,-0.039304087113050626,-0.037575087060977244,0.2810937044318723,40,0.13204597309730526,0.08763186899491701
A,empirical,clock_sf_quality_cs_k16_noT1000,phi_sf_k16_noT1000,0.7543370567829621,0.6884493004152987,0.65,0.6611476396230416,16,clock_sf_quality_cs,56,0.11559851266177686,0.11488412443664857,0.11631915459118317,-0.03298864833582866,-0.033857840877572015,-0.03210406183599843,0.24442279307853845,40,0.137969352274399,0.0932276730491547
A,lcb,clock_sf_quality_cs_k16_noT1000,phi_sf_k16_noT1000,0.7543370567829621,0.6884493004152987,0.65,0.6611476396230416,16,clock_sf_quality_cs,56,0.110664948864892,0.10997929254575865,0.11134692576764792,-0.03763670618905544,-0.03846573902628734,-0.03680284851223405,0.24442279307853845,40,0.13346690687202425,0.08786299085775973
A,oracle_prior,clock_sf_quality_cs_k16_noT1000,phi_sf_k16_noT1000,0.7543370567829621,0.6884493004152987,0.65,0.6611476396230416,16,clock_sf_quality_cs,56,0.11063481815443921,0.1099496115672082,0.11131583359710931,-0.037628533948667796,-0.03845099596241198,-0.03679490168848133,0.24442279307853845,40,0.133456293546041,0.08781334276283743
A,posterior_mean,clock_sf_quality_cs_k16_noT1000,phi_sf_k16_noT1000,0.7543370567829621,0.6884493004152987,0.65,0.6611476396230416,16,clock_sf_quality_cs,56,0.11159677397013254,0.11090970307734097,0.1122845463379781,-0.0367249256451274,-0.03757373486470897,-0.035882531930910774,0.24442279307853845,40,0.13459769965381058,0.08859584828645457
A,posterior_mean_shrunk,clock_sf_quality_cs_k16_noT1000,phi_sf_k16_noT1000,0.7543370567829621,0.6884493004152987,0.65,0.6611476396230416,16,clock_sf_quality_cs,56,0.11067361075119661,0.10998953864087525,0.11135207137500402,-0.037597396255925744,-0.03842199957398407,-0.03676937973941676,0.24442279307853845,40,0.13350609768964858,0.08784112381274463
A,empirical,phi_k16_onpolicy_union,phi_k16_onpolicy_union,0.7467141954140203,0.6832116478950474,0.62,0.6588958374318175,16,clock_quality_evidence,62,0.11338959270610247,0.11267930269008501,0.11410205623949878,-0.035197568291503015,-0.03606447991849564,-0.03432350774251973,0.2552500235549943,40,0.13478621670405044,0.09199296870815452
A,lcb,phi_k16_onpolicy_union,phi_k16_onpolicy_union,0.7467141954140203,0.6832116478950474,0.62,0.6588958374318175,16,clock_quality_evidence,62,0.10955007434388571,0.10886303777522698,0.11022478811064501,-0.03875158071006172,-0.03959476889809593,-0.03790341918574995,0.2552500235549943,40,0.13213103264266174,0.0869691160451097
A,oracle_prior,phi_k16_onpolicy_union,phi_k16_onpolicy_union,0.7467141954140203,0.6832116478950474,0.62,0.6588958374318175,16,clock_quality_evidence,62,0.10954135841181452,0.10885391751748102,0.11021545823510678,-0.038721993691292485,-0.03956138226247276,-0.03787542595171544,0.2552500235549943,40,0.13213144882762354,0.08695126799600547
A,posterior_mean,phi_k16_onpolicy_union,phi_k16_onpolicy_union,0.7467141954140203,0.6832116478950474,0.62,0.6588958374318175,16,clock_quality_evidence,62,0.10994256680701402,0.10925844316276198,0.11062685982833499,-0.03837913280824595,-0.03922371058179124,-0.03753205369095668,0.2552500235549943,40,0.132571473594095,0.08731366001993303
A,posterior_mean_shrunk,phi_k16_onpolicy_union,phi_k16_onpolicy_union,0.7467141954140203,0.6832116478950474,0.62,0.6588958374318175,16,clock_quality_evidence,62,0.10955884416209485,0.10886843788000988,0.11023639745617402,-0.03871216284502753,-0.03955300003326556,-0.03786481909621216,0.2552500235549943,40,0.13215467345634022,0.08696301486784941
A,empirical,phi_k16_onpolicy_only,phi_k16_onpolicy_only,0.7027460792433382,0.660534856710329,0.57,0.6534241527032789,16,clock_quality_evidence,62,0.1399549306577748,0.1390630595642142,0.14084250470157714,-0.008632230339830677,-0.00967371100676246,-0.007594527729525,0.2751490664876556,40,0.1584156642319649,0.12149419708358473
A,lcb,phi_k16_onpolicy_only,phi_k16_onpolicy_only,0.7027460792433382,0.660534856710329,0.57,0.6534241527032789,16,clock_quality_evidence,62,0.11577739493482878,0.11505589899228652,0.11649223769869423,-0.032524260119118666,-0.03339972755195504,-0.03165097624680129,0.2751490664876556,40,0.1388127479593284,0.09274204191032913
A,oracle_prior,phi_k16_onpolicy_only,phi_k16_onpolicy_only,0.7027460792433382,0.660534856710329,0.57,0.6534241527032789,16,clock_quality_evidence,62,0.11570043304161301,0.11498412437300431,0.11641710414056433,-0.03256291906149399,-0.03343999566971433,-0.03169059951135978,0.2751490664876556,40,0.13873409236921144,0.09266677371401455
A,posterior_mean,phi_k16_onpolicy_only,phi_k16_onpolicy_only,0.7027460792433382,0.660534856710329,0.57,0.6534241527032789,16,clock_quality_evidence,62,0.1163757833420452,0.11565162583545316,0.11708914496586659,-0.03194591627321479,-0.032824220563911696,-0.031067901040150902,0.2751490664876556,40,0.13950049244780238,0.09325107423628796
A,posterior_mean_shrunk,phi_k16_onpolicy_only,phi_k16_onpolicy_only,0.7027460792433382,0.660534856710329,0.57,0.6534241527032789,16,clock_quality_evidence,62,0.11574819381115158,0.11502778398076771,0.11646104426064995,-0.03252281319597078,-0.03339672810709999,-0.0316469353166508,0.2751490664876556,40,0.1387495089980788,0.09274687862422433
