test,cell,policy,env_id,family,horizon,cap,n_on,n_corpus,corpus_scope,n_features,n_features_nonclock,knn_applicable,ood_frac,knn_dist_median,knn_threshold,n_features_standardizable,domain_auc,ood_frac_all,knn_threshold_all,n_features_standardizable_all,domain_auc_all,clock_confounded,domain_auc_CLOCK,domain_auc_QUALITY,domain_auc_EVIDENCE,domain_auc_HISTORY,max_frac_outside,mean_frac_outside,mean_abs_std_shift,max_abs_std_shift,max_ks,worst_feature_by_ks,corpus_score_kind,threshold
A,beta_good_common_T1000_cap64,phi_k16_all71,beta_good_common,A,1000,64,3072,13322,same_horizon,71,60,True,0.4147135416666667,3.889376776933524,4.173685965763104,60,0.9999171549479167,0.462890625,4.394006347052044,70,0.9999771321614583,True,0.9943189290364584,0.993754638671875,0.9967957356770833,0.9147779947916668,0.9537760416666666,0.06842814700704226,0.7758826541911334,3.8642105377216263,0.9537760416666666,f_K,oof,0.1
A,beta_good_common_T100_cap64,phi_k16_all71,beta_good_common,A,100,64,3072,19968,same_horizon,71,60,True,0.4967447916666667,3.3630372583942516,3.3671555756726588,60,0.9994728597005209,0.6627604166666666,3.5399113159539133,70,0.9995964762369792,True,0.95831591796875,0.9652740478515623,0.9783011067708334,0.9579943033854167,0.08561197916666667,0.006093199823943661,0.49925568280119226,1.323406126118298,0.7521534455128205,f_K_over_sqrt_t,oof,0.1
A,beta_good_common_T100_cap64,rule_reservoir,beta_good_common,A,100,64,3072,19968,same_horizon,7,5,True,0.5065104166666666,0.4373075539646732,0.42711657140859954,5,0.9410695393880208,0.6878255208333334,0.642404538402728,7,0.9833260498046874,True,0.9653802490234376,0.9299920654296875,0.718400146484375,,0.5,0.07775297619047618,0.6591915950372693,1.8451769295275053,0.7587640224358975,est_beta_a,none,0.1
A,beta_good_common_T200_cap64,phi_k16_all71,beta_good_common,A,200,64,3072,18127,same_horizon,71,60,True,0.3317057291666667,3.2120835603219184,3.599019124800427,60,0.99967529296875,0.3567708333333333,3.8094549484871836,70,0.9997957356770832,True,0.8576042073567708,0.9640610351562499,0.9809054361979166,0.9076107584635417,0.083984375,0.01584048562206573,0.531564747673342,1.5390441120698748,0.7169799187388518,f_n_singletons,oof,0.1
A,beta_good_common_T200_cap64,rule_reservoir,beta_good_common,A,200,64,3072,18127,same_horizon,7,5,True,0.2828776041666667,0.16017303220204054,0.4506078472812906,5,0.9150840657552083,0.5149739583333334,0.6835983234229537,7,0.9784293619791666,True,0.9463614095052084,0.9135237223307292,0.5547955322265625,,0.7083333333333334,0.10718936011904763,0.6028962131994884,1.9624437694395787,0.779176090914106,f_log_K,none,0.1
A,beta_good_common_T500_cap64,phi_k16_all71,beta_good_common,A,500,64,3072,15763,same_horizon,71,60,True,0.3444010416666667,3.5110834390606382,3.9158917719231416,60,0.9995227864583334,0.4339192708333333,4.120769094355526,70,0.9996460774739583,True,0.9158374837239583,0.987833251953125,0.9850774739583333,0.8914428304036457,0.21256510416666666,0.024166483274647887,0.6818215634677393,2.647072838084599,0.8643659201928567,f_n_singletons,oof,0.1
A,beta_good_common_T500_cap64,rule_reservoir,beta_good_common,A,500,64,3072,15763,same_horizon,7,5,True,0.12532552083333334,0.13272293871282065,0.5014118376227157,5,0.8763286946614582,0.13606770833333334,0.7316034848118386,7,0.98653076171875,True,0.97231787109375,0.8723221028645833,0.7217558186848958,,0.875,0.13095238095238096,0.708736660577617,1.794625505535455,0.9101323775085115,f_log_K,none,0.1
A,beta_good_common_T50_cap64,phi_k16,beta_good_common,A,50,64,3072,19968,same_horizon,62,51,True,0.10904947916666667,1.6253774030291126,2.6274124730827833,51,0.9860681559244793,0.1962890625,2.8308565869169766,61,0.9942539876302083,True,0.9447273763020834,0.9750030924479168,0.9689106038411458,,0.08333333333333333,0.008043514784946236,0.6097395035038745,2.342950402237195,0.7745392628205129,f_n_singletons,oof,0.1
A,beta_good_common_T50_cap64,phi_k16_all71,beta_good_common,A,50,64,3072,19968,same_horizon,71,60,True,0.6031901041666666,3.422620134002111,3.2524087062786746,60,0.9996690673828125,0.6930338541666666,3.436161493375552,70,0.9998316243489582,True,0.9466256510416666,0.9798807373046876,0.9709704996744792,0.9561695963541667,0.16666666666666666,0.009398840962441313,0.623972082473385,2.342950402237195,0.7745392628205129,f_n_singletons,oof,0.1
A,beta_good_common_T50_cap64,phi_k16_cs,beta_good_common,A,50,64,3072,19968,same_horizon,61,50,True,0.11002604166666667,1.5899098728386423,2.56011598710223,50,0.9858597819010416,0.19921875,2.7632949745730824,60,0.9937733968098957,True,0.9437131347656251,0.9762893473307293,0.964803466796875,,0.08333333333333333,0.008175375683060109,0.6193520933719868,2.342950402237195,0.7745392628205129,f_n_singletons,oof,0.1
A,beta_good_common_T50_cap64,phi_k16_quality,beta_good_common,A,50,64,3072,19968,same_horizon,35,24,True,0.16471354166666666,0.9872851107535408,1.6598478227500237,24,0.9754735107421876,0.298828125,1.9062891189862259,34,0.9910389811197918,True,0.9456401774088541,0.9754735107421876,,,0.08333333333333333,0.013364955357142856,0.7290273549530601,2.342950402237195,0.7745392628205129,f_n_singletons,oof,0.1
A,beta_good_common_T50_cap64,rule_reservoir,beta_good_common,A,50,64,3072,19968,same_horizon,7,5,True,0.490234375,0.4206490472595844,0.42361147339938315,5,0.9592893880208334,0.7841796875,0.6493274138925605,7,0.9816509195963542,True,0.9615493977864582,0.9114263916015624,0.8178576660156249,,0.4547526041666667,0.08244977678571429,0.8163646127705136,1.8672761148123345,0.7152193509615384,est_beta_a,none,0.1
A,beta_mostly_mediocre_T1000_cap64,phi_k16_all71,beta_mostly_mediocre,A,1000,64,3072,13322,same_horizon,71,60,True,0.5013020833333334,4.180084653063008,4.173685965763104,60,0.9999414876302084,0.5227864583333334,4.394006347052044,70,0.9999881184895834,True,0.9953278808593751,0.9903557942708332,0.9950780436197916,0.9094324951171875,0.9583333333333334,0.0760343309859155,0.5697237751093992,2.7783788265802722,0.9583333333333334,f_K,oof,0.1
A,beta_mostly_mediocre_T100_cap64,phi_k16_all71,beta_mostly_mediocre,A,100,64,3072,19968,same_horizon,71,60,True,0.3548177083333333,3.155575837179658,3.3671555756726588,60,0.9975819091796876,0.4430338541666667,3.5399113159539133,70,0.9982997639973957,True,0.9343778889973958,0.9411280924479166,0.9734261881510416,0.8944749348958333,0.15983072916666666,0.00574475498826291,0.5170546430408058,1.4720901597984513,0.7521534455128205,f_K_over_sqrt_t,oof,0.1
A,beta_mostly_mediocre_T200_cap64,phi_k16_all71,beta_mostly_mediocre,A,200,64,3072,18127,same_horizon,71,60,True,0.4583333333333333,3.4986717308034954,3.599019124800427,60,0.9984016927083335,0.5299479166666666,3.8094549484871836,70,0.9987850748697916,True,0.9531107584635417,0.962426025390625,0.976087646484375,0.8453311360677084,0.14127604166666666,0.019256161971830985,0.5648693418247904,1.87616165933914,0.8416284309432522,f_K_over_sqrt_t,oof,0.1
A,beta_mostly_mediocre_T200_cap64,rule_reservoir,beta_mostly_mediocre,A,200,64,3072,18127,same_horizon,7,5,True,0.1171875,0.2503568072924601,0.4506078472812906,5,0.8730541178385417,0.4768880208333333,0.6835983234229537,7,0.9582465006510416,True,0.9455574951171875,0.8569019368489583,0.6198140055338542,,0.6998697916666666,0.10737537202380952,0.6542312716348808,1.9444511862745344,0.7687594242474394,f_log_K,none,0.1
A,beta_mostly_mediocre_T500_cap64,phi_k16_all71,beta_mostly_mediocre,A,500,64,3072,15763,same_horizon,71,60,True,0.5813802083333334,4.0474424863190634,3.9158917719231416,60,0.9996114095052083,0.7060546875,4.120769094355526,70,0.9998013509114584,True,0.9859332682291666,0.98730712890625,0.9873665364583332,0.8922823486328124,0.8232421875,0.07323301789906105,0.6322142606243961,2.71855973250621,0.9132696069976632,f_K_over_sqrt_t,oof,0.1
A,beta_mostly_mediocre_T500_cap64,rule_reservoir,beta_mostly_mediocre,A,500,64,3072,15763,same_horizon,7,5,True,0.134765625,0.2761086723505098,0.5014118376227157,5,0.8973487955729166,0.2610677083333333,0.7316034848118386,7,0.9757356770833332,True,0.9728592122395834,0.8887301432291665,0.5892164306640625,,0.875,0.13169642857142858,0.6304844406076349,1.794625505535455,0.9101323775085115,f_log_K,none,0.1
A,beta_mostly_mediocre_T50_cap64,phi_k16_all71,beta_mostly_mediocre,A,50,64,3072,19968,same_horizon,71,60,True,0.5218098958333334,3.2846459088807007,3.2524087062786746,60,0.9992197672526041,0.6077473958333334,3.436161493375552,70,0.9993596598307293,True,0.9447710367838542,0.9578784179687502,0.9710279541015624,0.9501546223958334,0.17838541666666666,0.009852736208920188,0.5977393943447089,2.105844339946678,0.7689302884615384,f_K_over_sqrt_t,oof,0.1
A,beta_rare_excellent_T1000_cap64,phi_k16,beta_rare_excellent,A,1000,64,3072,13322,same_horizon,62,51,True,0.20247395833333334,2.4404687715541353,3.1988494333513655,51,0.9994171549479166,0.3203125,3.4679288116185982,61,0.9995163574218752,True,0.997714599609375,0.9961427408854167,0.999050537109375,,0.9583333333333334,0.09856980846774194,0.9259386170549883,4.893754983315829,0.9583333333333334,f_K,oof,0.1
A,beta_rare_excellent_T1000_cap64,phi_k16_all71,beta_rare_excellent,A,1000,64,3072,13322,same_horizon,71,60,True,0.6305338541666666,4.5051028461058475,4.173685965763104,60,0.9998025716145834,0.6985677083333334,4.394006347052044,70,0.9999379069010417,True,0.9973387044270833,0.9961114095052083,0.9989739583333334,0.90246875,0.9583333333333334,0.09027472124413148,0.8528429593429347,4.893754983315829,0.9583333333333334,f_K,oof,0.1
A,beta_rare_excellent_T1000_cap64,phi_k16_cs,beta_rare_excellent,A,1000,64,3072,13322,same_horizon,61,50,True,0.21484375,2.365392768432632,3.086063773085247,50,0.9996313476562501,0.326171875,3.3589394963387127,60,0.999836669921875,True,0.9973353678385416,0.9951843261718749,0.9990748697916666,,0.9583333333333334,0.10017503415300547,0.931550893746452,4.893754983315829,0.9583333333333334,f_K,oof,0.1
A,beta_rare_excellent_T1000_cap64,phi_k16_quality,beta_rare_excellent,A,1000,64,3072,13322,same_horizon,35,24,True,0.19596354166666666,1.0955718021134424,1.9837668769561756,24,0.9949746093749999,0.3802083333333333,2.272278730053479,34,0.9995174153645834,True,0.997074951171875,0.9949746093749999,,,0.9583333333333334,0.13686755952380955,1.0877621326304148,4.893754983315829,0.9583333333333334,f_K,oof,0.1
A,beta_rare_excellent_T1000_cap64,rule_reservoir,beta_rare_excellent,A,1000,64,3072,13322,same_horizon,7,5,True,0.5263671875,0.549633462074081,0.5336378750776066,5,0.9866848144531248,0.5403645833333334,0.7694189887507719,7,0.9880320638020834,True,0.9460288492838541,0.9862384440104168,0.7318052978515626,,0.4847005208333333,0.1415550595238095,1.5147442411522383,4.549319034496457,0.901942481187134,est_beta_b,none,0.1
A,beta_rare_excellent_T100_cap64,phi_k16,beta_rare_excellent,A,100,64,3072,19968,same_horizon,62,51,True,0.4938151041666667,2.664660694333298,2.690932688241468,51,0.9979316813151041,0.6552734375,2.895184222421924,61,0.9982559000651041,True,0.99263330078125,0.9972156982421876,0.9961654459635416,,0.5602213541666666,0.06860089045698924,0.958087461945003,4.745026423207061,0.8471053685897436,f_K_over_t,oof,0.1
A,beta_rare_excellent_T100_cap64,phi_k16_all71,beta_rare_excellent,A,100,64,3072,19968,same_horizon,71,60,True,0.7835286458333334,4.383414120349611,3.3671555756726588,60,0.9992809244791667,0.8053385416666666,3.5399113159539133,70,0.9994774576822917,True,0.9935132649739583,0.9978316243489582,0.9971740315755209,0.97299267578125,0.5458984375,0.07333388350938966,1.0026300274425304,4.687711920591013,0.8568709935897436,f_K_over_t,oof,0.1
A,beta_rare_excellent_T100_cap64,phi_k16_cs,beta_rare_excellent,A,100,64,3072,19968,same_horizon,61,50,True,0.5091145833333334,2.6390556686119107,2.617598322946128,50,0.997839803059896,0.65625,2.8220985202048947,60,0.9981190185546874,True,0.9927952473958332,0.997057861328125,0.9959379475911457,,0.5602213541666666,0.06972549521857924,0.9622085509145925,4.745026423207061,0.8471053685897436,f_K_over_t,oof,0.1
A,beta_rare_excellent_T100_cap64,phi_k16_quality,beta_rare_excellent,A,100,64,3072,19968,same_horizon,35,24,True,0.6214192708333334,2.09116339065215,1.67653074554178,24,0.9984951578776041,0.8248697916666666,1.9087718309596509,34,0.9989239908854166,True,0.9968439127604167,0.9984951578776041,,,0.6171875,0.1176153273809524,1.109735846480126,4.8768055278642946,0.8911758814102565,f_K_over_t,oof,0.1
A,beta_rare_excellent_T100_cap64,rule_reservoir,beta_rare_excellent,A,100,64,3072,19968,same_horizon,7,5,True,0.5006510416666666,0.4276233878355573,0.42711657140859954,5,0.9612683512369792,0.4759114583333333,0.642404538402728,7,0.9692921956380207,True,0.8059359130859375,0.9342383626302083,0.8486846516927082,,0.041666666666666664,0.014183407738095236,1.0172051814793777,2.550559223147301,0.7133413461538461,est_beta_b,none,0.1
A,beta_rare_excellent_T200_cap64,phi_k16,beta_rare_excellent,A,200,64,3072,18127,same_horizon,62,51,True,0.3883463541666667,2.725302010417172,2.9774729525839776,51,0.9982347819010418,0.5944010416666666,3.208893160446289,61,0.99949755859375,True,0.9975434163411458,0.9953963216145834,0.9963310546874998,,0.6315104166666666,0.1029223370295699,1.0288583005438168,5.404651335869538,0.8699122711746751,f_K_over_sqrt_t,oof,0.1
A,beta_rare_excellent_T200_cap64,phi_k16_all71,beta_rare_excellent,A,200,64,3072,18127,same_horizon,71,60,True,0.9345703125,5.603640401517261,3.599019124800427,60,0.9998234049479167,0.94140625,3.8094549484871836,70,0.9999349772135416,True,0.9958413085937501,0.9936185709635417,0.9959775390625,0.9068684895833332,0.6497395833333334,0.10989308245305164,0.9812433785021162,5.353089467561614,0.8644011695261212,f_K_over_sqrt_t,oof,0.1
A,beta_rare_excellent_T200_cap64,phi_k16_cs,beta_rare_excellent,A,200,64,3072,18127,same_horizon,61,50,True,0.3929036458333333,2.6658522475202755,2.9060234416912087,50,0.9982481282552084,0.6005859375,3.134038086641085,60,0.99947900390625,True,0.997142333984375,0.9955944824218751,0.9962915852864582,,0.6295572916666666,0.10440146857923498,1.0310353136189694,5.405730120022246,0.8699122711746751,f_K_over_sqrt_t,oof,0.1
A,beta_rare_excellent_T200_cap64,phi_k16_quality,beta_rare_excellent,A,200,64,3072,18127,same_horizon,35,24,True,0.4671223958333333,1.6877092259731492,1.7722743296162324,24,0.995349365234375,0.7942708333333334,2.0267648425743876,34,0.9985785319010416,True,0.9972581380208333,0.995349365234375,,,0.65234375,0.15638020833333335,1.1544871292545065,5.3819589073371406,0.8699122711746751,f_K_over_sqrt_t,oof,0.1
A,beta_rare_excellent_T200_cap64,rule_reservoir,beta_rare_excellent,A,200,64,3072,18127,same_horizon,7,5,True,0.6419270833333334,0.5584275081425238,0.4506078472812906,5,0.9688623860677084,0.5696614583333334,0.6835983234229537,7,0.9703002115885417,True,0.8475388997395833,0.9579312337239585,0.8245174560546875,,0.3307291666666667,0.06166294642857143,1.3577493269568799,3.8120804261918755,0.7871435307138522,est_beta_b,none,0.1
A,beta_rare_excellent_T500_cap64,phi_k16,beta_rare_excellent,A,500,64,3072,15763,same_horizon,62,51,True,0.318359375,2.660365431242095,3.166935125124793,51,0.9985066731770834,0.4664713541666667,3.3989600579300236,61,0.9994861653645833,True,0.994544921875,0.99649853515625,0.9977103678385416,,0.875,0.10800466229838711,0.9623059463552847,5.000418075310731,0.9135951278309966,f_K_over_sqrt_t,oof,0.1
A,beta_rare_excellent_T500_cap64,phi_k16_all71,beta_rare_excellent,A,500,64,3072,15763,same_horizon,71,60,True,0.9680989583333334,4.935546188050862,3.9158917719231416,60,0.9999733072916666,0.9990234375,4.120769094355526,70,0.9999969075520834,True,0.9944823404947918,0.9958744303385416,0.9978117675781251,0.9091979980468751,0.875,0.10347436179577464,0.8871001485559844,4.976650310303363,0.9135951278309966,f_K_over_sqrt_t,oof,0.1
A,beta_rare_excellent_T500_cap64,phi_k16_cs,beta_rare_excellent,A,500,64,3072,15763,same_horizon,61,50,True,0.3255208333333333,2.600978314833923,3.071631190858902,50,0.998691162109375,0.4791666666666667,3.296919479269911,60,0.9996565755208333,True,0.9949424641927084,0.996462158203125,0.997435546875,,0.875,0.1097752305327869,0.9647680972512862,5.000418075310731,0.9135951278309966,f_K_over_sqrt_t,oof,0.1
A,beta_rare_excellent_T500_cap64,phi_k16_quality,beta_rare_excellent,A,500,64,3072,15763,same_horizon,35,24,True,0.3531901041666667,1.451197551346947,1.9037272009146153,24,0.9958714192708333,0.6061197916666666,2.1802267570118126,34,0.9990549316406251,True,0.9951621907552083,0.9958714192708333,,,0.875,0.14468936011904762,1.128379980226671,4.973935549312884,0.9135951278309966,f_K_over_sqrt_t,oof,0.1
A,beta_rare_excellent_T500_cap64,rule_reservoir,beta_rare_excellent,A,500,64,3072,15763,same_horizon,7,5,True,0.5833333333333334,0.5494424143552552,0.5014118376227157,5,0.9730436197916668,0.5345052083333334,0.7316034848118386,7,0.9744685872395833,True,0.8770611165364582,0.969427490234375,0.7679472656249999,,0.3251953125,0.08761160714285714,1.4886697119074785,4.1881991099177425,0.8448324811927721,est_beta_b,none,0.1
A,beta_rare_excellent_T50_cap64,phi_k16,beta_rare_excellent,A,50,64,3072,19968,same_horizon,62,51,True,0.478515625,2.3551924572667455,2.6274124730827833,51,0.9966656494140624,0.5553385416666666,2.8308565869169766,61,0.9972930908203124,True,0.98918310546875,0.9958126220703124,0.9936090087890627,,0.5026041666666666,0.07230762768817203,0.8966402878562992,4.097240823095872,0.7907652243589743,f_K_over_t,oof,0.1
A,beta_rare_excellent_T50_cap64,phi_k16_all71,beta_rare_excellent,A,50,64,3072,19968,same_horizon,71,60,True,0.7063802083333334,3.9468202217526565,3.2524087062786746,60,0.9989949137369792,0.7620442708333334,3.436161493375552,70,0.9995668131510417,True,0.9894924316406251,0.9957909749348958,0.9940887451171875,0.948310750325521,0.5026041666666666,0.0790419600938967,0.9717794607061346,4.097240823095872,0.7907652243589743,f_K_over_t,oof,0.1
A,beta_rare_excellent_T50_cap64,phi_k16_cs,beta_rare_excellent,A,50,64,3072,19968,same_horizon,61,50,True,0.4788411458333333,2.3042395931714608,2.56011598710223,50,0.9963025716145834,0.5673828125,2.7632949745730824,60,0.997110392252604,True,0.9885530598958333,0.9954519856770833,0.9932541910807293,,0.5026041666666666,0.07349299863387977,0.9016472441452141,4.097240823095872,0.7907652243589743,f_K_over_t,oof,0.1
A,beta_rare_excellent_T50_cap64,phi_k16_quality,beta_rare_excellent,A,50,64,3072,19968,same_horizon,35,24,True,0.5035807291666666,1.7312763976837697,1.6598478227500237,24,0.99577001953125,0.6653645833333334,1.9062891189862259,34,0.9963315022786459,True,0.9884223632812501,0.99577001953125,,,0.5026041666666666,0.10883556547619046,1.0153691404601806,4.06239874564304,0.7907652243589743,f_K_over_t,oof,0.1
A,beta_rare_excellent_T50_cap64,rule_reservoir,beta_rare_excellent,A,50,64,3072,19968,same_horizon,7,5,True,0.208984375,0.31086088643743726,0.42361147339938315,5,0.932512654622396,0.2561848958333333,0.6493274138925605,7,0.946112060546875,True,0.8150336914062499,0.8930812581380209,0.8393921712239584,,0.08333333333333333,0.027622767857142853,0.7989721582803383,1.9082524000592964,0.6016125801282052,est_beta_b,none,0.1
A,beta_skewed_T1000_cap64,phi_k16,beta_skewed,A,1000,64,3072,13322,same_horizon,62,51,True,0.2513020833333333,2.5528714350360717,3.1988494333513655,51,0.9994029134114584,0.3811848958333333,3.4679288116185982,61,0.9996470540364583,True,0.9973866373697917,0.9956682942708333,0.9982139485677083,,0.9583333333333334,0.09530934979838711,0.5721153521640507,2.6860350790865604,0.9583333333333334,f_K,oof,0.1
A,beta_skewed_T1000_cap64,phi_k16_all71,beta_skewed,A,1000,64,3072,13322,same_horizon,71,60,True,0.5514322916666666,4.378817535223013,4.173685965763104,60,0.9999403483072917,0.6383463541666666,4.394006347052044,70,0.9999994303385417,True,0.9956577962239583,0.9953507486979167,0.99718994140625,0.9084253743489582,0.9583333333333334,0.08734503374413148,0.5398667076840451,2.6860350790865604,0.9583333333333334,f_K,oof,0.1
A,beta_skewed_T1000_cap64,phi_k16_cs,beta_skewed,A,1000,64,3072,13322,same_horizon,61,50,True,0.2542317708333333,2.484520376311031,3.086063773085247,50,0.9996482747395834,0.3759765625,3.3589394963387127,60,0.9998385416666667,True,0.9972182617187499,0.9954225260416667,0.998033447265625,,0.9583333333333334,0.09617272882513662,0.5683403444519399,2.6860350790865604,0.9583333333333334,f_K,oof,0.1
A,beta_skewed_T1000_cap64,phi_k16_quality,beta_skewed,A,1000,64,3072,13322,same_horizon,35,24,True,0.10677083333333333,1.072265954413762,1.9837668769561756,24,0.9954463704427083,0.2542317708333333,2.272278730053479,34,0.9993524576822918,True,0.9979039713541668,0.9954463704427083,,,0.9583333333333334,0.12555803571428573,0.7455379826435076,2.6860350790865604,0.9583333333333334,f_K,oof,0.1
A,beta_skewed_T1000_cap64,rule_reservoir,beta_skewed,A,1000,64,3072,13322,same_horizon,7,5,True,0.15006510416666666,0.3415735126473066,0.5336378750776066,5,0.9456067708333333,0.12532552083333334,0.7694189887507719,7,0.9482465006510418,True,0.9038529866536459,0.9460509440104168,0.5205840250651042,,0.4453125,0.08319382440476193,0.6294219559971153,1.35890606926951,0.7972214859192814,est_p_new_beats_incumbent,none,0.1
A,beta_skewed_T100_cap64,phi_k16,beta_skewed,A,100,64,3072,19968,same_horizon,62,51,True,0.2884114583333333,2.0283391272556033,2.690932688241468,51,0.9944599609375,0.4440104166666667,2.895184222421924,61,0.9954449869791666,True,0.9781623128255209,0.9907426350911458,0.9860954996744791,,0.369140625,0.04113113239247311,0.781658183847059,3.158581128475759,0.7816256009615385,f_K_over_sqrt_t,oof,0.1
A,beta_skewed_T100_cap64,phi_k16_all71,beta_skewed,A,100,64,3072,19968,same_horizon,71,60,True,0.6608072916666666,3.7770559162805446,3.3671555756726588,60,0.9984209391276043,0.7018229166666666,3.5399113159539133,70,0.9989473876953124,True,0.9836400960286459,0.9927586263020832,0.9879235839843749,0.9592934570312501,0.3815104166666667,0.04880520099765258,0.8378716395536506,3.195471997793785,0.7985526842948718,f_K_over_t,oof,0.1
A,beta_skewed_T100_cap64,phi_k16_cs,beta_skewed,A,100,64,3072,19968,same_horizon,61,50,True,0.2985026041666667,1.978558424063805,2.617598322946128,50,0.9951779378255209,0.4479166666666667,2.8220985202048947,60,0.9961597086588541,True,0.9790836181640625,0.9915942382812502,0.9853046468098958,,0.369140625,0.04189079576502733,0.7848964959968516,3.161808519230191,0.7816256009615385,f_K_over_sqrt_t,oof,0.1
A,beta_skewed_T100_cap64,phi_k16_quality,beta_skewed,A,100,64,3072,19968,same_horizon,35,24,True,0.3896484375,1.4636154186892125,1.67653074554178,24,0.9925750732421874,0.6549479166666666,1.9087718309596509,34,0.9958218587239583,True,0.9844902343749999,0.9925750732421874,,,0.4397786458333333,0.07645089285714286,0.9154938146066235,3.474910247281727,0.7908653846153846,f_K_over_t,oof,0.1
A,beta_skewed_T100_cap64,rule_reservoir,beta_skewed,A,100,64,3072,19968,same_horizon,7,5,True,0.2451171875,0.3105726070608573,0.42711657140859954,5,0.8844835611979166,0.23893229166666666,0.642404538402728,7,0.9044414876302084,True,0.7506734212239584,0.8639666748046875,0.6977904459635417,,0.041666666666666664,0.009114583333333334,0.6503057696903126,1.5089750837933429,0.5682341746794872,est_beta_b,none,0.1
A,beta_skewed_T200_cap64,phi_k16,beta_skewed,A,200,64,3072,18127,same_horizon,62,51,True,0.298828125,2.4284569061655743,2.9774729525839776,51,0.9971110026041666,0.4645182291666667,3.208893160446289,61,0.9985516764322917,True,0.9945503336588541,0.9902511393229166,0.9924097493489583,,0.5930989583333334,0.08494518649193548,0.8537350940529269,2.930674318458752,0.8644011695261212,f_K_over_sqrt_t,oof,0.1
A,beta_skewed_T200_cap64,phi_k16_all71,beta_skewed,A,200,64,3072,18127,same_horizon,71,60,True,0.875,4.884655774464835,3.599019124800427,60,0.9994644368489584,0.890625,3.8094549484871836,70,0.9997418619791666,True,0.9902118733723959,0.9889019368489584,0.9909326985677084,0.8993995768229167,0.603515625,0.09030223004694836,0.827940173444191,2.9245745020437655,0.8644011695261212,f_K_over_sqrt_t,oof,0.1
A,beta_skewed_T200_cap64,phi_k16_cs,beta_skewed,A,200,64,3072,18127,same_horizon,61,50,True,0.2998046875,2.379634699923858,2.9060234416912087,50,0.997005126953125,0.46875,3.134038086641085,60,0.9984677734375,True,0.9945707600911458,0.9894751790364584,0.9926806640625,,0.591796875,0.08619898394808743,0.853942965089472,2.9329378301422824,0.8644011695261212,f_K_over_sqrt_t,oof,0.1
A,beta_skewed_T200_cap64,phi_k16_quality,beta_skewed,A,200,64,3072,18127,same_horizon,35,24,True,0.23860677083333334,1.3210085296527323,1.7722743296162324,24,0.9903835449218751,0.6617838541666666,2.0267648425743876,34,0.9983417154947916,True,0.9944579671223959,0.9903835449218751,,,0.60546875,0.12751116071428573,0.9604334257812494,2.945628280306875,0.8644011695261212,f_K_over_sqrt_t,oof,0.1
A,beta_skewed_T200_cap64,rule_reservoir,beta_skewed,A,200,64,3072,18127,same_horizon,7,5,True,0.2451171875,0.3314513913726594,0.4506078472812906,5,0.9057825927734375,0.255859375,0.6835983234229537,7,0.8996381022135418,True,0.7879483235677083,0.9007412516276042,0.6570677083333334,,0.041666666666666664,0.01706659226190476,0.7278918314473637,1.6868237592708153,0.6457503144767934,est_beta_b,none,0.1
A,beta_skewed_T500_cap64,phi_k16,beta_skewed,A,500,64,3072,15763,same_horizon,62,51,True,0.22819010416666666,2.5164372031346076,3.166935125124793,51,0.9983917643229167,0.4384765625,3.3989600579300236,61,0.9997744140625,True,0.9939019368489583,0.9957884114583334,0.99508837890625,,0.873046875,0.09904233870967742,0.6928756030981642,2.8003133592042566,0.9135951278309966,f_K_over_sqrt_t,oof,0.1
A,beta_skewed_T500_cap64,phi_k16_all71,beta_skewed,A,500,64,3072,15763,same_horizon,71,60,True,0.7838541666666666,4.562951909338551,3.9158917719231416,60,0.9998932291666667,0.9544270833333334,4.120769094355526,70,0.9999443359375,True,0.9957880045572917,0.9953043619791666,0.9952549641927084,0.91133349609375,0.875,0.09539135856807512,0.6457567944582342,2.811422827764781,0.9135951278309966,f_K_over_sqrt_t,oof,0.1
A,beta_skewed_T500_cap64,phi_k16_cs,beta_skewed,A,500,64,3072,15763,same_horizon,61,50,True,0.22526041666666666,2.4395434601118042,3.071631190858902,50,0.9978814290364583,0.4527994791666667,3.296919479269911,60,0.9996025390625,True,0.992711181640625,0.9949386393229167,0.9943339843750001,,0.8727213541666666,0.10051656420765026,0.6912593023825403,2.800030730845574,0.9135951278309966,f_K_over_sqrt_t,oof,0.1
A,beta_skewed_T500_cap64,phi_k16_quality,beta_skewed,A,500,64,3072,15763,same_horizon,35,24,True,0.17513020833333334,1.1937896267354553,1.9037272009146153,24,0.9957169596354168,0.4495442708333333,2.1802267570118126,34,0.9994790852864583,True,0.9946983235677083,0.9957169596354168,,,0.8736979166666666,0.1322079613095238,0.8416813216481038,2.8191407560211137,0.9135951278309966,f_K_over_sqrt_t,oof,0.1
A,beta_skewed_T500_cap64,rule_reservoir,beta_skewed,A,500,64,3072,15763,same_horizon,7,5,True,0.16373697916666666,0.33699472201416514,0.5014118376227157,5,0.9310109049479167,0.169921875,0.7316034848118386,7,0.9334534505208333,True,0.8293011067708334,0.9342466634114583,0.584002685546875,,0.1728515625,0.04278273809523809,0.6401350360910639,1.2980153573828435,0.7451880615404746,est_p_new_beats_incumbent,none,0.1
A,beta_skewed_T50_cap64,phi_k16,beta_skewed,A,50,64,3072,19968,same_horizon,62,51,True,0.4046223958333333,2.032490271463897,2.6274124730827833,51,0.9940691731770833,0.4879557291666667,2.8308565869169766,61,0.9951153157552085,True,0.9836326497395833,0.99165673828125,0.9889859619140625,,0.44921875,0.06235299059139785,0.8043392109279687,3.899311650711238,0.7854817708333334,f_mean_width_plausible,oof,0.1
A,beta_skewed_T50_cap64,phi_k16_all71,beta_skewed,A,50,64,3072,19968,same_horizon,71,60,True,0.6875,3.7153391200685837,3.2524087062786746,60,0.9986103922526041,0.7418619791666666,3.436161493375552,70,0.999237589518229,True,0.9820343831380207,0.9914767252604166,0.9880909016927083,0.946935017903646,0.4505208333333333,0.06848316461267606,0.8865785907489483,3.908144853445759,0.787109375,f_mean_width_plausible,oof,0.1
A,beta_skewed_T50_cap64,phi_k16_cs,beta_skewed,A,50,64,3072,19968,same_horizon,61,50,True,0.4055989583333333,1.9859491393721491,2.56011598710223,50,0.9959499918619792,0.4986979166666667,2.7632949745730824,60,0.9967357584635417,True,0.9848607991536458,0.9932319335937501,0.9886737060546876,,0.44921875,0.06337517076502733,0.8101006145284749,3.899311650711238,0.7854817708333334,f_mean_width_plausible,oof,0.1
A,beta_skewed_T50_cap64,phi_k16_quality,beta_skewed,A,50,64,3072,19968,same_horizon,35,24,True,0.4205729166666667,1.3722992575632895,1.6598478227500237,24,0.9892560628255208,0.6028645833333334,1.9062891189862259,34,0.992656005859375,True,0.9810022786458332,0.9892560628255208,,,0.4427083333333333,0.09453125,0.9176072416326607,3.846721378875156,0.7689302884615384,f_K_over_sqrt_t,oof,0.1
A,beta_skewed_T50_cap64,rule_reservoir,beta_skewed,A,50,64,3072,19968,same_horizon,7,5,True,0.14908854166666666,0.2838108091125101,0.42361147339938315,5,0.879126953125,0.16959635416666666,0.6493274138925605,7,0.9069897054036458,True,0.7763123372395834,0.8654486490885417,0.7457815755208332,,0.08333333333333333,0.018089657738095236,0.6210063473997091,1.4053720487648498,0.5207331730769231,est_beta_b,none,0.1
A,tail_b0.5_mu1.0_c1.0_T1000_cap64,phi_k16,tail_b0.5_mu1.0_c1.0,B,1000,64,3072,13322,same_horizon,62,51,True,0.4130859375,2.967918461745394,3.1988494333513655,51,0.9994288736979167,0.6344401041666666,3.4679288116185982,61,0.9996927897135417,True,0.9966455891927083,0.9990431315104166,0.9985748697916667,,0.9576822916666666,0.10125273017473117,1.0132987573651402,7.935387450612482,0.9650627349653456,f_n_singletons,oof,0.1
A,tail_b0.5_mu1.0_c1.0_T1000_cap64,phi_k16_all71,tail_b0.5_mu1.0_c1.0,B,1000,64,3072,13322,same_horizon,71,60,True,0.8382161458333334,5.088261892456697,4.173685965763104,60,0.9999693196614583,0.8873697916666666,4.394006347052044,70,0.9999921061197916,True,0.9954566243489583,0.9992103678385417,0.9985147298177084,0.9112151692708332,0.9576822916666666,0.0913842429577465,0.917426379349062,7.9171659988719165,0.9628382855896261,f_n_singletons,oof,0.1
A,tail_b0.5_mu1.0_c1.0_T1000_cap64,phi_k16_cs,tail_b0.5_mu1.0_c1.0,B,1000,64,3072,13322,same_horizon,61,50,True,0.44921875,2.96157769801183,3.086063773085247,50,0.999485595703125,0.6692708333333334,3.3589394963387127,60,0.9996820475260416,True,0.9960735677083333,0.999156494140625,0.9984073079427084,,0.9576822916666666,0.10282189207650273,1.0201464046088524,7.933705470451814,0.9650627349653456,f_n_singletons,oof,0.1
A,tail_b0.5_mu1.0_c1.0_T1000_cap64,phi_k16_quality,tail_b0.5_mu1.0_c1.0,B,1000,64,3072,13322,same_horizon,35,24,True,0.4495442708333333,1.8710297512941478,1.9837668769561756,24,0.9990641276041665,0.7425130208333334,2.272278730053479,34,0.99971484375,True,0.9953661295572916,0.9990641276041665,,,0.9583333333333334,0.14342447916666667,1.059202782245788,7.9182873189790275,0.9628382855896261,f_n_singletons,oof,0.1
A,tail_b0.5_mu1.0_c1.0_T100_cap64,phi_k16_all71,tail_b0.5_mu1.0_c1.0,B,100,64,3072,19968,same_horizon,71,60,True,0.58203125,3.4836292128809587,3.3671555756726588,60,0.9994833984375001,0.705078125,3.5399113159539133,70,0.9996404215494791,True,0.9612532958984374,0.9767481689453125,0.9831054687500002,0.9687602132161459,0.21842447916666666,0.011613299589201879,0.5449229809867658,1.3429228517906604,0.7670522836538461,f_n_singletons,oof,0.1
A,tail_b0.5_mu1.0_c1.0_T100_cap64,rule_reservoir,tail_b0.5_mu1.0_c1.0,B,100,64,3072,19968,same_horizon,7,5,True,0.4443359375,0.3517456051857659,0.42711657140859954,5,0.9227051595052083,0.6350911458333334,0.642404538402728,7,0.9821815999348958,True,0.9645581868489583,0.9176794026692708,0.6888223876953126,,0.5,0.07756696428571429,0.5953692493373789,1.8451769295275053,0.7290414663461539,est_beta_a,none,0.1
A,tail_b0.5_mu1.0_c1.0_T200_cap64,phi_k16_all71,tail_b0.5_mu1.0_c1.0,B,200,64,3072,18127,same_horizon,71,60,True,0.4348958333333333,3.450009224276271,3.599019124800427,60,0.99970361328125,0.5224609375,3.8094549484871836,70,0.99984423828125,True,0.85791259765625,0.9814073893229166,0.9872965494791667,0.9134702962239583,0.291015625,0.025913292253521125,0.6020191360624008,1.4829258219019368,0.8023578001737739,f_n_singletons,oof,0.1
A,tail_b0.5_mu1.0_c1.0_T200_cap64,rule_reservoir,tail_b0.5_mu1.0_c1.0,B,200,64,3072,18127,same_horizon,7,5,True,0.2604166666666667,0.1467316986701675,0.4506078472812906,5,0.8855386555989583,0.5130208333333334,0.6835983234229537,7,0.9779605305989584,True,0.9458909505208333,0.8845255533854166,0.6092216389973958,,0.7083333333333334,0.10714285714285714,0.6449599443025248,1.9624437694395787,0.779176090914106,f_log_K,none,0.1
A,tail_b0.5_mu1.0_c1.0_T500_cap64,phi_k16_all71,tail_b0.5_mu1.0_c1.0,B,500,64,3072,15763,same_horizon,71,60,True,0.5751953125,4.111322714257612,3.9158917719231416,60,0.9997024739583333,0.6891276041666666,4.120769094355526,70,0.9998057454427083,True,0.9234593098958332,0.9946273600260417,0.99252880859375,0.8905303141276041,0.455078125,0.043431814847417836,0.7953484003166164,5.015766824358506,0.9091791712263951,f_n_singletons,oof,0.1
A,tail_b0.5_mu1.0_c1.0_T500_cap64,phi_k16_quality,tail_b0.5_mu1.0_c1.0,B,500,64,3072,15763,same_horizon,35,24,True,0.16438802083333334,1.1493571778333913,1.9037272009146153,24,0.992236083984375,0.33984375,2.1802267570118126,34,0.9956542968750001,True,0.8831427408854167,0.992236083984375,,,0.3177083333333333,0.04897693452380953,0.8548842876697927,4.336292525311455,0.8927357330060902,f_n_singletons,oof,0.1
A,tail_b0.5_mu1.0_c1.0_T500_cap64,rule_reservoir,tail_b0.5_mu1.0_c1.0,B,500,64,3072,15763,same_horizon,7,5,True,0.125,0.13991969571192664,0.5014118376227157,5,0.8967745768229168,0.15592447916666666,0.7316034848118386,7,0.9894768880208333,True,0.9730937500000001,0.8941728515625,0.8091619466145833,,0.875,0.14202008928571427,0.7739519377855851,1.794625505535455,0.9101323775085115,f_log_K,none,0.1
A,tail_b0.5_mu1.0_c1.0_T50_cap64,phi_k16,tail_b0.5_mu1.0_c1.0,B,50,64,3072,19968,same_horizon,62,51,True,0.1064453125,1.6656627979777425,2.6274124730827833,51,0.9920286458333334,0.21419270833333334,2.8308565869169766,61,0.9960314941406251,True,0.9489177652994792,0.9816127115885417,0.9714687906901043,,0.1025390625,0.009739373319892473,0.6230286101703805,2.591506912516906,0.7817007211538461,f_n_singletons,oof,0.1
A,tail_b0.5_mu1.0_c1.0_T50_cap64,phi_k16_all71,tail_b0.5_mu1.0_c1.0,B,50,64,3072,19968,same_horizon,71,60,True,0.6041666666666666,3.432558843800703,3.2524087062786746,60,0.9996824951171875,0.6780598958333334,3.436161493375552,70,0.9998154296875,True,0.9470768229166666,0.9825048828125,0.9732359212239584,0.9560716552734375,0.16666666666666666,0.011072293133802816,0.6393368861962881,2.591506912516906,0.7817007211538461,f_n_singletons,oof,0.1
A,tail_b0.5_mu1.0_c1.0_T50_cap64,phi_k16_cs,tail_b0.5_mu1.0_c1.0,B,50,64,3072,19968,same_horizon,61,50,True,0.1083984375,1.6411349646237245,2.56011598710223,50,0.9919885660807292,0.22005208333333334,2.7632949745730824,60,0.9960451253255208,True,0.9464478352864584,0.98235498046875,0.9650458577473957,,0.1025390625,0.009888362363387977,0.6328219433280131,2.591506912516906,0.7817007211538461,f_n_singletons,oof,0.1
A,tail_b0.5_mu1.0_c1.0_T50_cap64,phi_k16_quality,tail_b0.5_mu1.0_c1.0,B,50,64,3072,19968,same_horizon,35,24,True,0.14680989583333334,1.0443527281892908,1.6598478227500237,24,0.9838801676432292,0.3359375,1.9062891189862259,34,0.99301806640625,True,0.9438217366536459,0.9838801676432292,,,0.1025390625,0.015392485119047618,0.7334051738216182,2.591506912516906,0.7817007211538461,f_n_singletons,oof,0.1
A,tail_b0.5_mu1.0_c1.0_T50_cap64,rule_reservoir,tail_b0.5_mu1.0_c1.0,B,50,64,3072,19968,same_horizon,7,5,True,0.3421223958333333,0.2786743135972906,0.42361147339938315,5,0.9353401692708334,0.7242838541666666,0.6493274138925605,7,0.9726343180338541,True,0.9544144287109375,0.8911020914713541,0.7920156656901041,,0.4475911458333333,0.07924107142857142,0.7244105936249293,1.8422431449821115,0.7004707532051282,est_beta_a,none,0.1
A,tail_b1.0_mu0.9_c2.0_T1000_cap64,phi_k16_all71,tail_b1.0_mu0.9_c2.0,B,1000,64,3072,13322,same_horizon,71,60,True,0.4147135416666667,3.9046047857771082,4.173685965763104,60,0.9999598795572916,0.455078125,4.394006347052044,70,0.9999877929687501,True,0.9957706705729167,0.9919678548177084,0.9950719401041667,0.9104715576171875,0.9567057291666666,0.07083516725352113,0.7065805233140878,3.0191837050021646,0.9567057291666666,f_K,oof,0.1
A,tail_b1.0_mu0.9_c2.0_T100_cap64,phi_k16_all71,tail_b1.0_mu0.9_c2.0,B,100,64,3072,19968,same_horizon,71,60,True,0.4391276041666667,3.3125172946432495,3.3671555756726588,60,0.9991265462239584,0.5826822916666666,3.5399113159539133,70,0.9994602050781249,True,0.9499274088541666,0.9513479410807292,0.9777970784505209,0.9457096354166666,0.09602864583333333,0.0044931044600938965,0.46368195335790613,1.1655565646363348,0.7521534455128205,f_K_over_sqrt_t,oof,0.1
A,tail_b1.0_mu0.9_c2.0_T100_cap64,rule_reservoir,tail_b1.0_mu0.9_c2.0,B,100,64,3072,19968,same_horizon,7,5,True,0.3932291666666667,0.34063955028282933,0.42711657140859954,5,0.9316416829427084,0.6507161458333334,0.642404538402728,7,0.9813693847656251,True,0.9664544270833333,0.9159356282552084,0.7420150553385416,,0.5,0.07742745535714286,0.6070379648718857,1.8451769295275053,0.7294921875,est_beta_a,none,0.1
A,tail_b1.0_mu0.9_c2.0_T200_cap64,phi_k16_all71,tail_b1.0_mu0.9_c2.0,B,200,64,3072,18127,same_horizon,71,60,True,0.296875,3.1614104586915412,3.599019124800427,60,0.9995510253906249,0.3427734375,3.8094549484871836,70,0.9996436360677083,True,0.8918997395833334,0.9528857421875001,0.9756178385416667,0.8930291341145833,0.08919270833333333,0.014364179870892018,0.5185780035529148,1.2044506773823587,0.7575290901808537,f_n_singletons,oof,0.1
A,tail_b1.0_mu0.9_c2.0_T200_cap64,rule_reservoir,tail_b1.0_mu0.9_c2.0,B,200,64,3072,18127,same_horizon,7,5,True,0.2581380208333333,0.15030021090940737,0.4506078472812906,5,0.8774706624348959,0.470703125,0.6835983234229537,7,0.9764702962239583,True,0.9502636718749999,0.88431591796875,0.476004638671875,,0.7083333333333334,0.10714285714285714,0.5722562106975021,1.9624437694395787,0.779176090914106,f_log_K,none,0.1
A,tail_b1.0_mu0.9_c2.0_T500_cap64,phi_k16_all71,tail_b1.0_mu0.9_c2.0,B,500,64,3072,15763,same_horizon,71,60,True,0.3076171875,3.482926326686653,3.9158917719231416,60,0.9996166178385417,0.4202473958333333,4.120769094355526,70,0.9997164713541666,True,0.9669930826822918,0.9888286946614584,0.988484619140625,0.8776150716145833,0.501953125,0.04421581572769953,0.6942366767788951,3.069050926604164,0.8864688529243059,f_n_singletons,oof,0.1
A,tail_b1.0_mu0.9_c2.0_T500_cap64,rule_reservoir,tail_b1.0_mu0.9_c2.0,B,500,64,3072,15763,same_horizon,7,5,True,0.12467447916666667,0.1474363822855471,0.5014118376227157,5,0.8685454101562501,0.1279296875,0.7316034848118386,7,0.9817391764322917,True,0.9733017578125001,0.8725284830729166,0.6211573486328125,,0.875,0.13095238095238096,0.6360515648381699,1.794625505535455,0.9101323775085115,f_log_K,none,0.1
A,tail_b1.0_mu0.9_c2.0_T50_cap64,phi_k16_all71,tail_b1.0_mu0.9_c2.0,B,50,64,3072,19968,same_horizon,71,60,True,0.5598958333333334,3.3499629221931335,3.2524087062786746,60,0.999758992513021,0.666015625,3.436161493375552,70,0.9998922526041667,True,0.9491876627604168,0.9685850830078125,0.965373291015625,0.956656941731771,0.16666666666666666,0.008857834507042254,0.6062021189003316,2.2519193407231053,0.7751903044871795,f_n_singletons,oof,0.1
A,tail_b1.0_mu0.9_c2.0_T50_cap64,phi_k16_quality,tail_b1.0_mu0.9_c2.0,B,50,64,3072,19968,same_horizon,35,24,True,0.1201171875,0.9479573321284946,1.6598478227500237,24,0.9666222737630208,0.2626953125,1.9062891189862259,34,0.9855851236979167,True,0.9456708984375001,0.9666222737630208,,,0.08333333333333333,0.012295386904761904,0.7030644262700909,2.2519193407231053,0.7751903044871795,f_n_singletons,oof,0.1
A,tail_b1.0_mu0.9_c2.0_T50_cap64,rule_reservoir,tail_b1.0_mu0.9_c2.0,B,50,64,3072,19968,same_horizon,7,5,True,0.2861328125,0.26288218241031236,0.42361147339938315,5,0.92532666015625,0.6689453125,0.6493274138925605,7,0.9534224446614583,True,0.9411392822265624,0.8751490478515624,0.7865819498697917,,0.4111328125,0.07161458333333333,0.6625598602328956,1.7697911081004822,0.6689953926282052,est_beta_a,none,0.1
A,tail_b2.0_mu1.0_c1.0_T1000_cap64,phi_k16,tail_b2.0_mu1.0_c1.0,B,1000,64,3072,13322,same_horizon,62,51,True,0.3160807291666667,2.688714423188216,3.1988494333513655,51,0.9995896809895833,0.4410807291666667,3.4679288116185982,61,0.9998234049479167,True,0.9974126790364584,0.9930116373697916,0.9983159993489583,,0.9583333333333334,0.0914083501344086,0.6345457156958446,2.6858681177376496,0.9583333333333334,f_K,oof,0.1
A,tail_b2.0_mu1.0_c1.0_T1000_cap64,phi_k16_all71,tail_b2.0_mu1.0_c1.0,B,1000,64,3072,13322,same_horizon,71,60,True,0.62109375,4.616539342523965,4.173685965763104,60,0.9999798177083333,0.6572265625,4.394006347052044,70,0.9999993489583334,True,0.9961709798177083,0.99330126953125,0.9971538085937499,0.9123736979166667,0.9583333333333334,0.08348004694835678,0.5879017402378206,2.6846993882952734,0.9583333333333334,f_K,oof,0.1
A,tail_b2.0_mu1.0_c1.0_T1000_cap64,phi_k16_cs,tail_b2.0_mu1.0_c1.0,B,1000,64,3072,13322,same_horizon,61,50,True,0.3095703125,2.536549526943399,3.086063773085247,50,0.9994527180989583,0.4300130208333333,3.3589394963387127,60,0.9995327148437501,True,0.9978131510416667,0.9924733072916666,0.9980673014322917,,0.9583333333333334,0.09237854337431693,0.6385004072846792,2.685200272342006,0.9583333333333334,f_K,oof,0.1
A,tail_b2.0_mu1.0_c1.0_T1000_cap64,phi_k16_quality,tail_b2.0_mu1.0_c1.0,B,1000,64,3072,13322,same_horizon,35,24,True,0.12044270833333333,0.9370352310874013,1.9837668769561756,24,0.9923362630208333,0.2630208333333333,2.272278730053479,34,0.9983262532552084,True,0.9971432291666666,0.9923362630208333,,,0.9583333333333334,0.12134486607142857,0.6767043785267605,2.6846993882952734,0.9583333333333334,f_K,oof,0.1
A,tail_b2.0_mu1.0_c1.0_T100_cap64,phi_k16_all71,tail_b2.0_mu1.0_c1.0,B,100,64,3072,19968,same_horizon,71,60,True,0.4127604166666667,3.215285862936514,3.3671555756726588,60,0.9976003824869792,0.47265625,3.5399113159539133,70,0.9982952473958334,True,0.9404927164713541,0.9555550944010416,0.9720374755859374,0.9102621663411458,0.18815104166666666,0.009311729753521127,0.5468952935595005,1.9616674072972167,0.7904647435897436,f_n_singletons,oof,0.1
A,tail_b2.0_mu1.0_c1.0_T200_cap64,phi_k16_all71,tail_b2.0_mu1.0_c1.0,B,200,64,3072,18127,same_horizon,71,60,True,0.564453125,3.7359000419582467,3.599019124800427,60,0.998519775390625,0.607421875,3.8094549484871836,70,0.9986478678385416,True,0.9556354573567709,0.9782638346354168,0.9828594563802083,0.8550690104166668,0.2255859375,0.03907625440140845,0.6400199847003392,2.9938698279392595,0.8416284309432522,f_K_over_sqrt_t,oof,0.1
A,tail_b2.0_mu1.0_c1.0_T500_cap64,phi_k16,tail_b2.0_mu1.0_c1.0,B,500,64,3072,15763,same_horizon,62,51,True,0.1416015625,2.200447318561414,3.166935125124793,51,0.9974559733072916,0.2955729166666667,3.3989600579300236,61,0.9986705729166666,True,0.99131640625,0.9913784179687499,0.9936103515624999,,0.8522135416666666,0.09030052923387095,0.6863298234110287,2.8775508302077344,0.9135951278309966,f_K_over_sqrt_t,oof,0.1
A,tail_b2.0_mu1.0_c1.0_T500_cap64,phi_k16_all71,tail_b2.0_mu1.0_c1.0,B,500,64,3072,15763,same_horizon,71,60,True,0.712890625,4.42131537116013,3.9158917719231416,60,0.9997191569010416,0.837890625,4.120769094355526,70,0.9999261067708334,True,0.9912029622395834,0.99080029296875,0.9939602050781249,0.9025730794270833,0.853515625,0.0846812646713615,0.6377049470434907,2.8641385604980476,0.9135951278309966,f_K_over_sqrt_t,oof,0.1
A,tail_b2.0_mu1.0_c1.0_T500_cap64,phi_k16_cs,tail_b2.0_mu1.0_c1.0,B,500,64,3072,15763,same_horizon,61,50,True,0.13834635416666666,2.119429756354984,3.071631190858902,50,0.9972504882812501,0.2867838541666667,3.296919479269911,60,0.9986118977864583,True,0.9909236653645833,0.9910485026041667,0.992919189453125,,0.8522135416666666,0.09170615607923495,0.6898311853293309,2.8769697932528024,0.9135951278309966,f_K_over_sqrt_t,oof,0.1
A,tail_b2.0_mu1.0_c1.0_T50_cap64,phi_k16_all71,tail_b2.0_mu1.0_c1.0,B,50,64,3072,19968,same_horizon,71,60,True,0.5270182291666666,3.29413842747012,3.2524087062786746,60,0.9984918212890624,0.6012369791666666,3.436161493375552,70,0.9989645182291668,True,0.9476467692057292,0.9650732421875,0.9698358968098958,0.9442538248697917,0.21614583333333334,0.01609264964788732,0.6092175306612619,2.4707864751451214,0.7689302884615384,f_K_over_sqrt_t,oof,0.1
A,tail_b8.0_mu1.0_c1.0_T1000_cap64,phi_k16,tail_b8.0_mu1.0_c1.0,B,1000,64,3072,13322,same_horizon,62,51,True,0.173828125,2.337964401176165,3.1988494333513655,51,0.998916748046875,0.2724609375,3.4679288116185982,61,0.9994659016927084,True,0.9973146972656249,0.9935669759114584,0.9987972819010417,,0.9583333333333334,0.09639091901881719,0.8719742772074629,4.1628507703925095,0.9583333333333334,f_K,oof,0.1
A,tail_b8.0_mu1.0_c1.0_T1000_cap64,phi_k16_all71,tail_b8.0_mu1.0_c1.0,B,1000,64,3072,13322,same_horizon,71,60,True,0.5843098958333334,4.388562089932452,4.173685965763104,60,0.9999388834635417,0.6494140625,4.394006347052044,70,0.9999988606770833,True,0.997607666015625,0.9951528320312499,0.9989694010416666,0.9054822998046875,0.9583333333333334,0.08835368984741786,0.8057775271055327,4.1628507703925095,0.9583333333333334,f_K,oof,0.1
A,tail_b8.0_mu1.0_c1.0_T1000_cap64,phi_k16_cs,tail_b8.0_mu1.0_c1.0,B,1000,64,3072,13322,same_horizon,61,50,True,0.18815104166666666,2.2820796408858235,3.086063773085247,50,0.9994677734375002,0.2750651041666667,3.3589394963387127,60,0.9997298990885417,True,0.9967820638020833,0.9939322102864583,0.9990664876302083,,0.9583333333333334,0.09785903346994534,0.8770289408447343,4.1628507703925095,0.9583333333333334,f_K,oof,0.1
A,tail_b8.0_mu1.0_c1.0_T1000_cap64,phi_k16_quality,tail_b8.0_mu1.0_c1.0,B,1000,64,3072,13322,same_horizon,35,24,True,0.15494791666666666,1.006348056182489,1.9837668769561756,24,0.9954069010416666,0.310546875,2.272278730053479,34,0.9994560546875,True,0.9981048990885417,0.9954069010416666,,,0.9583333333333334,0.13216145833333334,1.0314079371545797,4.1628507703925095,0.9583333333333334,f_K,oof,0.1
A,tail_b8.0_mu1.0_c1.0_T1000_cap64,rule_reservoir,tail_b8.0_mu1.0_c1.0,B,1000,64,3072,13322,same_horizon,7,5,True,0.3974609375,0.48360473743099763,0.5336378750776066,5,0.9813981119791667,0.4182942708333333,0.7694189887507719,7,0.9838103027343751,True,0.9410421549479168,0.9813228352864583,0.7156588541666667,,0.4449869791666667,0.11332775297619047,1.3468716900751623,3.7989633470088764,0.8764841228325326,est_beta_b,none,0.1
A,tail_b8.0_mu1.0_c1.0_T100_cap64,phi_k16,tail_b8.0_mu1.0_c1.0,B,100,64,3072,19968,same_horizon,62,51,True,0.3583984375,2.220266888928086,2.690932688241468,51,0.996755126953125,0.5247395833333334,2.895184222421924,61,0.9971591796875,True,0.9870948893229167,0.9948721110026041,0.9938087565104167,,0.4703776041666667,0.05511277721774194,0.9043938050939553,4.193650006670244,0.8266726762820512,f_K_over_t,oof,0.1
A,tail_b8.0_mu1.0_c1.0_T100_cap64,phi_k16_all71,tail_b8.0_mu1.0_c1.0,B,100,64,3072,19968,same_horizon,71,60,True,0.7281901041666666,3.9694754526855407,3.3671555756726588,60,0.9988310546875,0.7639973958333334,3.5399113159539133,70,0.9991323649088542,True,0.9888715413411459,0.9951714274088542,0.9942657877604166,0.9651031494140625,0.4742838541666667,0.06225700557511738,0.9505395758873432,4.15464527965372,0.835136217948718,f_K_over_t,oof,0.1
A,tail_b8.0_mu1.0_c1.0_T100_cap64,phi_k16_cs,tail_b8.0_mu1.0_c1.0,B,100,64,3072,19968,same_horizon,61,50,True,0.3697916666666667,2.183323447869139,2.617598322946128,50,0.9965755208333333,0.5270182291666666,2.8220985202048947,60,0.9971279703776041,True,0.9872902425130208,0.9948398844401042,0.9931695963541667,,0.4703776041666667,0.05601626536885246,0.9081412463758884,4.193741733717326,0.8266726762820512,f_K_over_t,oof,0.1
A,tail_b8.0_mu1.0_c1.0_T100_cap64,phi_k16_quality,tail_b8.0_mu1.0_c1.0,B,100,64,3072,19968,same_horizon,35,24,True,0.5035807291666666,1.6816760515449232,1.67653074554178,24,0.9968909505208333,0.7643229166666666,1.9087718309596509,34,0.9980653076171876,True,0.993953125,0.9968909505208333,,,0.5520833333333334,0.10043712797619049,1.048880871337264,4.401016933982772,0.866786858974359,f_K_over_t,oof,0.1
A,tail_b8.0_mu1.0_c1.0_T100_cap64,rule_reservoir,tail_b8.0_mu1.0_c1.0,B,100,64,3072,19968,same_horizon,7,5,True,0.4501953125,0.40558202539749555,0.42711657140859954,5,0.9507290445963542,0.4091796875,0.642404538402728,7,0.9609788818359376,True,0.7978170979817709,0.9288364664713542,0.8267949625651041,,0.041666666666666664,0.011904761904761904,0.9804810717338169,2.4160973053594295,0.7107371794871795,est_beta_b,none,0.1
A,tail_b8.0_mu1.0_c1.0_T200_cap64,phi_k16,tail_b8.0_mu1.0_c1.0,B,200,64,3072,18127,same_horizon,62,51,True,0.3564453125,2.6741435926753367,2.9774729525839776,51,0.9983528645833334,0.5751953125,3.208893160446289,61,0.9995498046875,True,0.9976783040364584,0.994731201171875,0.9965560709635417,,0.6217447916666666,0.10052293346774192,1.0214041134982175,5.254308615470644,0.8718653961746751,f_K_over_sqrt_t,oof,0.1
A,tail_b8.0_mu1.0_c1.0_T200_cap64,phi_k16_all71,tail_b8.0_mu1.0_c1.0,B,200,64,3072,18127,same_horizon,71,60,True,0.9368489583333334,5.536562157352616,3.599019124800427,60,0.9998968912760418,0.9446614583333334,3.8094549484871836,70,0.9999383951822917,True,0.9952048746744793,0.9952717285156251,0.9959325358072917,0.9130592041015625,0.6490885416666666,0.1086460167253521,0.9743133226365972,5.192612473594643,0.8644011695261212,f_K_over_sqrt_t,oof,0.1
A,tail_b8.0_mu1.0_c1.0_T200_cap64,phi_k16_cs,tail_b8.0_mu1.0_c1.0,B,200,64,3072,18127,same_horizon,61,50,True,0.3649088541666667,2.6193183886058002,2.9060234416912087,50,0.9980025227864583,0.58203125,3.134038086641085,60,0.9993595377604166,True,0.9974695231119792,0.9937342936197917,0.9964731445312501,,0.6204427083333334,0.10205344945355191,1.023299632075432,5.254100530645628,0.8718653961746751,f_K_over_sqrt_t,oof,0.1
A,tail_b8.0_mu1.0_c1.0_T200_cap64,phi_k16_quality,tail_b8.0_mu1.0_c1.0,B,200,64,3072,18127,same_horizon,35,24,True,0.4147135416666667,1.6037420313147734,1.7722743296162324,24,0.9942935384114584,0.7740885416666666,2.0267648425743876,34,0.9988750813802083,True,0.9973008219401042,0.9942935384114584,,,0.6451822916666666,0.15311569940476188,1.1463277837866652,5.232679839646737,0.8718653961746751,f_K_over_sqrt_t,oof,0.1
A,tail_b8.0_mu1.0_c1.0_T200_cap64,rule_reservoir,tail_b8.0_mu1.0_c1.0,B,200,64,3072,18127,same_horizon,7,5,True,0.6064453125,0.5298332242968254,0.4506078472812906,5,0.9662128092447917,0.5305989583333334,0.6835983234229537,7,0.967177001953125,True,0.8486845703125,0.9562534179687501,0.8166594238281251,,0.2548828125,0.051478794642857144,1.290143393444376,3.5582290770314784,0.7751028155226549,est_beta_b,none,0.1
A,tail_b8.0_mu1.0_c1.0_T500_cap64,phi_k16,tail_b8.0_mu1.0_c1.0,B,500,64,3072,15763,same_horizon,62,51,True,0.283203125,2.5969276074817422,3.166935125124793,51,0.9978731282552084,0.4440104166666667,3.3989600579300236,61,0.9992836914062501,True,0.9944579264322917,0.995264892578125,0.9967785644531251,,0.875,0.10553700436827956,0.9343229518962539,4.4453994854575,0.9135951278309966,f_K_over_sqrt_t,oof,0.1
A,tail_b8.0_mu1.0_c1.0_T500_cap64,phi_k16_all71,tail_b8.0_mu1.0_c1.0,B,500,64,3072,15763,same_horizon,71,60,True,0.9505208333333334,4.865288042034826,3.9158917719231416,60,0.9999761555989584,0.9964192708333334,4.120769094355526,70,0.9999971516927083,True,0.9947494303385417,0.996368408203125,0.9977234700520833,0.9132423909505208,0.875,0.10135159917840376,0.8621934078035729,4.4238258905524415,0.9135951278309966,f_K_over_sqrt_t,oof,0.1
A,tail_b8.0_mu1.0_c1.0_T500_cap64,phi_k16_cs,tail_b8.0_mu1.0_c1.0,B,500,64,3072,15763,same_horizon,61,50,True,0.2919921875,2.5417185120292913,3.071631190858902,50,0.998772705078125,0.4573567708333333,3.296919479269911,60,0.999648193359375,True,0.9943211263020832,0.9964725748697917,0.9974480794270831,,0.875,0.10724043715846994,0.9358140372876494,4.4453994854575,0.9135951278309966,f_K_over_sqrt_t,oof,0.1
A,tail_b8.0_mu1.0_c1.0_T500_cap64,phi_k16_quality,tail_b8.0_mu1.0_c1.0,B,500,64,3072,15763,same_horizon,35,24,True,0.3082682291666667,1.3501205525650426,1.9037272009146153,24,0.9960982259114582,0.576171875,2.1802267570118126,34,0.9992932942708334,True,0.9951619466145833,0.9960982259114582,,,0.875,0.14188058035714285,1.0918157838196374,4.434775405950765,0.9135951278309966,f_K_over_sqrt_t,oof,0.1
A,tail_b8.0_mu1.0_c1.0_T500_cap64,rule_reservoir,tail_b8.0_mu1.0_c1.0,B,500,64,3072,15763,same_horizon,7,5,True,0.5244140625,0.5163094647543638,0.5014118376227157,5,0.9704163411458333,0.4983723958333333,0.7316034848118386,7,0.9719359537760416,True,0.8799322509765625,0.9668119303385418,0.7644806315104167,,0.2421875,0.07835751488095237,1.3976853499246518,3.7684206284475663,0.8350418892012412,est_beta_b,none,0.1
A,tail_b8.0_mu1.0_c1.0_T50_cap64,phi_k16,tail_b8.0_mu1.0_c1.0,B,50,64,3072,19968,same_horizon,62,51,True,0.4772135416666667,2.3551924572667455,2.6274124730827833,51,0.9952865397135415,0.560546875,2.8308565869169766,61,0.9963371175130208,True,0.986639892578125,0.9934488525390625,0.992717041015625,,0.4973958333333333,0.07106329805107527,0.8869345902109429,4.13674486865859,0.790439703525641,f_mean_width_plausible,oof,0.1
A,tail_b8.0_mu1.0_c1.0_T50_cap64,phi_k16_all71,tail_b8.0_mu1.0_c1.0,B,50,64,3072,19968,same_horizon,71,60,True,0.705078125,3.903547474922896,3.2524087062786746,60,0.9985848795572917,0.7646484375,3.436161493375552,70,0.9990747884114582,True,0.9871196289062499,0.9935646158854167,0.9927739257812499,0.9460155843098959,0.5,0.07835424002347419,0.9678216933355916,4.15392054064238,0.7936949118589743,f_mean_width_plausible,oof,0.1
A,tail_b8.0_mu1.0_c1.0_T50_cap64,phi_k16_cs,tail_b8.0_mu1.0_c1.0,B,50,64,3072,19968,same_horizon,61,50,True,0.4762369791666667,2.3042395931714608,2.56011598710223,50,0.9944323323567709,0.5699869791666666,2.7632949745730824,60,0.9955903727213542,True,0.9868997802734374,0.9930864664713541,0.9915047607421875,,0.4986979166666667,0.07235100751366119,0.8932472288120527,4.145087337907859,0.7917417868589743,f_mean_width_plausible,oof,0.1
A,tail_b8.0_mu1.0_c1.0_T50_cap64,phi_k16_quality,tail_b8.0_mu1.0_c1.0,B,50,64,3072,19968,same_horizon,35,24,True,0.5045572916666666,1.730405299398313,1.6598478227500237,24,0.9932209472656249,0.6627604166666666,1.9062891189862259,34,0.9947662760416667,True,0.9875680338541667,0.9932209472656249,,,0.4973958333333333,0.10628720238095238,1.0040338571783831,4.112862505709701,0.789463141025641,f_K_over_t,oof,0.1
A,tail_b8.0_mu1.0_c1.0_T50_cap64,rule_reservoir,tail_b8.0_mu1.0_c1.0,B,50,64,3072,19968,same_horizon,7,5,True,0.21875,0.3095612222450398,0.42361147339938315,5,0.9234095865885416,0.2522786458333333,0.6493274138925605,7,0.9379390462239584,True,0.8070318603515625,0.8862076416015625,0.8323326416015625,,0.08333333333333333,0.0252046130952381,0.7965117555310567,1.901752487252976,0.5922475961538461,est_beta_b,none,0.1
