test,level,cell,rec_a,rec_b,n_policies,kendall_tau
A,cell,beta_good_common_T1000_cap64,empirical,lcb,36,0.9928315412186378
A,cell,beta_good_common_T1000_cap64,empirical,oracle_prior,36,0.9928315412186378
A,cell,beta_good_common_T1000_cap64,empirical,posterior_mean,36,0.9928315412186378
A,cell,beta_good_common_T1000_cap64,empirical,posterior_mean_shrunk,36,0.9928315412186378
A,cell,beta_good_common_T1000_cap64,lcb,oracle_prior,36,0.9999999999999998
A,cell,beta_good_common_T1000_cap64,lcb,posterior_mean,36,0.9999999999999998
A,cell,beta_good_common_T1000_cap64,lcb,posterior_mean_shrunk,36,0.9999999999999998
A,cell,beta_good_common_T1000_cap64,oracle_prior,posterior_mean,36,0.9999999999999998
A,cell,beta_good_common_T1000_cap64,oracle_prior,posterior_mean_shrunk,36,0.9999999999999998
A,cell,beta_good_common_T1000_cap64,posterior_mean,posterior_mean_shrunk,36,0.9999999999999998
A,cell,beta_good_common_T100_cap64,empirical,lcb,36,0.7216
A,cell,beta_good_common_T100_cap64,empirical,oracle_prior,36,0.7184
A,cell,beta_good_common_T100_cap64,empirical,posterior_mean,36,0.7152
A,cell,beta_good_common_T100_cap64,empirical,posterior_mean_shrunk,36,0.7216
A,cell,beta_good_common_T100_cap64,lcb,oracle_prior,36,0.9968
A,cell,beta_good_common_T100_cap64,lcb,posterior_mean,36,0.9936
A,cell,beta_good_common_T100_cap64,lcb,posterior_mean_shrunk,36,1.0
A,cell,beta_good_common_T100_cap64,oracle_prior,posterior_mean,36,0.9904000000000001
A,cell,beta_good_common_T100_cap64,oracle_prior,posterior_mean_shrunk,36,0.9968
A,cell,beta_good_common_T100_cap64,posterior_mean,posterior_mean_shrunk,36,0.9936
A,cell,beta_good_common_T200_cap64,empirical,lcb,36,0.6135297519264958
A,cell,beta_good_common_T200_cap64,empirical,oracle_prior,36,0.6167503805455326
A,cell,beta_good_common_T200_cap64,empirical,posterior_mean,36,0.623191637783606
A,cell,beta_good_common_T200_cap64,empirical,posterior_mean_shrunk,36,0.6167503805455326
A,cell,beta_good_common_T200_cap64,lcb,oracle_prior,36,0.9967897271268059
A,cell,beta_good_common_T200_cap64,lcb,posterior_mean,36,0.9903691813804175
A,cell,beta_good_common_T200_cap64,lcb,posterior_mean_shrunk,36,0.9967897271268059
A,cell,beta_good_common_T200_cap64,oracle_prior,posterior_mean,36,0.9935794542536117
A,cell,beta_good_common_T200_cap64,oracle_prior,posterior_mean_shrunk,36,0.9935794542536117
A,cell,beta_good_common_T200_cap64,posterior_mean,posterior_mean_shrunk,36,0.9871589085072233
A,cell,beta_good_common_T500_cap64,empirical,lcb,36,0.8819716018871482
A,cell,beta_good_common_T500_cap64,empirical,oracle_prior,36,0.893088890986566
A,cell,beta_good_common_T500_cap64,empirical,posterior_mean,36,0.8967946540197054
A,cell,beta_good_common_T500_cap64,empirical,posterior_mean_shrunk,36,0.893088890986566
A,cell,beta_good_common_T500_cap64,lcb,oracle_prior,36,0.9892473118279571
A,cell,beta_good_common_T500_cap64,lcb,posterior_mean,36,0.9856630824372761
A,cell,beta_good_common_T500_cap64,lcb,posterior_mean_shrunk,36,0.9892473118279571
A,cell,beta_good_common_T500_cap64,oracle_prior,posterior_mean,36,0.9964157706093191
A,cell,beta_good_common_T500_cap64,oracle_prior,posterior_mean_shrunk,36,1.0
A,cell,beta_good_common_T500_cap64,posterior_mean,posterior_mean_shrunk,36,0.9964157706093191
A,cell,beta_good_common_T50_cap64,empirical,lcb,36,0.7609708409821937
A,cell,beta_good_common_T50_cap64,empirical,oracle_prior,36,0.7609708409821937
A,cell,beta_good_common_T50_cap64,empirical,posterior_mean,36,0.7609708409821937
A,cell,beta_good_common_T50_cap64,empirical,posterior_mean_shrunk,36,0.7609708409821937
A,cell,beta_good_common_T50_cap64,lcb,oracle_prior,36,1.0
A,cell,beta_good_common_T50_cap64,lcb,posterior_mean,36,1.0
A,cell,beta_good_common_T50_cap64,lcb,posterior_mean_shrunk,36,1.0
A,cell,beta_good_common_T50_cap64,oracle_prior,posterior_mean,36,1.0
A,cell,beta_good_common_T50_cap64,oracle_prior,posterior_mean_shrunk,36,1.0
A,cell,beta_good_common_T50_cap64,posterior_mean,posterior_mean_shrunk,36,1.0
A,cell,beta_mostly_mediocre_T1000_cap64,empirical,lcb,36,1.0
A,cell,beta_mostly_mediocre_T1000_cap64,empirical,oracle_prior,36,1.0
A,cell,beta_mostly_mediocre_T1000_cap64,empirical,posterior_mean,36,1.0
A,cell,beta_mostly_mediocre_T1000_cap64,empirical,posterior_mean_shrunk,36,1.0
A,cell,beta_mostly_mediocre_T1000_cap64,lcb,oracle_prior,36,1.0
A,cell,beta_mostly_mediocre_T1000_cap64,lcb,posterior_mean,36,1.0
A,cell,beta_mostly_mediocre_T1000_cap64,lcb,posterior_mean_shrunk,36,1.0
A,cell,beta_mostly_mediocre_T1000_cap64,oracle_prior,posterior_mean,36,1.0
A,cell,beta_mostly_mediocre_T1000_cap64,oracle_prior,posterior_mean_shrunk,36,1.0
A,cell,beta_mostly_mediocre_T1000_cap64,posterior_mean,posterior_mean_shrunk,36,1.0
A,cell,beta_mostly_mediocre_T100_cap64,empirical,lcb,36,0.5254777070063694
A,cell,beta_mostly_mediocre_T100_cap64,empirical,oracle_prior,36,0.5127388535031847
A,cell,beta_mostly_mediocre_T100_cap64,empirical,posterior_mean,36,0.5636942675159236
A,cell,beta_mostly_mediocre_T100_cap64,empirical,posterior_mean_shrunk,36,0.5318471337579618
A,cell,beta_mostly_mediocre_T100_cap64,lcb,oracle_prior,36,0.9745222929936306
A,cell,beta_mostly_mediocre_T100_cap64,lcb,posterior_mean,36,0.9044585987261147
A,cell,beta_mostly_mediocre_T100_cap64,lcb,posterior_mean_shrunk,36,0.9745222929936306
A,cell,beta_mostly_mediocre_T100_cap64,oracle_prior,posterior_mean,36,0.8980891719745222
A,cell,beta_mostly_mediocre_T100_cap64,oracle_prior,posterior_mean_shrunk,36,0.9617834394904459
A,cell,beta_mostly_mediocre_T100_cap64,posterior_mean,posterior_mean_shrunk,36,0.9171974522292994
A,cell,beta_mostly_mediocre_T200_cap64,empirical,lcb,36,0.6025848142164782
A,cell,beta_mostly_mediocre_T200_cap64,empirical,oracle_prior,36,0.6025848142164782
A,cell,beta_mostly_mediocre_T200_cap64,empirical,posterior_mean,36,0.6510500807754442
A,cell,beta_mostly_mediocre_T200_cap64,empirical,posterior_mean_shrunk,36,0.592891760904685
A,cell,beta_mostly_mediocre_T200_cap64,lcb,oracle_prior,36,0.9806138933764136
A,cell,beta_mostly_mediocre_T200_cap64,lcb,posterior_mean,36,0.9127625201938611
A,cell,beta_mostly_mediocre_T200_cap64,lcb,posterior_mean_shrunk,36,0.9773828756058159
A,cell,beta_mostly_mediocre_T200_cap64,oracle_prior,posterior_mean,36,0.9063004846526656
A,cell,beta_mostly_mediocre_T200_cap64,oracle_prior,posterior_mean_shrunk,36,0.9773828756058159
A,cell,beta_mostly_mediocre_T200_cap64,posterior_mean,posterior_mean_shrunk,36,0.8966074313408724
A,cell,beta_mostly_mediocre_T500_cap64,empirical,lcb,36,0.7223529411764705
A,cell,beta_mostly_mediocre_T500_cap64,empirical,oracle_prior,36,0.7223529411764705
A,cell,beta_mostly_mediocre_T500_cap64,empirical,posterior_mean,36,0.9905882352941174
A,cell,beta_mostly_mediocre_T500_cap64,empirical,posterior_mean_shrunk,36,0.7223529411764705
A,cell,beta_mostly_mediocre_T500_cap64,lcb,oracle_prior,36,0.9999999999999998
A,cell,beta_mostly_mediocre_T500_cap64,lcb,posterior_mean,36,0.7317647058823529
A,cell,beta_mostly_mediocre_T500_cap64,lcb,posterior_mean_shrunk,36,0.9999999999999998
A,cell,beta_mostly_mediocre_T500_cap64,oracle_prior,posterior_mean,36,0.7317647058823529
A,cell,beta_mostly_mediocre_T500_cap64,oracle_prior,posterior_mean_shrunk,36,0.9999999999999998
A,cell,beta_mostly_mediocre_T500_cap64,posterior_mean,posterior_mean_shrunk,36,0.7317647058823529
A,cell,beta_mostly_mediocre_T50_cap64,empirical,lcb,36,0.7664
A,cell,beta_mostly_mediocre_T50_cap64,empirical,oracle_prior,36,0.7696
A,cell,beta_mostly_mediocre_T50_cap64,empirical,posterior_mean,36,0.7440000000000001
A,cell,beta_mostly_mediocre_T50_cap64,empirical,posterior_mean_shrunk,36,0.7728
A,cell,beta_mostly_mediocre_T50_cap64,lcb,oracle_prior,36,0.9968
A,cell,beta_mostly_mediocre_T50_cap64,lcb,posterior_mean,36,0.9392
A,cell,beta_mostly_mediocre_T50_cap64,lcb,posterior_mean_shrunk,36,0.9936
A,cell,beta_mostly_mediocre_T50_cap64,oracle_prior,posterior_mean,36,0.9359999999999999
A,cell,beta_mostly_mediocre_T50_cap64,oracle_prior,posterior_mean_shrunk,36,0.9968
A,cell,beta_mostly_mediocre_T50_cap64,posterior_mean,posterior_mean_shrunk,36,0.9328
A,cell,beta_rare_excellent_T1000_cap64,empirical,lcb,36,1.0
A,cell,beta_rare_excellent_T1000_cap64,empirical,oracle_prior,36,1.0
A,cell,beta_rare_excellent_T1000_cap64,empirical,posterior_mean,36,1.0
A,cell,beta_rare_excellent_T1000_cap64,empirical,posterior_mean_shrunk,36,1.0
A,cell,beta_rare_excellent_T1000_cap64,lcb,oracle_prior,36,1.0
A,cell,beta_rare_excellent_T1000_cap64,lcb,posterior_mean,36,1.0
A,cell,beta_rare_excellent_T1000_cap64,lcb,posterior_mean_shrunk,36,1.0
A,cell,beta_rare_excellent_T1000_cap64,oracle_prior,posterior_mean,36,1.0
A,cell,beta_rare_excellent_T1000_cap64,oracle_prior,posterior_mean_shrunk,36,1.0
A,cell,beta_rare_excellent_T1000_cap64,posterior_mean,posterior_mean_shrunk,36,1.0
A,cell,beta_rare_excellent_T100_cap64,empirical,lcb,36,0.8870967741935484
A,cell,beta_rare_excellent_T100_cap64,empirical,oracle_prior,36,0.8806451612903226
A,cell,beta_rare_excellent_T100_cap64,empirical,posterior_mean,36,0.9258064516129032
A,cell,beta_rare_excellent_T100_cap64,empirical,posterior_mean_shrunk,36,0.8903225806451612
A,cell,beta_rare_excellent_T100_cap64,lcb,oracle_prior,36,0.9870967741935484
A,cell,beta_rare_excellent_T100_cap64,lcb,posterior_mean,36,0.9612903225806451
A,cell,beta_rare_excellent_T100_cap64,lcb,posterior_mean_shrunk,36,0.9967741935483871
A,cell,beta_rare_excellent_T100_cap64,oracle_prior,posterior_mean,36,0.9483870967741934
A,cell,beta_rare_excellent_T100_cap64,oracle_prior,posterior_mean_shrunk,36,0.9903225806451613
A,cell,beta_rare_excellent_T100_cap64,posterior_mean,posterior_mean_shrunk,36,0.9580645161290322
A,cell,beta_rare_excellent_T200_cap64,empirical,lcb,36,1.0
A,cell,beta_rare_excellent_T200_cap64,empirical,oracle_prior,36,1.0
A,cell,beta_rare_excellent_T200_cap64,empirical,posterior_mean,36,1.0
A,cell,beta_rare_excellent_T200_cap64,empirical,posterior_mean_shrunk,36,1.0
A,cell,beta_rare_excellent_T200_cap64,lcb,oracle_prior,36,1.0
A,cell,beta_rare_excellent_T200_cap64,lcb,posterior_mean,36,1.0
A,cell,beta_rare_excellent_T200_cap64,lcb,posterior_mean_shrunk,36,1.0
A,cell,beta_rare_excellent_T200_cap64,oracle_prior,posterior_mean,36,1.0
A,cell,beta_rare_excellent_T200_cap64,oracle_prior,posterior_mean_shrunk,36,1.0
A,cell,beta_rare_excellent_T200_cap64,posterior_mean,posterior_mean_shrunk,36,1.0
A,cell,beta_rare_excellent_T500_cap64,empirical,lcb,36,1.0
A,cell,beta_rare_excellent_T500_cap64,empirical,oracle_prior,36,1.0
A,cell,beta_rare_excellent_T500_cap64,empirical,posterior_mean,36,1.0
A,cell,beta_rare_excellent_T500_cap64,empirical,posterior_mean_shrunk,36,1.0
A,cell,beta_rare_excellent_T500_cap64,lcb,oracle_prior,36,1.0
A,cell,beta_rare_excellent_T500_cap64,lcb,posterior_mean,36,1.0
A,cell,beta_rare_excellent_T500_cap64,lcb,posterior_mean_shrunk,36,1.0
A,cell,beta_rare_excellent_T500_cap64,oracle_prior,posterior_mean,36,1.0
A,cell,beta_rare_excellent_T500_cap64,oracle_prior,posterior_mean_shrunk,36,1.0
A,cell,beta_rare_excellent_T500_cap64,posterior_mean,posterior_mean_shrunk,36,1.0
A,cell,beta_rare_excellent_T50_cap64,empirical,lcb,36,0.7786628214276602
A,cell,beta_rare_excellent_T50_cap64,empirical,oracle_prior,36,0.7786628214276602
A,cell,beta_rare_excellent_T50_cap64,empirical,posterior_mean,36,0.9127304766889967
A,cell,beta_rare_excellent_T50_cap64,empirical,posterior_mean_shrunk,36,0.7786628214276602
A,cell,beta_rare_excellent_T50_cap64,lcb,oracle_prior,36,1.0
A,cell,beta_rare_excellent_T50_cap64,lcb,posterior_mean,36,0.8409800147982999
A,cell,beta_rare_excellent_T50_cap64,lcb,posterior_mean_shrunk,36,1.0
A,cell,beta_rare_excellent_T50_cap64,oracle_prior,posterior_mean,36,0.8409800147982999
A,cell,beta_rare_excellent_T50_cap64,oracle_prior,posterior_mean_shrunk,36,1.0
A,cell,beta_rare_excellent_T50_cap64,posterior_mean,posterior_mean_shrunk,36,0.8409800147982998
A,cell,beta_skewed_T1000_cap64,empirical,lcb,36,1.0
A,cell,beta_skewed_T1000_cap64,empirical,oracle_prior,36,1.0
A,cell,beta_skewed_T1000_cap64,empirical,posterior_mean,36,1.0
A,cell,beta_skewed_T1000_cap64,empirical,posterior_mean_shrunk,36,1.0
A,cell,beta_skewed_T1000_cap64,lcb,oracle_prior,36,1.0
A,cell,beta_skewed_T1000_cap64,lcb,posterior_mean,36,1.0
A,cell,beta_skewed_T1000_cap64,lcb,posterior_mean_shrunk,36,1.0
A,cell,beta_skewed_T1000_cap64,oracle_prior,posterior_mean,36,1.0
A,cell,beta_skewed_T1000_cap64,oracle_prior,posterior_mean_shrunk,36,1.0
A,cell,beta_skewed_T1000_cap64,posterior_mean,posterior_mean_shrunk,36,1.0
A,cell,beta_skewed_T100_cap64,empirical,lcb,36,0.7993630573248407
A,cell,beta_skewed_T100_cap64,empirical,oracle_prior,36,0.7993630573248407
A,cell,beta_skewed_T100_cap64,empirical,posterior_mean,36,0.8089171974522292
A,cell,beta_skewed_T100_cap64,empirical,posterior_mean_shrunk,36,0.7898089171974523
A,cell,beta_skewed_T100_cap64,lcb,oracle_prior,36,1.0
A,cell,beta_skewed_T100_cap64,lcb,posterior_mean,36,0.9904458598726115
A,cell,beta_skewed_T100_cap64,lcb,posterior_mean_shrunk,36,0.9840764331210191
A,cell,beta_skewed_T100_cap64,oracle_prior,posterior_mean,36,0.9904458598726115
A,cell,beta_skewed_T100_cap64,oracle_prior,posterior_mean_shrunk,36,0.9840764331210191
A,cell,beta_skewed_T100_cap64,posterior_mean,posterior_mean_shrunk,36,0.9808917197452229
A,cell,beta_skewed_T200_cap64,empirical,lcb,36,0.9233716475095783
A,cell,beta_skewed_T200_cap64,empirical,oracle_prior,36,0.9233716475095783
A,cell,beta_skewed_T200_cap64,empirical,posterior_mean,36,0.9118773946360152
A,cell,beta_skewed_T200_cap64,empirical,posterior_mean_shrunk,36,0.9233716475095783
A,cell,beta_skewed_T200_cap64,lcb,oracle_prior,36,0.9999999999999999
A,cell,beta_skewed_T200_cap64,lcb,posterior_mean,36,0.9885057471264367
A,cell,beta_skewed_T200_cap64,lcb,posterior_mean_shrunk,36,0.9999999999999999
A,cell,beta_skewed_T200_cap64,oracle_prior,posterior_mean,36,0.9885057471264367
A,cell,beta_skewed_T200_cap64,oracle_prior,posterior_mean_shrunk,36,0.9999999999999999
A,cell,beta_skewed_T200_cap64,posterior_mean,posterior_mean_shrunk,36,0.9885057471264367
A,cell,beta_skewed_T500_cap64,empirical,lcb,36,1.0
A,cell,beta_skewed_T500_cap64,empirical,oracle_prior,36,1.0
A,cell,beta_skewed_T500_cap64,empirical,posterior_mean,36,1.0
A,cell,beta_skewed_T500_cap64,empirical,posterior_mean_shrunk,36,1.0
A,cell,beta_skewed_T500_cap64,lcb,oracle_prior,36,1.0
A,cell,beta_skewed_T500_cap64,lcb,posterior_mean,36,1.0
A,cell,beta_skewed_T500_cap64,lcb,posterior_mean_shrunk,36,1.0
A,cell,beta_skewed_T500_cap64,oracle_prior,posterior_mean,36,1.0
A,cell,beta_skewed_T500_cap64,oracle_prior,posterior_mean_shrunk,36,1.0
A,cell,beta_skewed_T500_cap64,posterior_mean,posterior_mean_shrunk,36,1.0
A,cell,beta_skewed_T50_cap64,empirical,lcb,36,0.40191438677208036
A,cell,beta_skewed_T50_cap64,empirical,oracle_prior,36,0.408293980212907
A,cell,beta_skewed_T50_cap64,empirical,posterior_mean,36,0.5454552391906805
A,cell,beta_skewed_T50_cap64,empirical,posterior_mean_shrunk,36,0.408293980212907
A,cell,beta_skewed_T50_cap64,lcb,oracle_prior,36,0.9936102236421726
A,cell,beta_skewed_T50_cap64,lcb,posterior_mean,36,0.8434504792332268
A,cell,beta_skewed_T50_cap64,lcb,posterior_mean_shrunk,36,0.9936102236421726
A,cell,beta_skewed_T50_cap64,oracle_prior,posterior_mean,36,0.8498402555910542
A,cell,beta_skewed_T50_cap64,oracle_prior,posterior_mean_shrunk,36,1.0
A,cell,beta_skewed_T50_cap64,posterior_mean,posterior_mean_shrunk,36,0.8498402555910542
A,cell,tail_b0.5_mu1.0_c1.0_T1000_cap64,empirical,lcb,36,-0.058268890388526444
A,cell,tail_b0.5_mu1.0_c1.0_T1000_cap64,empirical,oracle_prior,36,-0.058268890388526444
A,cell,tail_b0.5_mu1.0_c1.0_T1000_cap64,empirical,posterior_mean,36,-0.058268890388526444
A,cell,tail_b0.5_mu1.0_c1.0_T1000_cap64,empirical,posterior_mean_shrunk,36,-0.058268890388526444
A,cell,tail_b0.5_mu1.0_c1.0_T1000_cap64,lcb,oracle_prior,36,0.9999999999999999
A,cell,tail_b0.5_mu1.0_c1.0_T1000_cap64,lcb,posterior_mean,36,0.9999999999999999
A,cell,tail_b0.5_mu1.0_c1.0_T1000_cap64,lcb,posterior_mean_shrunk,36,0.9999999999999999
A,cell,tail_b0.5_mu1.0_c1.0_T1000_cap64,oracle_prior,posterior_mean,36,0.9999999999999999
A,cell,tail_b0.5_mu1.0_c1.0_T1000_cap64,oracle_prior,posterior_mean_shrunk,36,0.9999999999999999
A,cell,tail_b0.5_mu1.0_c1.0_T1000_cap64,posterior_mean,posterior_mean_shrunk,36,0.9999999999999999
A,cell,tail_b0.5_mu1.0_c1.0_T100_cap64,empirical,lcb,36,0.5888126271966042
A,cell,tail_b0.5_mu1.0_c1.0_T100_cap64,empirical,oracle_prior,36,0.595300920609239
A,cell,tail_b0.5_mu1.0_c1.0_T100_cap64,empirical,posterior_mean,36,0.595300920609239
A,cell,tail_b0.5_mu1.0_c1.0_T100_cap64,empirical,posterior_mean_shrunk,36,0.5888126271966042
A,cell,tail_b0.5_mu1.0_c1.0_T100_cap64,lcb,oracle_prior,36,0.9935379644588045
A,cell,tail_b0.5_mu1.0_c1.0_T100_cap64,lcb,posterior_mean,36,0.9935379644588045
A,cell,tail_b0.5_mu1.0_c1.0_T100_cap64,lcb,posterior_mean_shrunk,36,1.0
A,cell,tail_b0.5_mu1.0_c1.0_T100_cap64,oracle_prior,posterior_mean,36,1.0
A,cell,tail_b0.5_mu1.0_c1.0_T100_cap64,oracle_prior,posterior_mean_shrunk,36,0.9935379644588045
A,cell,tail_b0.5_mu1.0_c1.0_T100_cap64,posterior_mean,posterior_mean_shrunk,36,0.9935379644588045
A,cell,tail_b0.5_mu1.0_c1.0_T200_cap64,empirical,lcb,36,0.2939297124600639
A,cell,tail_b0.5_mu1.0_c1.0_T200_cap64,empirical,oracle_prior,36,0.28753993610223644
A,cell,tail_b0.5_mu1.0_c1.0_T200_cap64,empirical,posterior_mean,36,0.27476038338658143
A,cell,tail_b0.5_mu1.0_c1.0_T200_cap64,empirical,posterior_mean_shrunk,36,0.28115015974440893
A,cell,tail_b0.5_mu1.0_c1.0_T200_cap64,lcb,oracle_prior,36,0.9808306709265175
A,cell,tail_b0.5_mu1.0_c1.0_T200_cap64,lcb,posterior_mean,36,0.9808306709265175
A,cell,tail_b0.5_mu1.0_c1.0_T200_cap64,lcb,posterior_mean_shrunk,36,0.987220447284345
A,cell,tail_b0.5_mu1.0_c1.0_T200_cap64,oracle_prior,posterior_mean,36,0.987220447284345
A,cell,tail_b0.5_mu1.0_c1.0_T200_cap64,oracle_prior,posterior_mean_shrunk,36,0.9936102236421726
A,cell,tail_b0.5_mu1.0_c1.0_T200_cap64,posterior_mean,posterior_mean_shrunk,36,0.9936102236421726
A,cell,tail_b0.5_mu1.0_c1.0_T500_cap64,empirical,lcb,36,0.04264175851984025
A,cell,tail_b0.5_mu1.0_c1.0_T500_cap64,empirical,oracle_prior,36,0.04264175851984025
A,cell,tail_b0.5_mu1.0_c1.0_T500_cap64,empirical,posterior_mean,36,0.04264175851984025
A,cell,tail_b0.5_mu1.0_c1.0_T500_cap64,empirical,posterior_mean_shrunk,36,0.04264175851984025
A,cell,tail_b0.5_mu1.0_c1.0_T500_cap64,lcb,oracle_prior,36,1.0
A,cell,tail_b0.5_mu1.0_c1.0_T500_cap64,lcb,posterior_mean,36,1.0
A,cell,tail_b0.5_mu1.0_c1.0_T500_cap64,lcb,posterior_mean_shrunk,36,1.0
A,cell,tail_b0.5_mu1.0_c1.0_T500_cap64,oracle_prior,posterior_mean,36,1.0
A,cell,tail_b0.5_mu1.0_c1.0_T500_cap64,oracle_prior,posterior_mean_shrunk,36,1.0
A,cell,tail_b0.5_mu1.0_c1.0_T500_cap64,posterior_mean,posterior_mean_shrunk,36,1.0
A,cell,tail_b0.5_mu1.0_c1.0_T50_cap64,empirical,lcb,36,0.7836342442960542
A,cell,tail_b0.5_mu1.0_c1.0_T50_cap64,empirical,oracle_prior,36,0.7798576937211334
A,cell,tail_b0.5_mu1.0_c1.0_T50_cap64,empirical,posterior_mean,36,0.7836342442960542
A,cell,tail_b0.5_mu1.0_c1.0_T50_cap64,empirical,posterior_mean_shrunk,36,0.7836342442960542
A,cell,tail_b0.5_mu1.0_c1.0_T50_cap64,lcb,oracle_prior,36,0.9960707269155206
A,cell,tail_b0.5_mu1.0_c1.0_T50_cap64,lcb,posterior_mean,36,1.0
A,cell,tail_b0.5_mu1.0_c1.0_T50_cap64,lcb,posterior_mean_shrunk,36,1.0
A,cell,tail_b0.5_mu1.0_c1.0_T50_cap64,oracle_prior,posterior_mean,36,0.9960707269155206
A,cell,tail_b0.5_mu1.0_c1.0_T50_cap64,oracle_prior,posterior_mean_shrunk,36,0.9960707269155206
A,cell,tail_b0.5_mu1.0_c1.0_T50_cap64,posterior_mean,posterior_mean_shrunk,36,1.0
A,cell,tail_b1.0_mu0.9_c2.0_T1000_cap64,empirical,lcb,36,1.0
A,cell,tail_b1.0_mu0.9_c2.0_T1000_cap64,empirical,oracle_prior,36,1.0
A,cell,tail_b1.0_mu0.9_c2.0_T1000_cap64,empirical,posterior_mean,36,1.0
A,cell,tail_b1.0_mu0.9_c2.0_T1000_cap64,empirical,posterior_mean_shrunk,36,1.0
A,cell,tail_b1.0_mu0.9_c2.0_T1000_cap64,lcb,oracle_prior,36,1.0
A,cell,tail_b1.0_mu0.9_c2.0_T1000_cap64,lcb,posterior_mean,36,1.0
A,cell,tail_b1.0_mu0.9_c2.0_T1000_cap64,lcb,posterior_mean_shrunk,36,1.0
A,cell,tail_b1.0_mu0.9_c2.0_T1000_cap64,oracle_prior,posterior_mean,36,1.0
A,cell,tail_b1.0_mu0.9_c2.0_T1000_cap64,oracle_prior,posterior_mean_shrunk,36,1.0
A,cell,tail_b1.0_mu0.9_c2.0_T1000_cap64,posterior_mean,posterior_mean_shrunk,36,1.0
A,cell,tail_b1.0_mu0.9_c2.0_T100_cap64,empirical,lcb,36,0.6464968152866242
A,cell,tail_b1.0_mu0.9_c2.0_T100_cap64,empirical,oracle_prior,36,0.6464968152866242
A,cell,tail_b1.0_mu0.9_c2.0_T100_cap64,empirical,posterior_mean,36,0.6560509554140127
A,cell,tail_b1.0_mu0.9_c2.0_T100_cap64,empirical,posterior_mean_shrunk,36,0.6528662420382165
A,cell,tail_b1.0_mu0.9_c2.0_T100_cap64,lcb,oracle_prior,36,1.0
A,cell,tail_b1.0_mu0.9_c2.0_T100_cap64,lcb,posterior_mean,36,0.9522292993630573
A,cell,tail_b1.0_mu0.9_c2.0_T100_cap64,lcb,posterior_mean_shrunk,36,0.9936305732484076
A,cell,tail_b1.0_mu0.9_c2.0_T100_cap64,oracle_prior,posterior_mean,36,0.9522292993630573
A,cell,tail_b1.0_mu0.9_c2.0_T100_cap64,oracle_prior,posterior_mean_shrunk,36,0.9936305732484076
A,cell,tail_b1.0_mu0.9_c2.0_T100_cap64,posterior_mean,posterior_mean_shrunk,36,0.9522292993630573
A,cell,tail_b1.0_mu0.9_c2.0_T200_cap64,empirical,lcb,36,0.72859450726979
A,cell,tail_b1.0_mu0.9_c2.0_T200_cap64,empirical,oracle_prior,36,0.7318255250403877
A,cell,tail_b1.0_mu0.9_c2.0_T200_cap64,empirical,posterior_mean,36,0.7382875605815832
A,cell,tail_b1.0_mu0.9_c2.0_T200_cap64,empirical,posterior_mean_shrunk,36,0.7253634894991922
A,cell,tail_b1.0_mu0.9_c2.0_T200_cap64,lcb,oracle_prior,36,0.9903069466882068
A,cell,tail_b1.0_mu0.9_c2.0_T200_cap64,lcb,posterior_mean,36,0.9773828756058159
A,cell,tail_b1.0_mu0.9_c2.0_T200_cap64,lcb,posterior_mean_shrunk,36,0.9773828756058159
A,cell,tail_b1.0_mu0.9_c2.0_T200_cap64,oracle_prior,posterior_mean,36,0.987075928917609
A,cell,tail_b1.0_mu0.9_c2.0_T200_cap64,oracle_prior,posterior_mean_shrunk,36,0.987075928917609
A,cell,tail_b1.0_mu0.9_c2.0_T200_cap64,posterior_mean,posterior_mean_shrunk,36,0.9741518578352181
A,cell,tail_b1.0_mu0.9_c2.0_T500_cap64,empirical,lcb,36,0.8145956607495071
A,cell,tail_b1.0_mu0.9_c2.0_T500_cap64,empirical,oracle_prior,36,0.8145956607495071
A,cell,tail_b1.0_mu0.9_c2.0_T500_cap64,empirical,posterior_mean,36,0.8145956607495071
A,cell,tail_b1.0_mu0.9_c2.0_T500_cap64,empirical,posterior_mean_shrunk,36,0.8145956607495071
A,cell,tail_b1.0_mu0.9_c2.0_T500_cap64,lcb,oracle_prior,36,1.0
A,cell,tail_b1.0_mu0.9_c2.0_T500_cap64,lcb,posterior_mean,36,1.0
A,cell,tail_b1.0_mu0.9_c2.0_T500_cap64,lcb,posterior_mean_shrunk,36,1.0
A,cell,tail_b1.0_mu0.9_c2.0_T500_cap64,oracle_prior,posterior_mean,36,1.0
A,cell,tail_b1.0_mu0.9_c2.0_T500_cap64,oracle_prior,posterior_mean_shrunk,36,1.0
A,cell,tail_b1.0_mu0.9_c2.0_T500_cap64,posterior_mean,posterior_mean_shrunk,36,1.0
A,cell,tail_b1.0_mu0.9_c2.0_T50_cap64,empirical,lcb,36,0.8272044213131056
A,cell,tail_b1.0_mu0.9_c2.0_T50_cap64,empirical,oracle_prior,36,0.8206523070848829
A,cell,tail_b1.0_mu0.9_c2.0_T50_cap64,empirical,posterior_mean,36,0.8206523070848829
A,cell,tail_b1.0_mu0.9_c2.0_T50_cap64,empirical,posterior_mean_shrunk,36,0.8239283641989942
A,cell,tail_b1.0_mu0.9_c2.0_T50_cap64,lcb,oracle_prior,36,0.9934102141680394
A,cell,tail_b1.0_mu0.9_c2.0_T50_cap64,lcb,posterior_mean,36,0.9934102141680394
A,cell,tail_b1.0_mu0.9_c2.0_T50_cap64,lcb,posterior_mean_shrunk,36,0.9967051070840196
A,cell,tail_b1.0_mu0.9_c2.0_T50_cap64,oracle_prior,posterior_mean,36,0.9999999999999999
A,cell,tail_b1.0_mu0.9_c2.0_T50_cap64,oracle_prior,posterior_mean_shrunk,36,0.9901153212520591
A,cell,tail_b1.0_mu0.9_c2.0_T50_cap64,posterior_mean,posterior_mean_shrunk,36,0.9901153212520591
A,cell,tail_b2.0_mu1.0_c1.0_T1000_cap64,empirical,lcb,36,0.9999999999999998
A,cell,tail_b2.0_mu1.0_c1.0_T1000_cap64,empirical,oracle_prior,36,0.9934210526315788
A,cell,tail_b2.0_mu1.0_c1.0_T1000_cap64,empirical,posterior_mean,36,0.9934210526315788
A,cell,tail_b2.0_mu1.0_c1.0_T1000_cap64,empirical,posterior_mean_shrunk,36,0.9999999999999998
A,cell,tail_b2.0_mu1.0_c1.0_T1000_cap64,lcb,oracle_prior,36,0.9934210526315788
A,cell,tail_b2.0_mu1.0_c1.0_T1000_cap64,lcb,posterior_mean,36,0.9934210526315788
A,cell,tail_b2.0_mu1.0_c1.0_T1000_cap64,lcb,posterior_mean_shrunk,36,0.9999999999999998
A,cell,tail_b2.0_mu1.0_c1.0_T1000_cap64,oracle_prior,posterior_mean,36,0.9999999999999998
A,cell,tail_b2.0_mu1.0_c1.0_T1000_cap64,oracle_prior,posterior_mean_shrunk,36,0.9934210526315788
A,cell,tail_b2.0_mu1.0_c1.0_T1000_cap64,posterior_mean,posterior_mean_shrunk,36,0.9934210526315788
A,cell,tail_b2.0_mu1.0_c1.0_T100_cap64,empirical,lcb,36,0.42356687898089174
A,cell,tail_b2.0_mu1.0_c1.0_T100_cap64,empirical,oracle_prior,36,0.43312101910828027
A,cell,tail_b2.0_mu1.0_c1.0_T100_cap64,empirical,posterior_mean,36,0.464968152866242
A,cell,tail_b2.0_mu1.0_c1.0_T100_cap64,empirical,posterior_mean_shrunk,36,0.43312101910828027
A,cell,tail_b2.0_mu1.0_c1.0_T100_cap64,lcb,oracle_prior,36,0.9904458598726115
A,cell,tail_b2.0_mu1.0_c1.0_T100_cap64,lcb,posterior_mean,36,0.9585987261146497
A,cell,tail_b2.0_mu1.0_c1.0_T100_cap64,lcb,posterior_mean_shrunk,36,0.9777070063694268
A,cell,tail_b2.0_mu1.0_c1.0_T100_cap64,oracle_prior,posterior_mean,36,0.9617834394904459
A,cell,tail_b2.0_mu1.0_c1.0_T100_cap64,oracle_prior,posterior_mean_shrunk,36,0.9745222929936306
A,cell,tail_b2.0_mu1.0_c1.0_T100_cap64,posterior_mean,posterior_mean_shrunk,36,0.9490445859872612
A,cell,tail_b2.0_mu1.0_c1.0_T200_cap64,empirical,lcb,36,0.7980456026058632
A,cell,tail_b2.0_mu1.0_c1.0_T200_cap64,empirical,oracle_prior,36,0.7947882736156353
A,cell,tail_b2.0_mu1.0_c1.0_T200_cap64,empirical,posterior_mean,36,0.8110749185667753
A,cell,tail_b2.0_mu1.0_c1.0_T200_cap64,empirical,posterior_mean_shrunk,36,0.8241042345276873
A,cell,tail_b2.0_mu1.0_c1.0_T200_cap64,lcb,oracle_prior,36,0.9902280130293161
A,cell,tail_b2.0_mu1.0_c1.0_T200_cap64,lcb,posterior_mean,36,0.986970684039088
A,cell,tail_b2.0_mu1.0_c1.0_T200_cap64,lcb,posterior_mean_shrunk,36,0.96742671009772
A,cell,tail_b2.0_mu1.0_c1.0_T200_cap64,oracle_prior,posterior_mean,36,0.9771986970684039
A,cell,tail_b2.0_mu1.0_c1.0_T200_cap64,oracle_prior,posterior_mean_shrunk,36,0.9706840390879481
A,cell,tail_b2.0_mu1.0_c1.0_T200_cap64,posterior_mean,posterior_mean_shrunk,36,0.9543973941368079
A,cell,tail_b2.0_mu1.0_c1.0_T500_cap64,empirical,lcb,36,0.9672131147540984
A,cell,tail_b2.0_mu1.0_c1.0_T500_cap64,empirical,oracle_prior,36,0.9672131147540984
A,cell,tail_b2.0_mu1.0_c1.0_T500_cap64,empirical,posterior_mean,36,0.7967213114754099
A,cell,tail_b2.0_mu1.0_c1.0_T500_cap64,empirical,posterior_mean_shrunk,36,0.9672131147540984
A,cell,tail_b2.0_mu1.0_c1.0_T500_cap64,lcb,oracle_prior,36,0.9868852459016395
A,cell,tail_b2.0_mu1.0_c1.0_T500_cap64,lcb,posterior_mean,36,0.8295081967213116
A,cell,tail_b2.0_mu1.0_c1.0_T500_cap64,lcb,posterior_mean_shrunk,36,0.9868852459016395
A,cell,tail_b2.0_mu1.0_c1.0_T500_cap64,oracle_prior,posterior_mean,36,0.816393442622951
A,cell,tail_b2.0_mu1.0_c1.0_T500_cap64,oracle_prior,posterior_mean_shrunk,36,0.9737704918032789
A,cell,tail_b2.0_mu1.0_c1.0_T500_cap64,posterior_mean,posterior_mean_shrunk,36,0.816393442622951
A,cell,tail_b2.0_mu1.0_c1.0_T50_cap64,empirical,lcb,36,0.6389776357827476
A,cell,tail_b2.0_mu1.0_c1.0_T50_cap64,empirical,oracle_prior,36,0.6325878594249201
A,cell,tail_b2.0_mu1.0_c1.0_T50_cap64,empirical,posterior_mean,36,0.6805111821086262
A,cell,tail_b2.0_mu1.0_c1.0_T50_cap64,empirical,posterior_mean_shrunk,36,0.6357827476038338
A,cell,tail_b2.0_mu1.0_c1.0_T50_cap64,lcb,oracle_prior,36,0.987220447284345
A,cell,tail_b2.0_mu1.0_c1.0_T50_cap64,lcb,posterior_mean,36,0.926517571884984
A,cell,tail_b2.0_mu1.0_c1.0_T50_cap64,lcb,posterior_mean_shrunk,36,0.9776357827476038
A,cell,tail_b2.0_mu1.0_c1.0_T50_cap64,oracle_prior,posterior_mean,36,0.9201277955271565
A,cell,tail_b2.0_mu1.0_c1.0_T50_cap64,oracle_prior,posterior_mean_shrunk,36,0.9712460063897764
A,cell,tail_b2.0_mu1.0_c1.0_T50_cap64,posterior_mean,posterior_mean_shrunk,36,0.9297124600638976
A,cell,tail_b8.0_mu1.0_c1.0_T1000_cap64,empirical,lcb,36,1.0
A,cell,tail_b8.0_mu1.0_c1.0_T1000_cap64,empirical,oracle_prior,36,1.0
A,cell,tail_b8.0_mu1.0_c1.0_T1000_cap64,empirical,posterior_mean,36,1.0
A,cell,tail_b8.0_mu1.0_c1.0_T1000_cap64,empirical,posterior_mean_shrunk,36,1.0
A,cell,tail_b8.0_mu1.0_c1.0_T1000_cap64,lcb,oracle_prior,36,1.0
A,cell,tail_b8.0_mu1.0_c1.0_T1000_cap64,lcb,posterior_mean,36,1.0
A,cell,tail_b8.0_mu1.0_c1.0_T1000_cap64,lcb,posterior_mean_shrunk,36,1.0
A,cell,tail_b8.0_mu1.0_c1.0_T1000_cap64,oracle_prior,posterior_mean,36,1.0
A,cell,tail_b8.0_mu1.0_c1.0_T1000_cap64,oracle_prior,posterior_mean_shrunk,36,1.0
A,cell,tail_b8.0_mu1.0_c1.0_T1000_cap64,posterior_mean,posterior_mean_shrunk,36,1.0
A,cell,tail_b8.0_mu1.0_c1.0_T100_cap64,empirical,lcb,36,0.8738030318309736
A,cell,tail_b8.0_mu1.0_c1.0_T100_cap64,empirical,oracle_prior,36,0.8738030318309736
A,cell,tail_b8.0_mu1.0_c1.0_T100_cap64,empirical,posterior_mean,36,0.9249213079161493
A,cell,tail_b8.0_mu1.0_c1.0_T100_cap64,empirical,posterior_mean_shrunk,36,0.8674132473203267
A,cell,tail_b8.0_mu1.0_c1.0_T100_cap64,lcb,oracle_prior,36,0.9808
A,cell,tail_b8.0_mu1.0_c1.0_T100_cap64,lcb,posterior_mean,36,0.872
A,cell,tail_b8.0_mu1.0_c1.0_T100_cap64,lcb,posterior_mean_shrunk,36,0.9872
A,cell,tail_b8.0_mu1.0_c1.0_T100_cap64,oracle_prior,posterior_mean,36,0.872
A,cell,tail_b8.0_mu1.0_c1.0_T100_cap64,oracle_prior,posterior_mean_shrunk,36,0.9936
A,cell,tail_b8.0_mu1.0_c1.0_T100_cap64,posterior_mean,posterior_mean_shrunk,36,0.8656
A,cell,tail_b8.0_mu1.0_c1.0_T200_cap64,empirical,lcb,36,0.8484848484848485
A,cell,tail_b8.0_mu1.0_c1.0_T200_cap64,empirical,oracle_prior,36,0.8484848484848485
A,cell,tail_b8.0_mu1.0_c1.0_T200_cap64,empirical,posterior_mean,36,1.0
A,cell,tail_b8.0_mu1.0_c1.0_T200_cap64,empirical,posterior_mean_shrunk,36,0.8484848484848485
A,cell,tail_b8.0_mu1.0_c1.0_T200_cap64,lcb,oracle_prior,36,1.0
A,cell,tail_b8.0_mu1.0_c1.0_T200_cap64,lcb,posterior_mean,36,0.8484848484848485
A,cell,tail_b8.0_mu1.0_c1.0_T200_cap64,lcb,posterior_mean_shrunk,36,1.0
A,cell,tail_b8.0_mu1.0_c1.0_T200_cap64,oracle_prior,posterior_mean,36,0.8484848484848485
A,cell,tail_b8.0_mu1.0_c1.0_T200_cap64,oracle_prior,posterior_mean_shrunk,36,1.0
A,cell,tail_b8.0_mu1.0_c1.0_T200_cap64,posterior_mean,posterior_mean_shrunk,36,0.8484848484848485
A,cell,tail_b8.0_mu1.0_c1.0_T500_cap64,empirical,lcb,36,1.0
A,cell,tail_b8.0_mu1.0_c1.0_T500_cap64,empirical,oracle_prior,36,1.0
A,cell,tail_b8.0_mu1.0_c1.0_T500_cap64,empirical,posterior_mean,36,1.0
A,cell,tail_b8.0_mu1.0_c1.0_T500_cap64,empirical,posterior_mean_shrunk,36,1.0
A,cell,tail_b8.0_mu1.0_c1.0_T500_cap64,lcb,oracle_prior,36,1.0
A,cell,tail_b8.0_mu1.0_c1.0_T500_cap64,lcb,posterior_mean,36,1.0
A,cell,tail_b8.0_mu1.0_c1.0_T500_cap64,lcb,posterior_mean_shrunk,36,1.0
A,cell,tail_b8.0_mu1.0_c1.0_T500_cap64,oracle_prior,posterior_mean,36,1.0
A,cell,tail_b8.0_mu1.0_c1.0_T500_cap64,oracle_prior,posterior_mean_shrunk,36,1.0
A,cell,tail_b8.0_mu1.0_c1.0_T500_cap64,posterior_mean,posterior_mean_shrunk,36,1.0
A,cell,tail_b8.0_mu1.0_c1.0_T50_cap64,empirical,lcb,36,0.4912286949436538
A,cell,tail_b8.0_mu1.0_c1.0_T50_cap64,empirical,oracle_prior,36,0.4976082883844804
A,cell,tail_b8.0_mu1.0_c1.0_T50_cap64,empirical,posterior_mean,36,0.8972114402030388
A,cell,tail_b8.0_mu1.0_c1.0_T50_cap64,empirical,posterior_mean_shrunk,36,0.5007980851048938
A,cell,tail_b8.0_mu1.0_c1.0_T50_cap64,lcb,oracle_prior,36,0.9936102236421726
A,cell,tail_b8.0_mu1.0_c1.0_T50_cap64,lcb,posterior_mean,36,0.5810057716248327
A,cell,tail_b8.0_mu1.0_c1.0_T50_cap64,lcb,posterior_mean_shrunk,36,0.9904153354632587
A,cell,tail_b8.0_mu1.0_c1.0_T50_cap64,oracle_prior,posterior_mean,36,0.5873904504338968
A,cell,tail_b8.0_mu1.0_c1.0_T50_cap64,oracle_prior,posterior_mean_shrunk,36,0.9968051118210862
A,cell,tail_b8.0_mu1.0_c1.0_T50_cap64,posterior_mean,posterior_mean_shrunk,36,0.5905827898384288
A,pooled,all,empirical,lcb,36,0.752177213743191
A,pooled,all,empirical,oracle_prior,36,0.7520331036338628
A,pooled,all,empirical,posterior_mean,36,0.7819898070797862
A,pooled,all,empirical,posterior_mean_shrunk,36,0.7531808597330767
A,pooled,all,lcb,oracle_prior,36,0.994806189716982
A,pooled,all,lcb,posterior_mean,36,0.9494097097063692
A,pooled,all,lcb,posterior_mean_shrunk,36,0.9937053035417007
A,pooled,all,oracle_prior,posterior_mean,36,0.9494170909410824
A,pooled,all,oracle_prior,posterior_mean_shrunk,36,0.9932208629069482
A,pooled,all,posterior_mean,posterior_mean_shrunk,36,0.948127694056905
