env_id,family,horizon,rule,K,regret,regret_se,k_final,alpha,c,b,beta,is_mixture
beta_good_common,beta,200,oracle_beta_c0.5,17.0,0.061611852407455446,0.001542695397124653,17.0,,,,2.0,False
beta_good_common,beta,200,oracle_beta_c0.75,26.0,0.0552413472533226,0.0015420028975227662,26.0,,,,2.0,False
beta_good_common,beta,200,ceiling,32.0,0.05453099310398102,0.0015291983013743997,32.0,,,,2.0,False
beta_good_common,beta,200,pooled_K,48.0,0.056108142912387846,0.0016819371248808716,48.0,,,,2.0,False
beta_good_common,beta,200,oracle_beta_c1.0,34.0,0.05586810314655304,0.0016146570159339402,34.0,,,,2.0,False
beta_good_common,beta,200,oracle_beta_c1.5,51.0,0.05612975919246674,0.0016605520859627964,51.0,,,,2.0,False
beta_moderately_rare,beta,200,ceiling,96.0,0.15125422511994838,0.00398396001410875,96.0,,,,5.0,False
beta_moderately_rare,beta,200,pooled_K,48.0,0.15333145692944528,0.0037455504509128473,48.0,,,,5.0,False
beta_good_common,beta,200,oracle_beta_c2.0,68.0,0.05891638612747192,0.0017519774507143875,68.0,,,,2.0,False
beta_good_common,beta,200,oracle_beta_c3.0,103.0,0.07136484849452972,0.0019292097668896085,103.0,,,,2.0,False
beta_good_common,beta,200,level_star,,0.053646567761898044,0.001526750129185502,37.838,0.5,3.0,2.0,2.0,False
beta_good_common,beta,200,p3_star,,0.06368955379724503,0.001828515843473037,76.0,0.3333333333333333,12.9269291522,,2.0,False
beta_moderately_rare,beta,200,level_star,,0.16065442100167274,0.0038759691621548875,57.836,0.5,3.0,2.0,5.0,False
beta_moderately_rare,beta,200,p3_star,,0.1564951665699482,0.004056760772514152,76.0,0.3333333333333333,12.9269291522,,5.0,False
beta_moderately_rare,beta,200,oracle_beta_c0.5,41.0,0.15609304578602315,0.003920666671317329,41.0,,,,5.0,False
beta_moderately_rare,beta,200,oracle_beta_c0.75,62.0,0.15973093050718307,0.003911176496423989,62.0,,,,5.0,False
beta_moderately_rare,beta,200,oracle_beta_c1.0,83.0,0.14987879663705825,0.003923168398395999,83.0,,,,5.0,False
beta_moderately_rare,beta,200,oracle_beta_c1.5,124.0,0.1601351523399353,0.004055102804725696,124.0,,,,5.0,False
beta_moderately_rare,beta,200,oracle_beta_c2.0,165.0,0.20016108696162702,0.004601836580820596,165.0,,,,5.0,False
beta_moderately_rare,beta,200,oracle_beta_c3.0,200.0,0.3976813398860395,0.005278942795089207,200.0,,,,5.0,False
beta_rare_excellent,beta,200,ceiling,48.0,0.16991511788964273,0.003744210265352375,48.0,,,,9.0,False
beta_rare_excellent,beta,200,pooled_K,48.0,0.16991511788964273,0.003744210265352375,48.0,,,,9.0,False
beta_rare_excellent,beta,200,oracle_beta_c0.5,59.0,0.1729726866930723,0.003902524329564204,59.0,,,,9.0,False
beta_rare_excellent,beta,200,oracle_beta_c0.75,88.0,0.18279851616732776,0.003941309630855494,88.0,,,,9.0,False
beta_good_common,beta,1000,oracle_beta_c0.5,50.0,0.03279938620328903,0.0007779005002599732,50.0,,,,2.0,False
beta_good_common,beta,1000,oracle_beta_c0.75,75.0,0.0282858664393425,0.0007194070408690385,75.0,,,,2.0,False
beta_rare_excellent,beta,200,level_star,,0.1679548171069473,0.003890965108167462,68.976,0.5,3.0,2.0,9.0,False
beta_rare_excellent,beta,200,p3_star,,0.17124113947711886,0.003824607662265312,76.0,0.3333333333333333,12.9269291522,,9.0,False
beta_rare_excellent,beta,200,oracle_beta_c1.0,118.0,0.18417492891289294,0.003986114845112011,118.0,,,,9.0,False
beta_rare_excellent,beta,200,oracle_beta_c1.5,177.0,0.19185825390554964,0.0040208752399581845,177.0,,,,9.0,False
beta_good_common,beta,1000,oracle_beta_c1.0,100.0,0.026830969750881194,0.0007210813937494052,100.0,,,,2.0,False
beta_good_common,beta,1000,oracle_beta_c1.5,150.0,0.02523365443944931,0.0007579281028526813,150.0,,,,2.0,False
beta_rare_excellent,beta,200,oracle_beta_c2.0,200.0,0.2973166586001753,0.0040832707389080744,200.0,,,,9.0,False
beta_rare_excellent,beta,200,oracle_beta_c3.0,200.0,0.2973166586001753,0.0040832707389080744,200.0,,,,9.0,False
beta_good_common,beta,1000,ceiling,128.0,0.02501355642080307,0.0006975133632719969,128.0,,,,2.0,False
beta_good_common,beta,1000,pooled_K,192.0,0.02774938976764679,0.0008316229339684548,192.0,,,,2.0,False
beta_good_common,beta,1000,level_star,,0.026310045421123505,0.0007178909989133964,111.108,0.5,4.0,2.0,2.0,False
beta_good_common,beta,1000,p3_star,,0.031050608813762665,0.0009197812766402151,240.0,0.5,7.5846201147,,2.0,False
beta_good_common,beta,1000,oracle_beta_c2.0,200.0,0.02771606767177582,0.0008450739973895332,200.0,,,,2.0,False
beta_good_common,beta,1000,oracle_beta_c3.0,300.0,0.03125307911634445,0.0009127297900393306,300.0,,,,2.0,False
beta_mostly_mediocre,beta,200,ceiling,32.0,0.1341422294974327,0.002864492745014793,32.0,,,,8.0,False
beta_mostly_mediocre,beta,200,pooled_K,48.0,0.13550832855701447,0.0028623223538664453,48.0,,,,8.0,False
beta_moderately_rare,beta,1000,ceiling,192.0,0.10407519033551216,0.002713220730337996,192.0,,,,5.0,False
beta_moderately_rare,beta,1000,pooled_K,192.0,0.10407519033551216,0.002713220730337996,192.0,,,,5.0,False
beta_rare_excellent,beta,1000,ceiling,256.0,0.16240601532161236,0.0035785568424300846,256.0,,,,9.0,False
beta_rare_excellent,beta,1000,pooled_K,192.0,0.15790460927039385,0.003483810949144583,192.0,,,,9.0,False
beta_moderately_rare,beta,1000,oracle_beta_c0.5,158.0,0.10716935241222382,0.002710128398665894,158.0,,,,5.0,False
beta_moderately_rare,beta,1000,oracle_beta_c0.75,237.0,0.10925339043140411,0.002920959741370075,237.0,,,,5.0,False
beta_mostly_mediocre,beta,200,level_star,,0.13741133654117585,0.002892412721633724,48.476,0.5,3.0,2.0,8.0,False
beta_mostly_mediocre,beta,200,p3_star,,0.13905062755942343,0.002856190213806035,76.0,0.3333333333333333,12.9269291522,,8.0,False
beta_mostly_mediocre,beta,200,oracle_beta_c0.5,56.0,0.13550006568431855,0.002895938319336331,56.0,,,,8.0,False
beta_mostly_mediocre,beta,200,oracle_beta_c0.75,83.0,0.1395913313627243,0.0028301340654957423,83.0,,,,8.0,False
beta_mostly_mediocre,beta,200,oracle_beta_c1.0,111.0,0.15637909251451493,0.0032384444968397213,111.0,,,,8.0,False
beta_mostly_mediocre,beta,200,oracle_beta_c1.5,167.0,0.1863282074034214,0.003469816826008583,167.0,,,,8.0,False
beta_mostly_mediocre,beta,200,oracle_beta_c2.0,200.0,0.27887393009662625,0.003877941124303636,200.0,,,,8.0,False
beta_mostly_mediocre,beta,200,oracle_beta_c3.0,200.0,0.27887393009662625,0.003877941124303636,200.0,,,,8.0,False
beta_rare_excellent,beta,1000,oracle_beta_c0.5,251.0,0.15919447038322687,0.003582475913884973,251.0,,,,9.0,False
beta_rare_excellent,beta,1000,oracle_beta_c0.75,376.0,0.15675615619122982,0.0036570866166201563,376.0,,,,9.0,False
beta_rare_excellent,beta,1000,level_star,,0.15525543277710677,0.0035352848382787906,221.369,0.5,4.0,2.0,9.0,False
beta_rare_excellent,beta,1000,p3_star,,0.1564721442759037,0.0035831417544624888,240.0,0.5,7.5846201147,,9.0,False
beta_moderately_rare,beta,1000,level_star,,0.1035203693807125,0.0027030978789551437,177.285,0.5,4.0,2.0,5.0,False
beta_moderately_rare,beta,1000,p3_star,,0.11024763709306717,0.00293423434469639,240.0,0.5,7.5846201147,,5.0,False
beta_moderately_rare,beta,1000,oracle_beta_c1.0,316.0,0.11975130701065063,0.003212857692713714,316.0,,,,5.0,False
beta_moderately_rare,beta,1000,oracle_beta_c1.5,474.0,0.11319181415438652,0.003073458106194047,474.0,,,,5.0,False
beta_skewed,beta,200,ceiling,128.0,0.1376616417467594,0.004472091060281271,128.0,,,,3.0,False
beta_skewed,beta,200,pooled_K,48.0,0.1641120896935463,0.004662835881361585,48.0,,,,3.0,False
beta_skewed,beta,200,oracle_beta_c0.5,27.0,0.20535178808867932,0.004912342271102819,27.0,,,,3.0,False
beta_skewed,beta,200,oracle_beta_c0.75,40.0,0.17335755304992198,0.004690703580224994,40.0,,,,3.0,False
beta_skewed,beta,200,level_star,,0.15118169610202312,0.004563775947731856,64.82,0.5,3.0,2.0,3.0,False
beta_skewed,beta,200,p3_star,,0.16361508901417254,0.004734973601910288,76.0,0.3333333333333333,12.9269291522,,3.0,False
beta_mostly_mediocre,beta,1000,ceiling,96.0,0.10060443025827408,0.002093878644903458,96.0,,,,8.0,False
beta_mostly_mediocre,beta,1000,pooled_K,192.0,0.10929341855645179,0.0024251474872407,192.0,,,,8.0,False
beta_skewed,beta,200,oracle_beta_c1.0,53.0,0.15844157531857492,0.004639863166289796,53.0,,,,3.0,False
beta_skewed,beta,200,oracle_beta_c1.5,80.0,0.16379631596803665,0.0047667850674869994,80.0,,,,3.0,False
beta_rare_excellent,beta,1000,oracle_beta_c1.0,501.0,0.1955814333818853,0.004047026622618159,501.0,,,,9.0,False
beta_rare_excellent,beta,1000,oracle_beta_c1.5,752.0,0.18139709313586355,0.003924395829746397,752.0,,,,9.0,False
beta_skewed,beta,200,oracle_beta_c2.0,106.0,0.16043143322318792,0.004932559409145009,106.0,,,,3.0,False
beta_skewed,beta,200,oracle_beta_c3.0,160.0,0.1484225705564022,0.004658780372975352,160.0,,,,3.0,False
beta_uniform,beta,200,ceiling,48.0,0.033081671595573424,0.0011868936493342017,48.0,,,,1.0,False
beta_uniform,beta,200,pooled_K,48.0,0.033081671595573424,0.0011868936493342017,48.0,,,,1.0,False
beta_mostly_mediocre,beta,1000,oracle_beta_c0.5,232.0,0.10645006927847862,0.002494251255288497,232.0,,,,8.0,False
beta_mostly_mediocre,beta,1000,oracle_beta_c0.75,348.0,0.11778073567152024,0.0025460684060560094,348.0,,,,8.0,False
beta_rare_excellent,beta,1000,oracle_beta_c2.0,1000.0,0.3806918165339157,0.003851365308253135,1000.0,,,,9.0,False
beta_rare_excellent,beta,1000,oracle_beta_c3.0,1000.0,0.3806918165339157,0.003851365308253135,1000.0,,,,9.0,False
beta_uniform,beta,200,oracle_beta_c0.5,7.0,0.12102604430913926,0.003502181659034107,7.0,,,,1.0,False
beta_uniform,beta,200,oracle_beta_c0.75,11.0,0.08460257568955422,0.0026641413394989303,11.0,,,,1.0,False
beta_mostly_mediocre,beta,1000,level_star,,0.10246283569931984,0.002234841860025397,143.687,0.5,4.0,2.0,8.0,False
beta_mostly_mediocre,beta,1000,p3_star,,0.1067813493013382,0.002519857903306913,240.0,0.5,7.5846201147,,8.0,False
beta_uniform,beta,200,level_star,,0.031916366577148435,0.0012028573638094473,43.987,0.5,3.0,2.0,1.0,False
beta_uniform,beta,200,p3_star,,0.03492538833618164,0.0012459469893925854,76.0,0.3333333333333333,12.9269291522,,1.0,False
beta_uniform,beta,200,oracle_beta_c1.0,14.0,0.07011143893003463,0.0021882403497312524,14.0,,,,1.0,False
beta_uniform,beta,200,oracle_beta_c1.5,21.0,0.049774376273155216,0.0016659327270874675,21.0,,,,1.0,False
beta_uniform,beta,200,oracle_beta_c2.0,28.0,0.04245838677883148,0.0015502668714890795,28.0,,,,1.0,False
beta_uniform,beta,200,oracle_beta_c3.0,42.0,0.03378783309459686,0.0012755579943428874,42.0,,,,1.0,False
beta_moderately_rare,beta,1000,oracle_beta_c2.0,632.0,0.12276275837421417,0.003285656751721214,632.0,,,,5.0,False
beta_moderately_rare,beta,1000,oracle_beta_c3.0,949.0,0.25461872227489946,0.00459129975464071,949.0,,,,5.0,False
beta_uniform,beta,1000,oracle_beta_c0.5,16.0,0.06180245965719223,0.001862047687048148,16.0,,,,1.0,False
beta_uniform,beta,1000,oracle_beta_c0.75,24.0,0.04115451371669769,0.001322077831747133,24.0,,,,1.0,False
tail_b0.5_mu0.8_c1.0,tail,200,ceiling,16.0,0.02572199159860611,0.0010992379011843126,16.0,,,,0.5,False
tail_b0.5_mu0.8_c1.0,tail,200,pooled_K,48.0,0.02783019983768463,0.0011518041656139667,48.0,,,,0.5,False
beta_uniform,beta,1000,oracle_beta_c1.0,32.0,0.030633406221866607,0.000995752884816858,32.0,,,,1.0,False
beta_uniform,beta,1000,oracle_beta_c1.5,47.0,0.021452562391757964,0.0007134925821843235,47.0,,,,1.0,False
beta_skewed,beta,1000,oracle_beta_c0.5,89.0,0.15790220579504965,0.003493708195677459,89.0,,,,3.0,False
beta_skewed,beta,1000,oracle_beta_c0.75,133.0,0.12580521327257158,0.0030884275815620914,133.0,,,,3.0,False
tail_b0.5_mu0.8_c1.0,tail,200,oracle_beta_c0.5,3.0,0.1112932209786959,0.004436836187376972,3.0,,,,0.5,False
tail_b0.5_mu0.8_c1.0,tail,200,oracle_beta_c0.75,4.0,0.0780215952587314,0.003393583187382655,4.0,,,,0.5,False
beta_skewed,beta,1000,ceiling,256.0,0.0913048831820488,0.0028419608117744646,256.0,,,,3.0,False
beta_skewed,beta,1000,pooled_K,192.0,0.10778500343859196,0.0031339485850833257,192.0,,,,3.0,False
tail_b0.5_mu0.8_c1.0,tail,200,oracle_beta_c1.0,6.0,0.04882659587264061,0.002311812828700904,6.0,,,,0.5,False
tail_b0.5_mu0.8_c1.0,tail,200,oracle_beta_c1.5,9.0,0.03289179712533951,0.0014847317794259394,9.0,,,,0.5,False
tail_b0.5_mu0.8_c1.0,tail,200,level_star,,0.027261053621768953,0.0011386954106844854,46.085,0.5,3.0,2.0,0.5,False
tail_b0.5_mu0.8_c1.0,tail,200,p3_star,,0.029087039470672607,0.0012906330397508517,76.0,0.3333333333333333,12.9269291522,,0.5,False
tail_b0.5_mu0.8_c1.0,tail,200,oracle_beta_c2.0,12.0,0.02869343686103821,0.0011880369687571836,12.0,,,,0.5,False
tail_b0.5_mu0.8_c1.0,tail,200,oracle_beta_c3.0,18.0,0.025107216119766237,0.0010398403650023636,18.0,,,,0.5,False
beta_mostly_mediocre,beta,1000,oracle_beta_c1.0,464.0,0.1325117141008377,0.0028146924974727593,464.0,,,,8.0,False
beta_mostly_mediocre,beta,1000,oracle_beta_c1.5,696.0,0.1555228907763958,0.002961353329452706,696.0,,,,8.0,False
beta_uniform,beta,1000,oracle_beta_c2.0,63.0,0.01685490119457245,0.0005688742362549537,63.0,,,,1.0,False
beta_uniform,beta,1000,oracle_beta_c3.0,95.0,0.012276421785354614,0.0004244678837837073,95.0,,,,1.0,False
tail_b0.5_mu0.8_c2.0,tail,200,ceiling,12.0,0.022469802796840667,0.0009297450283947664,12.0,,,,0.5,False
tail_b0.5_mu0.8_c2.0,tail,200,pooled_K,48.0,0.026977398812770843,0.0010951405665081267,48.0,,,,0.5,False
beta_uniform,beta,1000,ceiling,192.0,0.00902845972776413,0.0003559231672981152,192.0,,,,1.0,False
beta_uniform,beta,1000,pooled_K,192.0,0.00902845972776413,0.0003559231672981152,192.0,,,,1.0,False
tail_b0.5_mu0.8_c1.0,tail,1000,oracle_beta_c0.5,5.0,0.048034667417407036,0.0023761502769829926,5.0,,,,0.5,False
tail_b0.5_mu0.8_c1.0,tail,1000,oracle_beta_c0.75,7.0,0.03128709763288498,0.00157716953702249,7.0,,,,0.5,False
tail_b0.5_mu0.8_c2.0,tail,200,oracle_beta_c0.5,3.0,0.03459531593322754,0.0013120460008180018,3.0,,,,0.5,False
tail_b0.5_mu0.8_c2.0,tail,200,oracle_beta_c0.75,4.0,0.029570819556713104,0.0011563500269508758,4.0,,,,0.5,False
tail_b0.5_mu0.8_c1.0,tail,1000,oracle_beta_c1.0,10.0,0.020565255135297774,0.0009935642528545085,10.0,,,,0.5,False
tail_b0.5_mu0.8_c1.0,tail,1000,oracle_beta_c1.5,15.0,0.013784339666366578,0.0006191951276339692,15.0,,,,0.5,False
beta_skewed,beta,1000,oracle_beta_c1.0,178.0,0.11017006473243236,0.003096757782469004,178.0,,,,3.0,False
beta_skewed,beta,1000,oracle_beta_c1.5,267.0,0.08957873845100403,0.00285164091681559,267.0,,,,3.0,False
tail_b0.5_mu0.8_c2.0,tail,200,oracle_beta_c1.0,6.0,0.024086220026016236,0.0010099900765401582,6.0,,,,0.5,False
tail_b0.5_mu0.8_c2.0,tail,200,oracle_beta_c1.5,9.0,0.02236684477329254,0.0009238270533420309,9.0,,,,0.5,False
tail_b0.5_mu0.8_c2.0,tail,200,level_star,,0.024666268050670622,0.001036280642576108,38.751,0.5,3.0,2.0,0.5,False
tail_b0.5_mu0.8_c2.0,tail,200,p3_star,,0.03172778934240341,0.0012789796335857758,76.0,0.3333333333333333,12.9269291522,,0.5,False
tail_b0.5_mu0.8_c2.0,tail,200,oracle_beta_c2.0,12.0,0.022469802796840667,0.0009297450283947664,12.0,,,,0.5,False
tail_b0.5_mu0.8_c2.0,tail,200,oracle_beta_c3.0,18.0,0.022718363404273988,0.0009554235054248479,18.0,,,,0.5,False
tail_b0.5_mu0.8_c1.0,tail,1000,oracle_beta_c2.0,20.0,0.0117954940199852,0.00046101338639626364,20.0,,,,0.5,False
tail_b0.5_mu0.8_c1.0,tail,1000,oracle_beta_c3.0,30.0,0.010875715136528016,0.0004359834927558187,30.0,,,,0.5,False
tail_b0.5_mu0.9_c1.0,tail,200,ceiling,24.0,0.02273250198364258,0.0009582851572420302,24.0,,,,0.5,False
tail_b0.5_mu0.9_c1.0,tail,200,pooled_K,48.0,0.02270862913131714,0.00101286782673057,48.0,,,,0.5,False
beta_uniform,beta,1000,level_star,,0.009832718133926392,0.0003941801741078279,128.848,0.5,4.0,2.0,1.0,False
beta_uniform,beta,1000,p3_star,,0.009496504068374633,0.00037364206909659085,240.0,0.5,7.5846201147,,1.0,False
tail_b0.5_mu0.8_c1.0,tail,1000,ceiling,24.0,0.011470004022121429,0.00045118977390942906,24.0,,,,0.5,False
tail_b0.5_mu0.8_c1.0,tail,1000,pooled_K,192.0,0.015786621868610382,0.0006517727365103057,192.0,,,,0.5,False
beta_mostly_mediocre,beta,1000,oracle_beta_c2.0,928.0,0.20608255741000175,0.00328337247895802,928.0,,,,8.0,False
beta_mostly_mediocre,beta,1000,oracle_beta_c3.0,1000.0,0.32380772624909876,0.0038122117583936446,1000.0,,,,8.0,False
tail_b0.5_mu0.9_c1.0,tail,200,oracle_beta_c0.5,3.0,0.10700687612220645,0.004407718387400965,3.0,,,,0.5,False
tail_b0.5_mu0.9_c1.0,tail,200,oracle_beta_c0.75,4.0,0.07652315196394921,0.0034513455627249666,4.0,,,,0.5,False
beta_skewed,beta,1000,level_star,,0.10550122107565403,0.003102421550598994,201.005,0.5,4.0,2.0,3.0,False
beta_skewed,beta,1000,p3_star,,0.09712173694372177,0.0029195810358879676,240.0,0.5,7.5846201147,,3.0,False
tail_b0.5_mu0.9_c1.0,tail,200,oracle_beta_c1.0,6.0,0.0447463159263134,0.002030993877545735,6.0,,,,0.5,False
tail_b0.5_mu0.9_c1.0,tail,200,oracle_beta_c1.5,9.0,0.032383613497018814,0.0014835443201454365,9.0,,,,0.5,False
tail_b0.5_mu0.8_c2.0,tail,1000,oracle_beta_c0.5,5.0,0.016882255136966704,0.0007196414551704325,5.0,,,,0.5,False
tail_b0.5_mu0.8_c2.0,tail,1000,oracle_beta_c0.75,7.0,0.01255902886390686,0.0005105003493002867,7.0,,,,0.5,False
tail_b0.5_mu0.9_c1.0,tail,200,oracle_beta_c2.0,12.0,0.024804791271686555,0.0010798388280214874,12.0,,,,0.5,False
tail_b0.5_mu0.9_c1.0,tail,200,oracle_beta_c3.0,18.0,0.022273503959178924,0.0009400291992538783,18.0,,,,0.5,False
tail_b0.5_mu0.8_c2.0,tail,1000,oracle_beta_c1.0,10.0,0.011232573926448821,0.0004646162346133002,10.0,,,,0.5,False
tail_b0.5_mu0.8_c2.0,tail,1000,oracle_beta_c1.5,15.0,0.010807540595531464,0.00042454937139660914,15.0,,,,0.5,False
tail_b0.5_mu0.9_c1.0,tail,200,level_star,,0.02339882832765579,0.0010769949414186925,41.919,0.5,3.0,2.0,0.5,False
tail_b0.5_mu0.9_c1.0,tail,200,p3_star,,0.027792268633842467,0.0013016135775072064,76.0,0.3333333333333333,12.9269291522,,0.5,False
tail_b0.5_mu0.8_c2.0,tail,1000,oracle_beta_c2.0,20.0,0.011166903495788574,0.0004801656971891977,20.0,,,,0.5,False
tail_b0.5_mu0.8_c2.0,tail,1000,oracle_beta_c3.0,30.0,0.01215859454870224,0.0004991195455589823,30.0,,,,0.5,False
tail_b0.5_mu0.9_c2.0,tail,200,ceiling,12.0,0.0181086807847023,0.0007874385189594984,12.0,,,,0.5,False
tail_b0.5_mu0.9_c2.0,tail,200,pooled_K,48.0,0.023348286986351014,0.0009966623777643551,48.0,,,,0.5,False
tail_b0.5_mu0.9_c2.0,tail,200,oracle_beta_c0.5,3.0,0.03453643757104874,0.0012942715277756965,3.0,,,,0.5,False
tail_b0.5_mu0.9_c2.0,tail,200,oracle_beta_c0.75,4.0,0.027052236020565033,0.0010624237671696727,4.0,,,,0.5,False
tail_b0.5_mu0.9_c2.0,tail,200,oracle_beta_c1.0,6.0,0.02245712101459503,0.0009288843342074286,6.0,,,,0.5,False
tail_b0.5_mu0.9_c2.0,tail,200,oracle_beta_c1.5,9.0,0.01934942764043808,0.0008398750060848347,9.0,,,,0.5,False
tail_b0.5_mu0.9_c2.0,tail,200,level_star,,0.02338501489162445,0.0009683573773004658,35.059,0.5,3.0,2.0,0.5,False
tail_b0.5_mu0.9_c2.0,tail,200,p3_star,,0.024885260343551634,0.0010499809591460315,76.0,0.3333333333333333,12.9269291522,,0.5,False
tail_b0.5_mu0.9_c1.0,tail,1000,oracle_beta_c0.5,5.0,0.047891653656959535,0.00245003160550062,5.0,,,,0.5,False
tail_b0.5_mu0.9_c1.0,tail,1000,oracle_beta_c0.75,7.0,0.028828743547201156,0.001481245203418551,7.0,,,,0.5,False
tail_b0.5_mu0.9_c2.0,tail,200,oracle_beta_c2.0,12.0,0.0181086807847023,0.0007874385189594984,12.0,,,,0.5,False
tail_b0.5_mu0.9_c2.0,tail,200,oracle_beta_c3.0,18.0,0.018696325719356536,0.0007723289911699049,18.0,,,,0.5,False
tail_b0.5_mu0.8_c2.0,tail,1000,ceiling,32.0,0.011706543862819671,0.0004791174513215698,32.0,,,,0.5,False
tail_b0.5_mu0.8_c2.0,tail,1000,pooled_K,192.0,0.01782443976402283,0.0008026307169378259,192.0,,,,0.5,False
tail_b0.5_mu0.9_c1.0,tail,1000,oracle_beta_c1.0,10.0,0.018914678931236266,0.0009584799875295877,10.0,,,,0.5,False
tail_b0.5_mu0.9_c1.0,tail,1000,oracle_beta_c1.5,15.0,0.01204785454273224,0.0005079223206213384,15.0,,,,0.5,False
beta_skewed,beta,1000,oracle_beta_c2.0,356.0,0.09344971576333046,0.0030188153086665513,356.0,,,,3.0,False
beta_skewed,beta,1000,oracle_beta_c3.0,533.0,0.08418490734696388,0.0030447424889060823,533.0,,,,3.0,False
tail_b0.5_mu0.9_c1.0,tail,1000,oracle_beta_c2.0,20.0,0.010069579720497131,0.0004435730811168264,20.0,,,,0.5,False
tail_b0.5_mu0.9_c1.0,tail,1000,oracle_beta_c3.0,30.0,0.009614702582359315,0.00038044261235012995,30.0,,,,0.5,False
tail_b0.5_mu1.0_c1.0,tail,200,ceiling,24.0,0.009517088294029237,0.0004159047603935424,24.0,,,,0.5,False
tail_b0.5_mu1.0_c1.0,tail,200,pooled_K,48.0,0.010027370691299439,0.0004699026546465708,48.0,,,,0.5,False
tail_b0.5_mu1.0_c1.0,tail,200,oracle_beta_c0.5,3.0,0.1087181127667427,0.004678100263318138,3.0,,,,0.5,False
tail_b0.5_mu1.0_c1.0,tail,200,oracle_beta_c0.75,4.0,0.07250629223883152,0.003345183096381117,4.0,,,,0.5,False
tail_b0.5_mu0.8_c1.0,tail,1000,level_star,,0.015529202103614807,0.0006872614197586498,137.144,0.5,4.0,2.0,0.5,False
tail_b0.5_mu0.8_c1.0,tail,1000,p3_star,,0.016672632098197936,0.0006943922478343097,240.0,0.5,7.5846201147,,0.5,False
tail_b0.5_mu1.0_c1.0,tail,200,oracle_beta_c1.0,6.0,0.04256638824939728,0.0020778986263983836,6.0,,,,0.5,False
tail_b0.5_mu1.0_c1.0,tail,200,oracle_beta_c1.5,9.0,0.02343171101808548,0.0012210483756884276,9.0,,,,0.5,False
tail_b0.5_mu1.0_c1.0,tail,200,level_star,,0.010643910706043244,0.00048748862495706733,38.701,0.5,3.0,2.0,0.5,False
tail_b0.5_mu1.0_c1.0,tail,200,p3_star,,0.012218691170215608,0.0005766932132555734,76.0,0.3333333333333333,12.9269291522,,0.5,False
tail_b0.5_mu0.9_c2.0,tail,1000,oracle_beta_c0.5,5.0,0.01534763342142105,0.0006646053141091676,5.0,,,,0.5,False
tail_b0.5_mu0.9_c2.0,tail,1000,oracle_beta_c0.75,7.0,0.011593717515468598,0.0005438796415836995,7.0,,,,0.5,False
tail_b0.5_mu1.0_c1.0,tail,200,oracle_beta_c2.0,12.0,0.015055065274238586,0.0007740150362849691,12.0,,,,0.5,False
tail_b0.5_mu1.0_c1.0,tail,200,oracle_beta_c3.0,18.0,0.010280680418014526,0.00048559483576264247,18.0,,,,0.5,False
tail_b0.5_mu0.9_c2.0,tail,1000,oracle_beta_c1.0,10.0,0.009196744441986085,0.0004039120663270166,10.0,,,,0.5,False
tail_b0.5_mu0.9_c2.0,tail,1000,oracle_beta_c1.5,15.0,0.00833782595396042,0.0003310247239244519,15.0,,,,0.5,False
tail_b0.5_mu0.8_c2.0,tail,1000,level_star,,0.01474431812763214,0.0006156057177109382,114.203,0.5,4.0,2.0,0.5,False
tail_b0.5_mu0.8_c2.0,tail,1000,p3_star,,0.018504594564437867,0.0007937853461009545,240.0,0.5,7.5846201147,,0.5,False
tail_b0.5_mu0.9_c1.0,tail,1000,ceiling,96.0,0.009923424243927002,0.0003977493444704038,96.0,,,,0.5,False
tail_b0.5_mu0.9_c1.0,tail,1000,pooled_K,192.0,0.011643526077270507,0.0004943800941061389,192.0,,,,0.5,False
tail_b0.5_mu0.9_c2.0,tail,1000,oracle_beta_c2.0,20.0,0.008035328388214111,0.00033844270367287154,20.0,,,,0.5,False
tail_b0.5_mu0.9_c2.0,tail,1000,oracle_beta_c3.0,30.0,0.008432491660118103,0.0003448208251687297,30.0,,,,0.5,False
tail_b0.5_mu1.0_c2.0,tail,200,ceiling,32.0,0.008964294016361236,0.0004219966769454872,32.0,,,,0.5,False
tail_b0.5_mu1.0_c2.0,tail,200,pooled_K,48.0,0.009444533348083496,0.0004205896360097501,48.0,,,,0.5,False
tail_b0.5_mu1.0_c2.0,tail,200,oracle_beta_c0.5,3.0,0.028823230147361757,0.001224890810768738,3.0,,,,0.5,False
tail_b0.5_mu1.0_c2.0,tail,200,oracle_beta_c0.75,4.0,0.020754454016685485,0.0009801436645289006,4.0,,,,0.5,False
tail_b0.5_mu1.0_c2.0,tail,200,oracle_beta_c1.0,6.0,0.012964132249355316,0.0006236381626520419,6.0,,,,0.5,False
tail_b0.5_mu1.0_c2.0,tail,200,oracle_beta_c1.5,9.0,0.009516448676586152,0.0004831474799719269,9.0,,,,0.5,False
tail_b0.5_mu0.9_c2.0,tail,1000,ceiling,12.0,0.008999092817306518,0.00038671319349671237,12.0,,,,0.5,False
tail_b0.5_mu0.9_c2.0,tail,1000,pooled_K,192.0,0.014556569874286652,0.0006354331278418787,192.0,,,,0.5,False
tail_b0.5_mu1.0_c1.0,tail,1000,oracle_beta_c0.5,5.0,0.04681027743220329,0.0022810388566787123,5.0,,,,0.5,False
tail_b0.5_mu1.0_c1.0,tail,1000,oracle_beta_c0.75,7.0,0.028953116834163666,0.0015372657279377902,7.0,,,,0.5,False
tail_b0.5_mu1.0_c2.0,tail,200,level_star,,0.009080479323863983,0.00041446866354871487,32.778,0.5,3.0,2.0,0.5,False
tail_b0.5_mu1.0_c2.0,tail,200,p3_star,,0.01207940411567688,0.000567081173378134,76.0,0.3333333333333333,12.9269291522,,0.5,False
tail_b0.5_mu1.0_c2.0,tail,200,oracle_beta_c2.0,12.0,0.008487425684928895,0.0003940338485219327,12.0,,,,0.5,False
tail_b0.5_mu1.0_c2.0,tail,200,oracle_beta_c3.0,18.0,0.008323678374290466,0.00037621613666070756,18.0,,,,0.5,False
tail_b0.5_mu1.0_c1.0,tail,1000,oracle_beta_c1.0,10.0,0.015078535556793213,0.0008023707609917029,10.0,,,,0.5,False
tail_b0.5_mu1.0_c1.0,tail,1000,oracle_beta_c1.5,15.0,0.008205907583236695,0.0004767050099399909,15.0,,,,0.5,False
tail_b0.5_mu1.0_c1.0,tail,1000,oracle_beta_c2.0,20.0,0.005220824182033539,0.0003122898337303317,20.0,,,,0.5,False
tail_b0.5_mu1.0_c1.0,tail,1000,oracle_beta_c3.0,30.0,0.00311999386548996,0.00018641752274174182,30.0,,,,0.5,False
tail_b1.0_mu0.8_c1.0,tail,200,ceiling,64.0,0.06342732429504394,0.0019758774038903097,64.0,,,,1.0,False
tail_b1.0_mu0.8_c1.0,tail,200,pooled_K,48.0,0.06557254841923714,0.001978600924258356,48.0,,,,1.0,False
tail_b1.0_mu0.8_c1.0,tail,200,oracle_beta_c0.5,7.0,0.1337626854926348,0.0037071681564163077,7.0,,,,1.0,False
tail_b1.0_mu0.8_c1.0,tail,200,oracle_beta_c0.75,11.0,0.09751195168495178,0.002772341911970267,11.0,,,,1.0,False
tail_b1.0_mu0.8_c1.0,tail,200,level_star,,0.06667899549007415,0.002130119392711258,53.495,0.5,3.0,2.0,1.0,False
tail_b1.0_mu0.8_c1.0,tail,200,p3_star,,0.065025819927454,0.002114099664172174,76.0,0.3333333333333333,12.9269291522,,1.0,False
tail_b0.5_mu1.0_c2.0,tail,1000,oracle_beta_c0.5,5.0,0.01313262540102005,0.0006454765998257063,5.0,,,,0.5,False
tail_b0.5_mu1.0_c2.0,tail,1000,oracle_beta_c0.75,7.0,0.007980873763561248,0.0004401666995552585,7.0,,,,0.5,False
tail_b1.0_mu0.8_c1.0,tail,200,oracle_beta_c1.0,14.0,0.08597494319081306,0.0024155980594021526,14.0,,,,1.0,False
tail_b1.0_mu0.8_c1.0,tail,200,oracle_beta_c1.5,21.0,0.07010633918642997,0.0020573428873087067,21.0,,,,1.0,False
tail_b0.5_mu1.0_c2.0,tail,1000,oracle_beta_c1.0,10.0,0.00481659060716629,0.00027662696261428557,10.0,,,,0.5,False
tail_b0.5_mu1.0_c2.0,tail,1000,oracle_beta_c1.5,15.0,0.002760222971439362,0.00014514165260285164,15.0,,,,0.5,False
tail_b0.5_mu1.0_c1.0,tail,1000,ceiling,64.0,0.0018982595801353454,9.69770689727444e-05,64.0,,,,0.5,False
tail_b0.5_mu1.0_c1.0,tail,1000,pooled_K,192.0,0.002322623074054718,0.0001205963602171912,192.0,,,,0.5,False
tail_b1.0_mu0.8_c1.0,tail,200,oracle_beta_c2.0,28.0,0.06628757390379905,0.001997434642130838,28.0,,,,1.0,False
tail_b1.0_mu0.8_c1.0,tail,200,oracle_beta_c3.0,42.0,0.06399480050802231,0.0019583676597707145,42.0,,,,1.0,False
tail_b0.5_mu0.9_c1.0,tail,1000,level_star,,0.010609634518623352,0.0004788142688703718,122.604,0.5,4.0,2.0,0.5,False
tail_b0.5_mu0.9_c1.0,tail,1000,p3_star,,0.012854380428791046,0.0005462381674806439,240.0,0.5,7.5846201147,,0.5,False
tail_b0.5_mu0.9_c2.0,tail,1000,level_star,,0.011198640525341034,0.0004729672887173669,103.217,0.5,4.0,2.0,0.5,False
tail_b0.5_mu0.9_c2.0,tail,1000,p3_star,,0.014068241536617279,0.0006270076476387219,240.0,0.5,7.5846201147,,0.5,False
tail_b0.5_mu1.0_c2.0,tail,1000,oracle_beta_c2.0,20.0,0.002077738642692566,0.00010353455055941693,20.0,,,,0.5,False
tail_b0.5_mu1.0_c2.0,tail,1000,oracle_beta_c3.0,30.0,0.0020165399909019472,0.00010597410270639504,30.0,,,,0.5,False
tail_b1.0_mu0.8_c2.0,tail,200,oracle_beta_c0.5,7.0,0.07809441554546356,0.0021331103168439566,7.0,,,,1.0,False
tail_b1.0_mu0.8_c2.0,tail,200,oracle_beta_c0.75,11.0,0.06512843763828277,0.0017942739782243998,11.0,,,,1.0,False
tail_b1.0_mu0.8_c2.0,tail,200,ceiling,24.0,0.055394466131925585,0.0016454134041877333,24.0,,,,1.0,False
tail_b1.0_mu0.8_c2.0,tail,200,pooled_K,48.0,0.0609186438024044,0.0018816219532194684,48.0,,,,1.0,False
tail_b1.0_mu0.8_c2.0,tail,200,oracle_beta_c1.0,14.0,0.06041772550344467,0.001755306212015486,14.0,,,,1.0,False
tail_b1.0_mu0.8_c2.0,tail,200,oracle_beta_c1.5,21.0,0.057150472432374956,0.001685262408895122,21.0,,,,1.0,False
tail_b1.0_mu0.8_c2.0,tail,200,level_star,,0.05959764933586121,0.0017923303163478715,45.661,0.5,3.0,2.0,1.0,False
tail_b1.0_mu0.8_c2.0,tail,200,p3_star,,0.06975504764914513,0.0021603440305400716,76.0,0.3333333333333333,12.9269291522,,1.0,False
tail_b0.5_mu1.0_c2.0,tail,1000,ceiling,32.0,0.001998626112937927,9.768638279966767e-05,32.0,,,,0.5,False
tail_b0.5_mu1.0_c2.0,tail,1000,pooled_K,192.0,0.0022831224203109742,0.00010969788822953565,192.0,,,,0.5,False
tail_b1.0_mu0.8_c2.0,tail,200,oracle_beta_c2.0,28.0,0.058479320764541626,0.0017130682415164601,28.0,,,,1.0,False
tail_b1.0_mu0.8_c2.0,tail,200,oracle_beta_c3.0,42.0,0.05857286500930786,0.0017721782150802604,42.0,,,,1.0,False
tail_b0.5_mu1.0_c1.0,tail,1000,level_star,,0.0020740426182746887,0.00010575559402399756,113.856,0.5,4.0,2.0,0.5,False
tail_b0.5_mu1.0_c1.0,tail,1000,p3_star,,0.0026338765025138854,0.0001410202317577766,240.0,0.5,7.5846201147,,0.5,False
tail_b1.0_mu0.8_c1.0,tail,1000,oracle_beta_c0.5,16.0,0.05818591302633286,0.0017028145339026389,16.0,,,,1.0,False
tail_b1.0_mu0.8_c1.0,tail,1000,oracle_beta_c0.75,24.0,0.04397479498386383,0.0013036038197498964,24.0,,,,1.0,False
tail_b1.0_mu0.8_c1.0,tail,1000,oracle_beta_c1.0,32.0,0.03755204051733017,0.0010966710491031083,32.0,,,,1.0,False
tail_b1.0_mu0.8_c1.0,tail,1000,oracle_beta_c1.5,47.0,0.029837069690227508,0.0008515272468299453,47.0,,,,1.0,False
tail_b1.0_mu0.9_c1.0,tail,200,ceiling,48.0,0.04987019491195679,0.0016650055913035307,48.0,,,,1.0,False
tail_b1.0_mu0.9_c1.0,tail,200,pooled_K,48.0,0.04987019491195679,0.0016650055913035307,48.0,,,,1.0,False
tail_b1.0_mu0.9_c1.0,tail,200,oracle_beta_c0.5,7.0,0.12183002555370331,0.003516318117689344,7.0,,,,1.0,False
tail_b1.0_mu0.9_c1.0,tail,200,oracle_beta_c0.75,11.0,0.08713242772221565,0.0026076139305235037,11.0,,,,1.0,False
tail_b1.0_mu0.9_c1.0,tail,200,level_star,,0.04870373636484146,0.0015974723063102664,48.342,0.5,3.0,2.0,1.0,False
tail_b1.0_mu0.9_c1.0,tail,200,p3_star,,0.0510114181637764,0.0016716414564927895,76.0,0.3333333333333333,12.9269291522,,1.0,False
tail_b0.5_mu1.0_c2.0,tail,1000,level_star,,0.0020722026228904723,0.00010023599457946533,96.326,0.5,4.0,2.0,0.5,False
tail_b0.5_mu1.0_c2.0,tail,1000,p3_star,,0.0024604780673980714,0.00012349051261769073,240.0,0.5,7.5846201147,,0.5,False
tail_b1.0_mu0.8_c1.0,tail,1000,oracle_beta_c2.0,63.0,0.028096179366111754,0.0008283103257361715,63.0,,,,1.0,False
tail_b1.0_mu0.8_c1.0,tail,1000,oracle_beta_c3.0,95.0,0.028218665361404417,0.0008319597747233452,95.0,,,,1.0,False
tail_b1.0_mu0.8_c2.0,tail,1000,oracle_beta_c0.5,16.0,0.0363740781545639,0.0010379251652133342,16.0,,,,1.0,False
tail_b1.0_mu0.8_c2.0,tail,1000,oracle_beta_c0.75,24.0,0.028762381494045256,0.000805458677427339,24.0,,,,1.0,False
tail_b1.0_mu0.9_c1.0,tail,200,oracle_beta_c1.0,14.0,0.07465005624294281,0.0022477170094406963,14.0,,,,1.0,False
tail_b1.0_mu0.9_c1.0,tail,200,oracle_beta_c1.5,21.0,0.06135519248247147,0.0019084750451094645,21.0,,,,1.0,False
tail_b1.0_mu0.9_c1.0,tail,200,oracle_beta_c2.0,28.0,0.05473837012052536,0.0017134323308546644,28.0,,,,1.0,False
tail_b1.0_mu0.9_c1.0,tail,200,oracle_beta_c3.0,42.0,0.05113283425569534,0.001701239512720058,42.0,,,,1.0,False
tail_b1.0_mu0.8_c2.0,tail,1000,oracle_beta_c1.0,32.0,0.027253205299377442,0.0007649539133215408,32.0,,,,1.0,False
tail_b1.0_mu0.8_c2.0,tail,1000,oracle_beta_c1.5,47.0,0.026630229592323303,0.0007627253198866908,47.0,,,,1.0,False
tail_b1.0_mu0.8_c1.0,tail,1000,ceiling,96.0,0.028025545239448547,0.0008200523730757786,96.0,,,,1.0,False
tail_b1.0_mu0.8_c1.0,tail,1000,pooled_K,192.0,0.03427730959653855,0.001085785638936543,192.0,,,,1.0,False
tail_b1.0_mu0.9_c2.0,tail,200,oracle_beta_c0.5,7.0,0.06964552611112594,0.002058803264749242,7.0,,,,1.0,False
tail_b1.0_mu0.9_c2.0,tail,200,oracle_beta_c0.75,11.0,0.05517690765857697,0.0017013767109829827,11.0,,,,1.0,False
tail_b1.0_mu0.8_c2.0,tail,1000,oracle_beta_c2.0,63.0,0.02773751449584961,0.0008106034479054889,63.0,,,,1.0,False
tail_b1.0_mu0.8_c2.0,tail,1000,oracle_beta_c3.0,95.0,0.030162012875080108,0.0008959356042314402,95.0,,,,1.0,False
tail_b1.0_mu0.9_c2.0,tail,200,ceiling,48.0,0.047408058643341064,0.001492950250341158,48.0,,,,1.0,False
tail_b1.0_mu0.9_c2.0,tail,200,pooled_K,48.0,0.047408058643341064,0.001492950250341158,48.0,,,,1.0,False
tail_b1.0_mu0.8_c2.0,tail,1000,ceiling,64.0,0.027380837619304658,0.0007850454142025801,64.0,,,,1.0,False
tail_b1.0_mu0.8_c2.0,tail,1000,pooled_K,192.0,0.035078125834465027,0.0010904675859890866,192.0,,,,1.0,False
tail_b1.0_mu0.9_c2.0,tail,200,level_star,,0.047187499761581424,0.0014645549349464292,40.751,0.5,3.0,2.0,1.0,False
tail_b1.0_mu0.9_c2.0,tail,200,p3_star,,0.0566703771352768,0.0018083925282153825,76.0,0.3333333333333333,12.9269291522,,1.0,False
tail_b1.0_mu0.9_c2.0,tail,200,oracle_beta_c1.0,14.0,0.05233395957946777,0.0015940356597310328,14.0,,,,1.0,False
tail_b1.0_mu0.9_c2.0,tail,200,oracle_beta_c1.5,21.0,0.048025960326194765,0.0015355403957666588,21.0,,,,1.0,False
tail_b1.0_mu0.9_c1.0,tail,1000,oracle_beta_c0.5,16.0,0.06322986322641373,0.0018172619558763465,16.0,,,,1.0,False
tail_b1.0_mu0.9_c1.0,tail,1000,oracle_beta_c0.75,24.0,0.043760771214962,0.0012750835131583552,24.0,,,,1.0,False
tail_b1.0_mu0.9_c2.0,tail,200,oracle_beta_c2.0,28.0,0.04939678341150284,0.0015615359349031334,28.0,,,,1.0,False
tail_b1.0_mu0.9_c2.0,tail,200,oracle_beta_c3.0,42.0,0.047354666352272035,0.0014966060857510134,42.0,,,,1.0,False
tail_b1.0_mu0.9_c1.0,tail,1000,oracle_beta_c1.0,32.0,0.035928019523620604,0.0010375619023744258,32.0,,,,1.0,False
tail_b1.0_mu0.9_c1.0,tail,1000,oracle_beta_c1.5,47.0,0.02790680330991745,0.0008572659615738652,47.0,,,,1.0,False
tail_b1.0_mu1.0_c1.0,tail,200,ceiling,48.0,0.03262848538160324,0.0011809822933470427,48.0,,,,1.0,False
tail_b1.0_mu1.0_c1.0,tail,200,pooled_K,48.0,0.03262848538160324,0.0011809822933470427,48.0,,,,1.0,False
tail_b1.0_mu0.9_c1.0,tail,1000,oracle_beta_c2.0,63.0,0.024867742121219637,0.0007472388082050375,63.0,,,,1.0,False
tail_b1.0_mu0.9_c1.0,tail,1000,oracle_beta_c3.0,95.0,0.0237601261138916,0.0007009249528793408,95.0,,,,1.0,False
tail_b1.0_mu1.0_c1.0,tail,200,oracle_beta_c0.5,7.0,0.11997511631250382,0.0037063930090202014,7.0,,,,1.0,False
tail_b1.0_mu1.0_c1.0,tail,200,oracle_beta_c0.75,11.0,0.08412212064862251,0.002704379802621413,11.0,,,,1.0,False
tail_b1.0_mu1.0_c1.0,tail,200,level_star,,0.03249976271390915,0.001211334729147137,43.98,0.5,3.0,2.0,1.0,False
tail_b1.0_mu1.0_c1.0,tail,200,p3_star,,0.036914060413837435,0.0014640309615982145,76.0,0.3333333333333333,12.9269291522,,1.0,False
tail_b1.0_mu0.9_c2.0,tail,1000,oracle_beta_c0.5,16.0,0.0353679096698761,0.001030927558668716,16.0,,,,1.0,False
tail_b1.0_mu0.9_c2.0,tail,1000,oracle_beta_c0.75,24.0,0.027092239141464233,0.0007679637913807436,24.0,,,,1.0,False
tail_b1.0_mu0.8_c1.0,tail,1000,level_star,,0.030773515939712524,0.0009324857209801431,161.745,0.5,4.0,2.0,1.0,False
tail_b1.0_mu0.8_c1.0,tail,1000,p3_star,,0.03695129293203354,0.001138496623294816,240.0,0.5,7.5846201147,,1.0,False
tail_b1.0_mu0.9_c1.0,tail,1000,ceiling,96.0,0.023416433811187746,0.000690242048989115,96.0,,,,1.0,False
tail_b1.0_mu0.9_c1.0,tail,1000,pooled_K,192.0,0.02302453887462616,0.0007612642662263078,192.0,,,,1.0,False
tail_b1.0_mu1.0_c1.0,tail,200,oracle_beta_c1.0,14.0,0.0678353071808815,0.0022322888709223605,14.0,,,,1.0,False
tail_b1.0_mu1.0_c1.0,tail,200,oracle_beta_c1.5,21.0,0.05086986994743347,0.0018080104244667932,21.0,,,,1.0,False
tail_b1.0_mu1.0_c1.0,tail,200,oracle_beta_c2.0,28.0,0.040294584214687346,0.0015457128124848035,28.0,,,,1.0,False
tail_b1.0_mu1.0_c1.0,tail,200,oracle_beta_c3.0,42.0,0.03293872797489166,0.0012520996593889113,42.0,,,,1.0,False
tail_b1.0_mu0.9_c2.0,tail,1000,oracle_beta_c1.0,32.0,0.025305164873600006,0.0007473249491332732,32.0,,,,1.0,False
tail_b1.0_mu0.9_c2.0,tail,1000,oracle_beta_c1.5,47.0,0.023155655682086943,0.0006643543061381367,47.0,,,,1.0,False
tail_b1.0_mu0.8_c2.0,tail,1000,level_star,,0.033587799072265626,0.0010399310002169944,135.702,0.5,4.0,2.0,1.0,False
tail_b1.0_mu0.8_c2.0,tail,1000,p3_star,,0.0378198966383934,0.0011301691912507317,240.0,0.5,7.5846201147,,1.0,False
tail_b1.0_mu1.0_c2.0,tail,200,ceiling,32.0,0.02714205485582352,0.0009885816295759522,32.0,,,,1.0,False
tail_b1.0_mu1.0_c2.0,tail,200,pooled_K,48.0,0.029970275044441223,0.0010994267882399138,48.0,,,,1.0,False
tail_b1.0_mu0.9_c2.0,tail,1000,oracle_beta_c2.0,63.0,0.022975943624973297,0.000685431254319437,63.0,,,,1.0,False
tail_b1.0_mu0.9_c2.0,tail,1000,oracle_beta_c3.0,95.0,0.02398292225599289,0.0007502866397361502,95.0,,,,1.0,False
tail_b1.0_mu0.9_c2.0,tail,1000,ceiling,48.0,0.0232983233332634,0.0006744168884480716,48.0,,,,1.0,False
tail_b1.0_mu0.9_c2.0,tail,1000,pooled_K,192.0,0.028658784925937653,0.0009347064745232108,192.0,,,,1.0,False
tail_b1.0_mu1.0_c2.0,tail,200,oracle_beta_c0.5,7.0,0.06663888728618622,0.0020076464220903077,7.0,,,,1.0,False
tail_b1.0_mu1.0_c2.0,tail,200,oracle_beta_c0.75,11.0,0.047721730768680574,0.0015096698696123376,11.0,,,,1.0,False
tail_b1.0_mu1.0_c2.0,tail,200,level_star,,0.02794495111703873,0.001021772121022689,36.814,0.5,3.0,2.0,1.0,False
tail_b1.0_mu1.0_c2.0,tail,200,p3_star,,0.03747596180438995,0.0013077335502069455,76.0,0.3333333333333333,12.9269291522,,1.0,False
tail_b1.0_mu1.0_c2.0,tail,200,oracle_beta_c1.0,14.0,0.03978013664484024,0.0013204046299634669,14.0,,,,1.0,False
tail_b1.0_mu1.0_c2.0,tail,200,oracle_beta_c1.5,21.0,0.030027131021022797,0.001008580761073224,21.0,,,,1.0,False
tail_b1.0_mu1.0_c1.0,tail,1000,oracle_beta_c0.5,16.0,0.061354997456073763,0.0019044387648190614,16.0,,,,1.0,False
tail_b1.0_mu1.0_c1.0,tail,1000,oracle_beta_c0.75,24.0,0.04068755328655243,0.00126696638110322,24.0,,,,1.0,False
tail_b1.0_mu1.0_c2.0,tail,200,oracle_beta_c2.0,28.0,0.02714071959257126,0.000997993224061147,28.0,,,,1.0,False
tail_b1.0_mu1.0_c2.0,tail,200,oracle_beta_c3.0,42.0,0.027989964842796325,0.0010219444089719974,42.0,,,,1.0,False
tail_b1.0_mu1.0_c1.0,tail,1000,oracle_beta_c1.0,32.0,0.03232021480798721,0.0010154397273316994,32.0,,,,1.0,False
tail_b1.0_mu1.0_c1.0,tail,1000,oracle_beta_c1.5,47.0,0.02226379442214966,0.0007026440708525897,47.0,,,,1.0,False
tail_b2.0_mu0.8_c2.0,tail,200,ceiling,32.0,0.11434691832959652,0.0029120000929818714,32.0,,,,2.0,False
tail_b2.0_mu0.8_c2.0,tail,200,pooled_K,48.0,0.11790368661284446,0.0030666255032277706,48.0,,,,2.0,False
tail_b1.0_mu0.9_c1.0,tail,1000,level_star,,0.023057402014732362,0.0007419052483081522,144.553,0.5,4.0,2.0,1.0,False
tail_b1.0_mu0.9_c1.0,tail,1000,p3_star,,0.02540847623348236,0.0008149090698652731,240.0,0.5,7.5846201147,,1.0,False
tail_b1.0_mu1.0_c1.0,tail,1000,oracle_beta_c2.0,63.0,0.017098214745521544,0.0005399959280097859,63.0,,,,1.0,False
tail_b1.0_mu1.0_c1.0,tail,1000,oracle_beta_c3.0,95.0,0.012752029836177826,0.0004550722961478623,95.0,,,,1.0,False
tail_b2.0_mu0.8_c2.0,tail,200,oracle_beta_c0.5,17.0,0.12855997470021246,0.003066225996985197,17.0,,,,2.0,False
tail_b2.0_mu0.8_c2.0,tail,200,oracle_beta_c0.75,26.0,0.11929505795240403,0.0028987091833972355,26.0,,,,2.0,False
tail_b1.0_mu1.0_c2.0,tail,1000,oracle_beta_c0.5,16.0,0.03137211608886719,0.000953408251674486,16.0,,,,1.0,False
tail_b1.0_mu1.0_c2.0,tail,1000,oracle_beta_c0.75,24.0,0.021974477410316468,0.0007125253991984723,24.0,,,,1.0,False
tail_b2.0_mu0.8_c2.0,tail,200,level_star,,0.12140178427100182,0.003100595614312835,55.45,0.5,3.0,2.0,2.0,False
tail_b2.0_mu0.8_c2.0,tail,200,p3_star,,0.11819118228554726,0.003125261636330574,76.0,0.3333333333333333,12.9269291522,,2.0,False
tail_b2.0_mu0.8_c2.0,tail,200,oracle_beta_c1.0,34.0,0.1138638273626566,0.0029124691665633677,34.0,,,,2.0,False
tail_b2.0_mu0.8_c2.0,tail,200,oracle_beta_c1.5,51.0,0.11992363035678863,0.0031657383672221836,51.0,,,,2.0,False
tail_b1.0_mu1.0_c2.0,tail,1000,oracle_beta_c1.0,32.0,0.016147197782993318,0.000550991240797442,32.0,,,,1.0,False
tail_b1.0_mu1.0_c2.0,tail,1000,oracle_beta_c1.5,47.0,0.01209054321050644,0.00041194318628440593,47.0,,,,1.0,False
tail_b2.0_mu0.8_c2.0,tail,200,oracle_beta_c2.0,68.0,0.12170383730530739,0.0032326579446620533,68.0,,,,2.0,False
tail_b2.0_mu0.8_c2.0,tail,200,oracle_beta_c3.0,103.0,0.12557204280793666,0.003280528438214054,103.0,,,,2.0,False
tail_b1.0_mu0.9_c2.0,tail,1000,level_star,,0.02434441351890564,0.000765928328834507,120.166,0.5,4.0,2.0,1.0,False
tail_b1.0_mu0.9_c2.0,tail,1000,p3_star,,0.029822955906391144,0.0009669569464572311,240.0,0.5,7.5846201147,,1.0,False
tail_b1.0_mu1.0_c2.0,tail,1000,oracle_beta_c2.0,63.0,0.009319269001483917,0.0003216040143756956,63.0,,,,1.0,False
tail_b1.0_mu1.0_c2.0,tail,1000,oracle_beta_c3.0,95.0,0.008372594535350799,0.0003108327559632979,95.0,,,,1.0,False
tail_b1.0_mu1.0_c1.0,tail,1000,ceiling,192.0,0.008909936249256133,0.00034677530204518667,192.0,,,,1.0,False
tail_b1.0_mu1.0_c1.0,tail,1000,pooled_K,192.0,0.008909936249256133,0.00034677530204518667,192.0,,,,1.0,False
tail_b2.0_mu0.9_c1.0,tail,200,ceiling,64.0,0.10629989671707153,0.003210900814484168,64.0,,,,2.0,False
tail_b2.0_mu0.9_c1.0,tail,200,pooled_K,48.0,0.10793472421169281,0.003080245838190084,48.0,,,,2.0,False
tail_b2.0_mu0.9_c1.0,tail,200,oracle_beta_c0.5,17.0,0.15750957472622396,0.003788486792903726,17.0,,,,2.0,False
tail_b2.0_mu0.9_c1.0,tail,200,oracle_beta_c0.75,26.0,0.134427552908659,0.0034431904562238157,26.0,,,,2.0,False
tail_b2.0_mu0.9_c1.0,tail,200,oracle_beta_c1.0,34.0,0.11786634591221809,0.0032329120893938973,34.0,,,,2.0,False
tail_b2.0_mu0.9_c1.0,tail,200,oracle_beta_c1.5,51.0,0.1070337039232254,0.0031125997289655457,51.0,,,,2.0,False
tail_b1.0_mu1.0_c2.0,tail,1000,ceiling,128.0,0.007978332638740539,0.0003009323628223161,128.0,,,,1.0,False
tail_b1.0_mu1.0_c2.0,tail,1000,pooled_K,192.0,0.0082451052069664,0.0003099575175704959,192.0,,,,1.0,False
tail_b2.0_mu0.9_c1.0,tail,200,level_star,,0.10870824801921844,0.003240963873692097,58.334,0.5,3.0,2.0,2.0,False
tail_b2.0_mu0.9_c1.0,tail,200,p3_star,,0.10572041845321656,0.003257985388583341,76.0,0.3333333333333333,12.9269291522,,2.0,False
tail_b2.0_mu0.9_c1.0,tail,200,oracle_beta_c2.0,68.0,0.10797355984151363,0.003311327802285412,68.0,,,,2.0,False
tail_b2.0_mu0.9_c1.0,tail,200,oracle_beta_c3.0,103.0,0.10337487390637398,0.0031881661130832226,103.0,,,,2.0,False
tail_b1.0_mu1.0_c2.0,tail,1000,level_star,,0.008214326739311219,0.0003068862321684222,108.173,0.5,4.0,2.0,1.0,False
tail_b1.0_mu1.0_c2.0,tail,1000,p3_star,,0.009613327980041504,0.00034402685536478246,240.0,0.5,7.5846201147,,1.0,False
tail_b1.0_mu1.0_c1.0,tail,1000,level_star,,0.009991858065128326,0.00035794675103964724,128.961,0.5,4.0,2.0,1.0,False
tail_b1.0_mu1.0_c1.0,tail,1000,p3_star,,0.010034052729606628,0.0003998127056824724,240.0,0.5,7.5846201147,,1.0,False
tail_b2.0_mu0.8_c2.0,tail,1000,oracle_beta_c0.5,50.0,0.08030001440644265,0.001780754581454331,50.0,,,,2.0,False
tail_b2.0_mu0.8_c2.0,tail,1000,oracle_beta_c0.75,75.0,0.06966007030010224,0.0016274300103634625,75.0,,,,2.0,False
tail_b2.0_mu0.9_c2.0,tail,200,oracle_beta_c0.5,17.0,0.12840160617232324,0.002882018916596259,17.0,,,,2.0,False
tail_b2.0_mu0.9_c2.0,tail,200,oracle_beta_c0.75,26.0,0.11608570462465287,0.0029431647046203858,26.0,,,,2.0,False
tail_b2.0_mu0.9_c2.0,tail,200,ceiling,64.0,0.09890812191367149,0.002847267060482895,64.0,,,,2.0,False
tail_b2.0_mu0.9_c2.0,tail,200,pooled_K,48.0,0.1051289089024067,0.002930646172465541,48.0,,,,2.0,False
tail_b2.0_mu0.9_c2.0,tail,200,level_star,,0.10310763508081436,0.002935848592995755,50.46,0.5,3.0,2.0,2.0,False
tail_b2.0_mu0.9_c2.0,tail,200,p3_star,,0.09905220749974251,0.002862468184092972,76.0,0.3333333333333333,12.9269291522,,2.0,False
tail_b2.0_mu0.8_c2.0,tail,1000,ceiling,96.0,0.06461398932337761,0.0016017814862002017,96.0,,,,2.0,False
tail_b2.0_mu0.8_c2.0,tail,1000,pooled_K,192.0,0.06974225601553917,0.0017122427107806803,192.0,,,,2.0,False
tail_b2.0_mu0.8_c2.0,tail,1000,oracle_beta_c1.0,100.0,0.06522684469819069,0.001615111722500121,100.0,,,,2.0,False
tail_b2.0_mu0.8_c2.0,tail,1000,oracle_beta_c1.5,150.0,0.06476784878969193,0.0016092329981572547,150.0,,,,2.0,False
tail_b2.0_mu0.9_c2.0,tail,200,oracle_beta_c1.0,34.0,0.1081156986951828,0.0028373858736648874,34.0,,,,2.0,False
tail_b2.0_mu0.9_c2.0,tail,200,oracle_beta_c1.5,51.0,0.10216246274113655,0.002863836012473103,51.0,,,,2.0,False
tail_b2.0_mu0.9_c2.0,tail,200,oracle_beta_c2.0,68.0,0.09824453914165497,0.0028435187801984442,68.0,,,,2.0,False
tail_b2.0_mu0.9_c2.0,tail,200,oracle_beta_c3.0,103.0,0.10540606567263604,0.002930013654467038,103.0,,,,2.0,False
tail_b2.0_mu0.9_c1.0,tail,1000,oracle_beta_c0.5,50.0,0.10564833322167397,0.002263188253177893,50.0,,,,2.0,False
tail_b2.0_mu0.9_c1.0,tail,1000,oracle_beta_c0.75,75.0,0.08397777777910233,0.0019640424636688356,75.0,,,,2.0,False
tail_b2.0_mu0.9_c1.0,tail,1000,oracle_beta_c1.0,100.0,0.07113063359260559,0.00179857662219101,100.0,,,,2.0,False
tail_b2.0_mu0.9_c1.0,tail,1000,oracle_beta_c1.5,150.0,0.05990919387340546,0.001605563213862609,150.0,,,,2.0,False
tail_b2.0_mu1.0_c1.0,tail,200,ceiling,64.0,0.09232735139131545,0.0031021301415301195,64.0,,,,2.0,False
tail_b2.0_mu1.0_c1.0,tail,200,pooled_K,48.0,0.10118938583135605,0.003196288063808207,48.0,,,,2.0,False
tail_b2.0_mu0.9_c1.0,tail,1000,ceiling,192.0,0.05780966103076935,0.0016478507354893155,192.0,,,,2.0,False
tail_b2.0_mu0.9_c1.0,tail,1000,pooled_K,192.0,0.05780966103076935,0.0016478507354893155,192.0,,,,2.0,False
tail_b2.0_mu1.0_c1.0,tail,200,oracle_beta_c0.5,17.0,0.16485250183939934,0.003900414465705542,17.0,,,,2.0,False
tail_b2.0_mu1.0_c1.0,tail,200,oracle_beta_c0.75,26.0,0.13169614934921264,0.0034589265026165016,26.0,,,,2.0,False
tail_b2.0_mu0.8_c2.0,tail,1000,level_star,,0.06660189056396484,0.0016588696473010109,169.418,0.5,4.0,2.0,2.0,False
tail_b2.0_mu0.8_c2.0,tail,1000,p3_star,,0.07557955926656723,0.001852359597230293,240.0,0.5,7.5846201147,,2.0,False
tail_b2.0_mu0.8_c2.0,tail,1000,oracle_beta_c2.0,200.0,0.06988061517477036,0.001754163578149028,200.0,,,,2.0,False
tail_b2.0_mu0.8_c2.0,tail,1000,oracle_beta_c3.0,300.0,0.08555536663532257,0.002182652237646486,300.0,,,,2.0,False
tail_b2.0_mu1.0_c1.0,tail,200,level_star,,0.0978829007446766,0.0031599497916739135,52.776,0.5,3.0,2.0,2.0,False
tail_b2.0_mu1.0_c1.0,tail,200,p3_star,,0.08759657108783722,0.0029032528105281644,76.0,0.3333333333333333,12.9269291522,,2.0,False
tail_b2.0_mu1.0_c1.0,tail,200,oracle_beta_c1.0,34.0,0.11550714129209519,0.003240937026528474,34.0,,,,2.0,False
tail_b2.0_mu1.0_c1.0,tail,200,oracle_beta_c1.5,51.0,0.09946728247404099,0.003172865824239458,51.0,,,,2.0,False
tail_b2.0_mu0.9_c2.0,tail,1000,oracle_beta_c0.5,50.0,0.07698928874731063,0.0017092111389530817,50.0,,,,2.0,False
tail_b2.0_mu0.9_c2.0,tail,1000,oracle_beta_c0.75,75.0,0.06598099219799042,0.0015601250229671812,75.0,,,,2.0,False
tail_b2.0_mu1.0_c1.0,tail,200,oracle_beta_c2.0,68.0,0.08977142116427421,0.0029908866079613825,68.0,,,,2.0,False
tail_b2.0_mu1.0_c1.0,tail,200,oracle_beta_c3.0,103.0,0.0876678052842617,0.0029598259130972065,103.0,,,,2.0,False
tail_b2.0_mu1.0_c2.0,tail,200,ceiling,64.0,0.08593111264705658,0.0026980567613905464,64.0,,,,2.0,False
tail_b2.0_mu1.0_c2.0,tail,200,pooled_K,48.0,0.0841942448914051,0.0026234853772247775,48.0,,,,2.0,False
tail_b2.0_mu0.9_c2.0,tail,1000,oracle_beta_c1.0,100.0,0.059919775128364564,0.0014935527540048095,100.0,,,,2.0,False
tail_b2.0_mu0.9_c2.0,tail,1000,oracle_beta_c1.5,150.0,0.05791880565881729,0.0015642588797822397,150.0,,,,2.0,False
tail_b2.0_mu0.9_c1.0,tail,1000,oracle_beta_c2.0,200.0,0.05786648505926132,0.0015877296708498737,200.0,,,,2.0,False
tail_b2.0_mu0.9_c1.0,tail,1000,oracle_beta_c3.0,300.0,0.06435916596651077,0.001863500748523401,300.0,,,,2.0,False
tail_b2.0_mu0.9_c2.0,tail,1000,ceiling,256.0,0.058620383560657505,0.0015943158637252341,256.0,,,,2.0,False
tail_b2.0_mu0.9_c2.0,tail,1000,pooled_K,192.0,0.06096101838350296,0.0016345633186207573,192.0,,,,2.0,False
tail_b2.0_mu0.9_c1.0,tail,1000,level_star,,0.05915980356931686,0.001645516002244057,176.191,0.5,4.0,2.0,2.0,False
tail_b2.0_mu0.9_c1.0,tail,1000,p3_star,,0.061423679292201994,0.001729286344670273,240.0,0.5,7.5846201147,,2.0,False
tail_b2.0_mu1.0_c2.0,tail,200,oracle_beta_c0.5,17.0,0.12327519512176513,0.002931555150451585,17.0,,,,2.0,False
tail_b2.0_mu1.0_c2.0,tail,200,oracle_beta_c0.75,26.0,0.10356007182598113,0.0026719694498992,26.0,,,,2.0,False
tail_b2.0_mu1.0_c2.0,tail,200,oracle_beta_c1.0,34.0,0.09016689616441727,0.002518946028139637,34.0,,,,2.0,False
tail_b2.0_mu1.0_c2.0,tail,200,oracle_beta_c1.5,51.0,0.08433562350273133,0.002663652811529887,51.0,,,,2.0,False
tail_b2.0_mu1.0_c2.0,tail,200,level_star,,0.08490235903859139,0.0025881382925510474,45.659,0.5,3.0,2.0,2.0,False
tail_b2.0_mu1.0_c2.0,tail,200,p3_star,,0.09046741497516632,0.0028224182064019694,76.0,0.3333333333333333,12.9269291522,,2.0,False
tail_b2.0_mu1.0_c2.0,tail,200,oracle_beta_c2.0,68.0,0.08660039001703262,0.002792009750893558,68.0,,,,2.0,False
tail_b2.0_mu1.0_c2.0,tail,200,oracle_beta_c3.0,103.0,0.10332022774219513,0.00314503833224659,103.0,,,,2.0,False
tail_b2.0_mu1.0_c1.0,tail,1000,oracle_beta_c0.5,50.0,0.10173046952486038,0.00220959470562873,50.0,,,,2.0,False
tail_b2.0_mu1.0_c1.0,tail,1000,oracle_beta_c0.75,75.0,0.07655070996284485,0.0018252546339086852,75.0,,,,2.0,False
tail_b2.0_mu0.9_c2.0,tail,1000,level_star,,0.058842786490917204,0.0015938504830485707,150.901,0.5,4.0,2.0,2.0,False
tail_b2.0_mu0.9_c2.0,tail,1000,p3_star,,0.060779287815093994,0.0016425246791333381,240.0,0.5,7.5846201147,,2.0,False
tail_b2.0_mu0.9_c2.0,tail,1000,oracle_beta_c2.0,200.0,0.06179181236028671,0.001660938178857499,200.0,,,,2.0,False
tail_b2.0_mu0.9_c2.0,tail,1000,oracle_beta_c3.0,300.0,0.061411475002765656,0.0016652626065554895,300.0,,,,2.0,False
tail_b4.0_mu0.8_c2.0,tail,200,ceiling,128.0,0.16544210813939572,0.004037144671277736,128.0,,,,4.0,False
tail_b4.0_mu0.8_c2.0,tail,200,pooled_K,48.0,0.16218712617456912,0.0037643596610979846,48.0,,,,4.0,False
tail_b2.0_mu1.0_c1.0,tail,1000,oracle_beta_c1.0,100.0,0.06451723104715347,0.0016370150256522565,100.0,,,,2.0,False
tail_b2.0_mu1.0_c1.0,tail,1000,oracle_beta_c1.5,150.0,0.051630564153194426,0.0014946270457608145,150.0,,,,2.0,False
tail_b4.0_mu0.8_c2.0,tail,200,oracle_beta_c0.5,35.0,0.16544108260422946,0.0037114605330868067,35.0,,,,4.0,False
tail_b4.0_mu0.8_c2.0,tail,200,oracle_beta_c0.75,52.0,0.16636562187224627,0.0038387521070630793,52.0,,,,4.0,False
tail_b4.0_mu0.8_c2.0,tail,200,oracle_beta_c1.0,69.0,0.16266031361371278,0.003914507568218734,69.0,,,,4.0,False
tail_b4.0_mu0.8_c2.0,tail,200,oracle_beta_c1.5,104.0,0.17939907621592283,0.004234270449031209,104.0,,,,4.0,False
tail_b4.0_mu0.8_c2.0,tail,200,level_star,,0.1634965995773673,0.00396286076369383,66.566,0.5,3.0,2.0,4.0,False
tail_b4.0_mu0.8_c2.0,tail,200,p3_star,,0.1611523742750287,0.00390654177223495,76.0,0.3333333333333333,12.9269291522,,4.0,False
tail_b2.0_mu1.0_c2.0,tail,1000,oracle_beta_c0.5,50.0,0.07506127363443374,0.001634113429352264,50.0,,,,2.0,False
tail_b2.0_mu1.0_c2.0,tail,1000,oracle_beta_c0.75,75.0,0.05995392411947251,0.0014698239851073376,75.0,,,,2.0,False
tail_b2.0_mu1.0_c1.0,tail,1000,ceiling,400.0,0.034711179554462436,0.0012660897276658624,400.0,,,,2.0,False
tail_b2.0_mu1.0_c1.0,tail,1000,pooled_K,192.0,0.04469934666156769,0.0013974406296186287,192.0,,,,2.0,False
tail_b4.0_mu0.8_c2.0,tail,200,oracle_beta_c2.0,139.0,0.16475196763128042,0.004068071626803912,139.0,,,,4.0,False
tail_b4.0_mu0.8_c2.0,tail,200,oracle_beta_c3.0,200.0,0.33531163236498834,0.004944213658903618,200.0,,,,4.0,False
tail_b4.0_mu0.9_c2.0,tail,200,ceiling,48.0,0.165745482519269,0.00400564984414228,48.0,,,,4.0,False
tail_b4.0_mu0.9_c2.0,tail,200,pooled_K,48.0,0.165745482519269,0.00400564984414228,48.0,,,,4.0,False
tail_b2.0_mu1.0_c1.0,tail,1000,oracle_beta_c2.0,200.0,0.04447814005613327,0.0014204395578011684,200.0,,,,2.0,False
tail_b2.0_mu1.0_c1.0,tail,1000,oracle_beta_c3.0,300.0,0.03686770856380463,0.0012580449530975877,300.0,,,,2.0,False
tail_b2.0_mu1.0_c2.0,tail,1000,oracle_beta_c1.0,100.0,0.05223878103494644,0.0013443008643696404,100.0,,,,2.0,False
tail_b2.0_mu1.0_c2.0,tail,1000,oracle_beta_c1.5,150.0,0.045529054999351504,0.0012966705337591122,150.0,,,,2.0,False
tail_b2.0_mu1.0_c1.0,tail,1000,level_star,,0.050557170808315274,0.0014961880919533213,157.906,0.5,4.0,2.0,2.0,False
tail_b2.0_mu1.0_c1.0,tail,1000,p3_star,,0.04235101163387298,0.001393386990456079,240.0,0.5,7.5846201147,,2.0,False
tail_b2.0_mu1.0_c2.0,tail,1000,ceiling,256.0,0.03736849445104599,0.001237988201941211,256.0,,,,2.0,False
tail_b2.0_mu1.0_c2.0,tail,1000,pooled_K,192.0,0.04016499358415604,0.0012014258581201204,192.0,,,,2.0,False
tail_b4.0_mu0.9_c2.0,tail,200,oracle_beta_c0.5,35.0,0.1691763243600726,0.003994083580341917,35.0,,,,4.0,False
tail_b4.0_mu0.9_c2.0,tail,200,oracle_beta_c0.75,52.0,0.16419596035778522,0.004012730259859346,52.0,,,,4.0,False
tail_b4.0_mu0.9_c2.0,tail,200,level_star,,0.16521309787034988,0.0041024098664003954,61.433,0.5,3.0,2.0,4.0,False
tail_b4.0_mu0.9_c2.0,tail,200,p3_star,,0.1706673566326499,0.0042678645235608124,76.0,0.3333333333333333,12.9269291522,,4.0,False
tail_b4.0_mu0.9_c2.0,tail,200,oracle_beta_c1.0,69.0,0.1667221345677972,0.004202166597364441,69.0,,,,4.0,False
tail_b4.0_mu0.9_c2.0,tail,200,oracle_beta_c1.5,104.0,0.15736522505432368,0.004089625490341914,104.0,,,,4.0,False
tail_b4.0_mu0.9_c2.0,tail,200,oracle_beta_c2.0,139.0,0.1653545110821724,0.004201504700303476,139.0,,,,4.0,False
tail_b4.0_mu0.9_c2.0,tail,200,oracle_beta_c3.0,200.0,0.3862676966935396,0.005217424047159802,200.0,,,,4.0,False
tail_b2.0_mu1.0_c2.0,tail,1000,level_star,,0.046595578849315644,0.0013046557870684055,135.428,0.5,4.0,2.0,2.0,False
tail_b2.0_mu1.0_c2.0,tail,1000,p3_star,,0.038774564683437346,0.0012585514075307408,240.0,0.5,7.5846201147,,2.0,False
tail_b2.0_mu1.0_c2.0,tail,1000,oracle_beta_c2.0,200.0,0.039383945047855376,0.0012003941564162654,200.0,,,,2.0,False
tail_b2.0_mu1.0_c2.0,tail,1000,oracle_beta_c3.0,300.0,0.03792443597316742,0.00129871139486169,300.0,,,,2.0,False
tail_b4.0_mu0.8_c2.0,tail,1000,oracle_beta_c0.5,126.0,0.11860449500381946,0.002692973806459474,126.0,,,,4.0,False
tail_b4.0_mu0.8_c2.0,tail,1000,oracle_beta_c0.75,188.0,0.11341948263347149,0.002793355020686633,188.0,,,,4.0,False
tail_b4.0_mu0.8_c2.0,tail,1000,ceiling,192.0,0.11261783091723919,0.002780727477976569,192.0,,,,4.0,False
tail_b4.0_mu0.8_c2.0,tail,1000,pooled_K,192.0,0.11261783091723919,0.002780727477976569,192.0,,,,4.0,False
tail_b4.0_mu1.0_c1.0,tail,200,ceiling,96.0,0.15778656113147735,0.004519991473524794,96.0,,,,4.0,False
tail_b4.0_mu1.0_c1.0,tail,200,pooled_K,48.0,0.16967982560396194,0.004519765084674793,48.0,,,,4.0,False
tail_b4.0_mu1.0_c1.0,tail,200,level_star,,0.15944787180423736,0.004352499480207947,62.288,0.5,3.0,2.0,4.0,False
tail_b4.0_mu1.0_c1.0,tail,200,p3_star,,0.1665322419553995,0.004512981049240077,76.0,0.3333333333333333,12.9269291522,,4.0,False
tail_b4.0_mu1.0_c1.0,tail,200,oracle_beta_c0.5,35.0,0.18094879500567912,0.004407883620379712,35.0,,,,4.0,False
tail_b4.0_mu1.0_c1.0,tail,200,oracle_beta_c0.75,52.0,0.16632851625978948,0.004455673245122476,52.0,,,,4.0,False
tail_b4.0_mu1.0_c1.0,tail,200,oracle_beta_c1.0,69.0,0.16444599567353727,0.004474500279151894,69.0,,,,4.0,False
tail_b4.0_mu1.0_c1.0,tail,200,oracle_beta_c1.5,104.0,0.15482345463335515,0.004522021367873237,104.0,,,,4.0,False
tail_b4.0_mu1.0_c1.0,tail,200,oracle_beta_c2.0,139.0,0.15434499886631967,0.0045027313479761456,139.0,,,,4.0,False
tail_b4.0_mu1.0_c1.0,tail,200,oracle_beta_c3.0,200.0,0.4289933463819325,0.005936684457501755,200.0,,,,4.0,False
tail_b4.0_mu0.8_c2.0,tail,1000,oracle_beta_c1.0,251.0,0.1207156262844801,0.0030209848165777056,251.0,,,,4.0,False
tail_b4.0_mu0.8_c2.0,tail,1000,oracle_beta_c1.5,377.0,0.13838083273172377,0.0033079382676781265,377.0,,,,4.0,False
tail_b4.0_mu0.9_c2.0,tail,1000,oracle_beta_c0.5,126.0,0.11902342903614044,0.0028177545561245123,126.0,,,,4.0,False
tail_b4.0_mu0.9_c2.0,tail,1000,oracle_beta_c0.75,188.0,0.113556994587183,0.0028944612636550423,188.0,,,,4.0,False
tail_b4.0_mu0.9_c2.0,tail,1000,ceiling,256.0,0.11144608491659165,0.0029143903979095406,256.0,,,,4.0,False
tail_b4.0_mu0.9_c2.0,tail,1000,pooled_K,192.0,0.11206025651097298,0.0028684955294095917,192.0,,,,4.0,False
tail_b4.0_mu0.8_c2.0,tail,1000,level_star,,0.11289744605123997,0.0027662891837612925,211.297,0.5,4.0,2.0,4.0,False
tail_b4.0_mu0.8_c2.0,tail,1000,p3_star,,0.12149990768730641,0.0029637691582745374,240.0,0.5,7.5846201147,,4.0,False
tail_b4.0_mu1.0_c2.0,tail,200,ceiling,48.0,0.1577196148186922,0.004043014539615228,48.0,,,,4.0,False
tail_b4.0_mu1.0_c2.0,tail,200,pooled_K,48.0,0.1577196148186922,0.004043014539615228,48.0,,,,4.0,False
tail_b4.0_mu1.0_c2.0,tail,200,oracle_beta_c0.5,35.0,0.15892891405522824,0.003984140675746317,35.0,,,,4.0,False
tail_b4.0_mu1.0_c2.0,tail,200,oracle_beta_c0.75,52.0,0.15870466694235802,0.004132171511661603,52.0,,,,4.0,False
tail_b4.0_mu1.0_c2.0,tail,200,level_star,,0.15788256418704988,0.004165919526452295,56.076,0.5,3.0,2.0,4.0,False
tail_b4.0_mu1.0_c2.0,tail,200,p3_star,,0.1589420983195305,0.00424693204446494,76.0,0.3333333333333333,12.9269291522,,4.0,False
tail_b4.0_mu0.9_c2.0,tail,1000,oracle_beta_c1.0,251.0,0.10970713034272193,0.0029289115577043616,251.0,,,,4.0,False
tail_b4.0_mu0.9_c2.0,tail,1000,oracle_beta_c1.5,377.0,0.14292436516284943,0.00343815211445033,377.0,,,,4.0,False
tail_b4.0_mu1.0_c2.0,tail,200,oracle_beta_c1.0,69.0,0.16302463273704051,0.004287323349888592,69.0,,,,4.0,False
tail_b4.0_mu1.0_c2.0,tail,200,oracle_beta_c1.5,104.0,0.15438318380713462,0.004286082237912662,104.0,,,,4.0,False
tail_b4.0_mu0.9_c2.0,tail,1000,level_star,,0.11273457664251328,0.0029255626655282714,191.222,0.5,4.0,2.0,4.0,False
tail_b4.0_mu0.9_c2.0,tail,1000,p3_star,,0.11045457205176354,0.0028747647027494113,240.0,0.5,7.5846201147,,4.0,False
tail_b4.0_mu1.0_c2.0,tail,200,oracle_beta_c2.0,139.0,0.19186108484864234,0.004691714937617747,139.0,,,,4.0,False
tail_b4.0_mu1.0_c2.0,tail,200,oracle_beta_c3.0,200.0,0.41736818028986455,0.005115590414356845,200.0,,,,4.0,False
tail_b4.0_mu0.8_c2.0,tail,1000,oracle_beta_c2.0,502.0,0.15094129933416844,0.003543295717728483,502.0,,,,4.0,False
tail_b4.0_mu0.8_c2.0,tail,1000,oracle_beta_c3.0,754.0,0.1501189338862896,0.0035005950742145963,754.0,,,,4.0,False
tail_b4.0_mu1.0_c1.0,tail,1000,ceiling,256.0,0.10849969545006752,0.003101734163675347,256.0,,,,4.0,False
tail_b4.0_mu1.0_c1.0,tail,1000,pooled_K,192.0,0.11289504271745682,0.0030438314381429216,192.0,,,,4.0,False
tail_b4.0_mu1.0_c1.0,tail,1000,oracle_beta_c0.5,126.0,0.12980474573373796,0.003063650552291314,126.0,,,,4.0,False
tail_b4.0_mu1.0_c1.0,tail,1000,oracle_beta_c0.75,188.0,0.11252172392606735,0.0030188046776251022,188.0,,,,4.0,False
tail_b8.0_mu0.9_c2.0,tail,200,ceiling,64.0,0.17069747913163155,0.0038007323993358563,64.0,,,,8.0,False
tail_b8.0_mu0.9_c2.0,tail,200,pooled_K,48.0,0.16705780097842216,0.003647727058979114,48.0,,,,8.0,False
tail_b8.0_mu0.9_c2.0,tail,200,oracle_beta_c0.5,56.0,0.17234132701158525,0.0037109724261908538,56.0,,,,8.0,False
tail_b8.0_mu0.9_c2.0,tail,200,oracle_beta_c0.75,83.0,0.17157251636870205,0.0037922637828243237,83.0,,,,8.0,False
tail_b8.0_mu0.9_c2.0,tail,200,level_star,,0.16741912120301278,0.0037867739307974285,69.842,0.5,3.0,2.0,8.0,False
tail_b8.0_mu0.9_c2.0,tail,200,p3_star,,0.16804240705166013,0.003728924050132804,76.0,0.3333333333333333,12.9269291522,,8.0,False
tail_b8.0_mu0.9_c2.0,tail,200,oracle_beta_c1.0,111.0,0.18385548778995872,0.003971783564644681,111.0,,,,8.0,False
tail_b8.0_mu0.9_c2.0,tail,200,oracle_beta_c1.5,167.0,0.1756531749200076,0.003822360520410261,167.0,,,,8.0,False
tail_b4.0_mu1.0_c1.0,tail,1000,level_star,,0.11228934156894683,0.0030961610912414177,192.583,0.5,4.0,2.0,4.0,False
tail_b4.0_mu1.0_c1.0,tail,1000,p3_star,,0.1096470224559307,0.0030693099399649237,240.0,0.5,7.5846201147,,4.0,False
tail_b4.0_mu1.0_c1.0,tail,1000,oracle_beta_c1.0,251.0,0.10879298084974288,0.003109186090323832,251.0,,,,4.0,False
tail_b4.0_mu1.0_c1.0,tail,1000,oracle_beta_c1.5,377.0,0.12239161595702171,0.0033837116148272084,377.0,,,,4.0,False
tail_b8.0_mu0.9_c2.0,tail,200,oracle_beta_c2.0,200.0,0.27844585506338626,0.0038429372051240413,200.0,,,,8.0,False
tail_b8.0_mu0.9_c2.0,tail,200,oracle_beta_c3.0,200.0,0.27844585506338626,0.0038429372051240413,200.0,,,,8.0,False
tail_b4.0_mu0.9_c2.0,tail,1000,oracle_beta_c2.0,502.0,0.1321177726686001,0.003405422498427429,502.0,,,,4.0,False
tail_b4.0_mu0.9_c2.0,tail,1000,oracle_beta_c3.0,754.0,0.16920349054038525,0.0037640561846671444,754.0,,,,4.0,False
tail_b4.0_mu1.0_c2.0,tail,1000,oracle_beta_c0.5,126.0,0.11825751885771751,0.0028868762716301164,126.0,,,,4.0,False
tail_b4.0_mu1.0_c2.0,tail,1000,oracle_beta_c0.75,188.0,0.10673396989703178,0.002823342214601211,188.0,,,,4.0,False
tail_b8.0_mu1.0_c1.0,tail,200,ceiling,48.0,0.17630778494477273,0.0039929332497923116,48.0,,,,8.0,False
tail_b8.0_mu1.0_c1.0,tail,200,pooled_K,48.0,0.17630778494477273,0.0039929332497923116,48.0,,,,8.0,False
tail_b4.0_mu1.0_c2.0,tail,1000,ceiling,400.0,0.10601211631298066,0.003053052021517898,400.0,,,,4.0,False
tail_b4.0_mu1.0_c2.0,tail,1000,pooled_K,192.0,0.10743895950913429,0.002833352424750086,192.0,,,,4.0,False
tail_b8.0_mu1.0_c1.0,tail,200,level_star,,0.17457552464492618,0.004001010217940684,68.232,0.5,3.0,2.0,8.0,False
tail_b8.0_mu1.0_c1.0,tail,200,p3_star,,0.1744813175816089,0.004015301813210216,76.0,0.3333333333333333,12.9269291522,,8.0,False
tail_b8.0_mu1.0_c1.0,tail,200,oracle_beta_c0.5,56.0,0.1815253667794168,0.004049073415217877,56.0,,,,8.0,False
tail_b8.0_mu1.0_c1.0,tail,200,oracle_beta_c0.75,83.0,0.18016599174030126,0.004144418558059522,83.0,,,,8.0,False
tail_b4.0_mu1.0_c2.0,tail,1000,oracle_beta_c1.0,251.0,0.10821017697453499,0.0029152919232491477,251.0,,,,4.0,False
tail_b4.0_mu1.0_c2.0,tail,1000,oracle_beta_c1.5,377.0,0.10807010716199875,0.0031216129242121024,377.0,,,,4.0,False
tail_b8.0_mu1.0_c1.0,tail,200,oracle_beta_c1.0,111.0,0.184475231917575,0.004210482261758296,111.0,,,,8.0,False
tail_b8.0_mu1.0_c1.0,tail,200,oracle_beta_c1.5,167.0,0.18845252521149813,0.004189106456425309,167.0,,,,8.0,False
tail_b4.0_mu1.0_c2.0,tail,1000,level_star,,0.1049791571199894,0.00275867026284216,171.69,0.5,4.0,2.0,4.0,False
tail_b4.0_mu1.0_c2.0,tail,1000,p3_star,,0.10911530351638794,0.0029068140227519914,240.0,0.5,7.5846201147,,4.0,False
tail_b8.0_mu1.0_c1.0,tail,200,oracle_beta_c2.0,200.0,0.3150397960590199,0.0043350365900063255,200.0,,,,8.0,False
tail_b8.0_mu1.0_c1.0,tail,200,oracle_beta_c3.0,200.0,0.3150397960590199,0.0043350365900063255,200.0,,,,8.0,False
tail_b8.0_mu0.9_c2.0,tail,1000,ceiling,256.0,0.14840409149229528,0.003330556591370949,256.0,,,,8.0,False
tail_b8.0_mu0.9_c2.0,tail,1000,pooled_K,192.0,0.14825902941823005,0.003378703617441387,192.0,,,,8.0,False
tail_b4.0_mu1.0_c1.0,tail,1000,oracle_beta_c2.0,502.0,0.11036691647768021,0.0032766160871969207,502.0,,,,4.0,False
tail_b4.0_mu1.0_c1.0,tail,1000,oracle_beta_c3.0,754.0,0.142133024379611,0.0039048599524077504,754.0,,,,4.0,False
tail_b8.0_mu1.0_c2.0,tail,200,ceiling,32.0,0.1881499910131097,0.0038795150305702534,32.0,,,,8.0,False
tail_b8.0_mu1.0_c2.0,tail,200,pooled_K,48.0,0.18138270074129104,0.00404289570817659,48.0,,,,8.0,False
tail_b8.0_mu1.0_c2.0,tail,200,level_star,,0.18045558270066978,0.003976712253262835,64.529,0.5,3.0,2.0,8.0,False
tail_b8.0_mu1.0_c2.0,tail,200,p3_star,,0.19756312268972398,0.00419359608488248,76.0,0.3333333333333333,12.9269291522,,8.0,False
tail_b8.0_mu1.0_c2.0,tail,200,oracle_beta_c0.5,56.0,0.1754749016314745,0.003926613643626966,56.0,,,,8.0,False
tail_b8.0_mu1.0_c2.0,tail,200,oracle_beta_c0.75,83.0,0.20953038020431997,0.004192223820441276,83.0,,,,8.0,False
tail_b8.0_mu0.9_c2.0,tail,1000,oracle_beta_c0.5,232.0,0.14480646267533304,0.0033624770628738233,232.0,,,,8.0,False
tail_b8.0_mu0.9_c2.0,tail,1000,oracle_beta_c0.75,348.0,0.16489472150802612,0.0035649735324931255,348.0,,,,8.0,False
tail_b8.0_mu0.9_c2.0,tail,1000,level_star,,0.14329113712161778,0.0033588200444819244,224.353,0.5,4.0,2.0,8.0,False
tail_b8.0_mu0.9_c2.0,tail,1000,p3_star,,0.14530191698670386,0.0033197832617942887,240.0,0.5,7.5846201147,,8.0,False
tail_b4.0_mu1.0_c2.0,tail,1000,oracle_beta_c2.0,502.0,0.11895886757969856,0.0033084056663733115,502.0,,,,4.0,False
tail_b4.0_mu1.0_c2.0,tail,1000,oracle_beta_c3.0,754.0,0.1758119303584099,0.004112921061039377,754.0,,,,4.0,False
tail_b8.0_mu1.0_c2.0,tail,200,oracle_beta_c1.0,111.0,0.1943313463628292,0.004187307202302667,111.0,,,,8.0,False
tail_b8.0_mu1.0_c2.0,tail,200,oracle_beta_c1.5,167.0,0.21231149363517762,0.004442360945302496,167.0,,,,8.0,False
tail_b8.0_mu1.0_c1.0,tail,1000,ceiling,192.0,0.1562123055458069,0.0036093380846603817,192.0,,,,8.0,False
tail_b8.0_mu1.0_c1.0,tail,1000,pooled_K,192.0,0.1562123055458069,0.0036093380846603817,192.0,,,,8.0,False
tail_b8.0_mu1.0_c2.0,tail,200,oracle_beta_c2.0,200.0,0.3335840509310365,0.004038397009656115,200.0,,,,8.0,False
tail_b8.0_mu1.0_c2.0,tail,200,oracle_beta_c3.0,200.0,0.3335840509310365,0.004038397009656115,200.0,,,,8.0,False
tail_b8.0_mu0.9_c2.0,tail,1000,oracle_beta_c1.0,464.0,0.19546241389773786,0.003782297654884439,464.0,,,,8.0,False
tail_b8.0_mu0.9_c2.0,tail,1000,oracle_beta_c1.5,696.0,0.1803469543531537,0.0037264928434144395,696.0,,,,8.0,False
tail_b8.0_mu1.0_c1.0,tail,1000,oracle_beta_c0.5,232.0,0.15732276520133018,0.003597565924347488,232.0,,,,8.0,False
tail_b8.0_mu1.0_c1.0,tail,1000,oracle_beta_c0.75,348.0,0.15482751204073428,0.0036824061901913783,348.0,,,,8.0,False
tail_b8.0_mu1.0_c1.0,tail,1000,level_star,,0.15114269456267357,0.0035637543775215073,218.155,0.5,4.0,2.0,8.0,False
tail_b8.0_mu1.0_c1.0,tail,1000,p3_star,,0.16046303197741507,0.003697516852976494,240.0,0.5,7.5846201147,,8.0,False
tail_b8.0_mu1.0_c2.0,tail,1000,ceiling,192.0,0.14734594352543354,0.0033803941682153354,192.0,,,,8.0,False
tail_b8.0_mu1.0_c2.0,tail,1000,pooled_K,192.0,0.14734594352543354,0.0033803941682153354,192.0,,,,8.0,False
tail_b8.0_mu0.9_c2.0,tail,1000,oracle_beta_c2.0,928.0,0.2241688598804176,0.00403073807884729,928.0,,,,8.0,False
tail_b8.0_mu0.9_c2.0,tail,1000,oracle_beta_c3.0,1000.0,0.3637836013514025,0.0038200957582814844,1000.0,,,,8.0,False
tail_b8.0_mu1.0_c2.0,tail,1000,oracle_beta_c0.5,232.0,0.16103754994273187,0.0037663104357056904,232.0,,,,8.0,False
tail_b8.0_mu1.0_c2.0,tail,1000,oracle_beta_c0.75,348.0,0.17221105036884546,0.003926282047131906,348.0,,,,8.0,False
tail_b8.0_mu1.0_c1.0,tail,1000,oracle_beta_c1.0,464.0,0.18891141571104528,0.00410586800462984,464.0,,,,8.0,False
tail_b8.0_mu1.0_c1.0,tail,1000,oracle_beta_c1.5,696.0,0.17556466711312532,0.003971355733817741,696.0,,,,8.0,False
tail_b8.0_mu1.0_c2.0,tail,1000,level_star,,0.15452990826964377,0.003492710127281574,204.503,0.5,4.0,2.0,8.0,False
tail_b8.0_mu1.0_c2.0,tail,1000,p3_star,,0.1617096085548401,0.003770011639157524,240.0,0.5,7.5846201147,,8.0,False
tail_b8.0_mu1.0_c1.0,tail,1000,oracle_beta_c2.0,928.0,0.24314519000798465,0.004278427162982805,928.0,,,,8.0,False
tail_b8.0_mu1.0_c1.0,tail,1000,oracle_beta_c3.0,1000.0,0.41043324005277826,0.004103546087070589,1000.0,,,,8.0,False
tail_b8.0_mu1.0_c2.0,tail,1000,oracle_beta_c1.0,464.0,0.18576017420738936,0.004002194187507927,464.0,,,,8.0,False
tail_b8.0_mu1.0_c2.0,tail,1000,oracle_beta_c1.5,696.0,0.18941996090114116,0.004008346710684531,696.0,,,,8.0,False
mix_many_mediocre_rare_excellent,mixture,200,ceiling,64.0,0.09830305048823357,0.003630806645665834,64.0,,,,3.0,True
mix_many_mediocre_rare_excellent,mixture,200,pooled_K,48.0,0.10958069464564324,0.003764818496414513,48.0,,,,3.0,True
tail_b8.0_mu1.0_c2.0,tail,1000,oracle_beta_c2.0,928.0,0.26772177408635617,0.004313353500674106,928.0,,,,8.0,False
tail_b8.0_mu1.0_c2.0,tail,1000,oracle_beta_c3.0,1000.0,0.4060413405299187,0.0038012366724167355,1000.0,,,,8.0,False
mix_many_mediocre_rare_excellent,mixture,200,oracle_beta_c0.5,27.0,0.1420690079331398,0.003981335040048492,27.0,,,,3.0,True
mix_many_mediocre_rare_excellent,mixture,200,oracle_beta_c0.75,40.0,0.11738571330904961,0.00378508490555494,40.0,,,,3.0,True
mix_many_mediocre_rare_excellent,mixture,200,oracle_beta_c1.0,53.0,0.10651855051517486,0.003724538179320416,53.0,,,,3.0,True
mix_many_mediocre_rare_excellent,mixture,200,oracle_beta_c1.5,80.0,0.09822078916430474,0.0036297046168772443,80.0,,,,3.0,True
mix_many_mediocre_rare_excellent,mixture,200,level_star,,0.10754438135027886,0.0037234004466515018,46.932,0.5,3.0,2.0,3.0,True
mix_many_mediocre_rare_excellent,mixture,200,p3_star,,0.09586597567796708,0.003569914155426617,76.0,0.3333333333333333,12.9269291522,,3.0,True
mix_many_mediocre_rare_excellent,mixture,200,oracle_beta_c2.0,106.0,0.11915263384580613,0.004076858796705851,106.0,,,,3.0,True
mix_many_mediocre_rare_excellent,mixture,200,oracle_beta_c3.0,160.0,0.1923935799598694,0.0046972382183172465,160.0,,,,3.0,True
mix_many_mediocre_rare_excellent,mixture,1000,oracle_beta_c0.5,89.0,0.05340750312805176,0.0016544038711476606,89.0,,,,3.0,True
mix_many_mediocre_rare_excellent,mixture,1000,oracle_beta_c0.75,133.0,0.03987601244449616,0.0013444381599636017,133.0,,,,3.0,True
mix_bulk_half_tiny_cluster_high,mixture,200,ceiling,64.0,0.07297195416688919,0.0038906052448024436,64.0,,,,10.0,True
mix_bulk_half_tiny_cluster_high,mixture,200,pooled_K,48.0,0.08302070555090904,0.00418014124499867,48.0,,,,10.0,True
mix_many_mediocre_rare_excellent,mixture,1000,ceiling,256.0,0.02845278364419937,0.0010301217738895132,256.0,,,,3.0,True
mix_many_mediocre_rare_excellent,mixture,1000,pooled_K,192.0,0.03135782945156097,0.0010800290343421436,192.0,,,,3.0,True
mix_many_mediocre_rare_excellent,mixture,1000,oracle_beta_c1.0,178.0,0.03201761424541474,0.0010855856962134279,178.0,,,,3.0,True
mix_many_mediocre_rare_excellent,mixture,1000,oracle_beta_c1.5,267.0,0.027315401136875153,0.0009521171126102627,267.0,,,,3.0,True
mix_bulk_half_tiny_cluster_high,mixture,200,oracle_beta_c0.5,62.0,0.07638562369346619,0.00401384903154068,62.0,,,,10.0,True
mix_bulk_half_tiny_cluster_high,mixture,200,oracle_beta_c0.75,93.0,0.07374992689490319,0.003966317014024653,93.0,,,,10.0,True
mix_bulk_half_tiny_cluster_high,mixture,200,level_star,,0.08252732104063035,0.0041734571075456375,47.233,0.5,3.0,2.0,10.0,True
mix_bulk_half_tiny_cluster_high,mixture,200,p3_star,,0.06912514966726303,0.0037119171340852007,76.0,0.3333333333333333,12.9269291522,,10.0,True
mix_bulk_half_tiny_cluster_high,mixture,200,oracle_beta_c1.0,124.0,0.12127216070890427,0.005223881332511788,124.0,,,,10.0,True
mix_bulk_half_tiny_cluster_high,mixture,200,oracle_beta_c1.5,185.0,0.29038355562090873,0.0059140194606314075,185.0,,,,10.0,True
mix_many_mediocre_rare_excellent,mixture,1000,level_star,,0.03839872354269028,0.0013115733491970258,138.831,0.5,4.0,2.0,3.0,True
mix_many_mediocre_rare_excellent,mixture,1000,p3_star,,0.029380106627941133,0.001027140371166629,240.0,0.5,7.5846201147,,3.0,True
mix_many_mediocre_rare_excellent,mixture,1000,oracle_beta_c2.0,356.0,0.027832634031772614,0.0010591417466871659,356.0,,,,3.0,True
mix_many_mediocre_rare_excellent,mixture,1000,oracle_beta_c3.0,533.0,0.041252162635326384,0.0017085759460421669,533.0,,,,3.0,True
mix_bulk_half_tiny_cluster_high,mixture,200,oracle_beta_c2.0,200.0,0.4029665011763573,0.0036852665023065973,200.0,,,,10.0,True
mix_bulk_half_tiny_cluster_high,mixture,200,oracle_beta_c3.0,200.0,0.4029665011763573,0.0036852665023065973,200.0,,,,10.0,True
mix_broad_low_narrow_high,mixture,200,ceiling,64.0,0.05257626473903656,0.0014104710988428729,64.0,,,,8.0,True
mix_broad_low_narrow_high,mixture,200,pooled_K,48.0,0.05313343805074692,0.0014938379588529387,48.0,,,,8.0,True
mix_broad_low_narrow_high,mixture,200,oracle_beta_c0.5,56.0,0.05264006409049034,0.0014568472371677083,56.0,,,,8.0,True
mix_broad_low_narrow_high,mixture,200,oracle_beta_c0.75,83.0,0.05347883182764053,0.0014614250066562117,83.0,,,,8.0,True
mix_broad_low_narrow_high,mixture,200,level_star,,0.052556962937116626,0.0014581349000279149,49.941,0.5,3.0,2.0,8.0,True
mix_broad_low_narrow_high,mixture,200,p3_star,,0.05326064959168434,0.0014731525357041654,76.0,0.3333333333333333,12.9269291522,,8.0,True
mix_broad_low_narrow_high,mixture,200,oracle_beta_c1.0,111.0,0.06259562873840332,0.0017300046577702563,111.0,,,,8.0,True
mix_broad_low_narrow_high,mixture,200,oracle_beta_c1.5,167.0,0.09069001995027065,0.00298967699431654,167.0,,,,8.0,True
mix_broad_low_narrow_high,mixture,200,oracle_beta_c2.0,200.0,0.4075821135789156,0.008033955346602782,200.0,,,,8.0,True
mix_broad_low_narrow_high,mixture,200,oracle_beta_c3.0,200.0,0.4075821135789156,0.008033955346602782,200.0,,,,8.0,True
mix_bulk_half_tiny_cluster_high,mixture,1000,ceiling,256.0,0.027312591314315796,0.0006841462773636504,256.0,,,,10.0,True
mix_bulk_half_tiny_cluster_high,mixture,1000,pooled_K,192.0,0.028067911982536317,0.0008888163510429259,192.0,,,,10.0,True
mix_bulk_half_tiny_cluster_high,mixture,1000,level_star,,0.028287694811820984,0.0008261422754588028,139.93,0.5,4.0,2.0,10.0,True
mix_bulk_half_tiny_cluster_high,mixture,1000,p3_star,,0.027379235565662383,0.000680894711844868,240.0,0.5,7.5846201147,,10.0,True
mix_bulk_half_tiny_cluster_high,mixture,1000,oracle_beta_c0.5,267.0,0.02720472502708435,0.0006756653559440054,267.0,,,,10.0,True
mix_bulk_half_tiny_cluster_high,mixture,1000,oracle_beta_c0.75,400.0,0.03115100622177124,0.0007529496309459436,400.0,,,,10.0,True
mix_broad_low_narrow_high,mixture,1000,ceiling,192.0,0.04008967179059982,0.0009924374859545727,192.0,,,,8.0,True
mix_broad_low_narrow_high,mixture,1000,pooled_K,192.0,0.04008967179059982,0.0009924374859545727,192.0,,,,8.0,True
mix_bulk_half_tiny_cluster_high,mixture,1000,oracle_beta_c1.0,534.0,0.03625524255633354,0.001056755563595155,534.0,,,,10.0,True
mix_bulk_half_tiny_cluster_high,mixture,1000,oracle_beta_c1.5,801.0,0.053443616181612016,0.0023105887566778624,801.0,,,,10.0,True
mix_broad_low_narrow_high,mixture,1000,oracle_beta_c0.5,232.0,0.040647873938083647,0.0010202663927783482,232.0,,,,8.0,True
mix_broad_low_narrow_high,mixture,1000,oracle_beta_c0.75,348.0,0.04439470171928406,0.00104242169419172,348.0,,,,8.0,True
mix_bulk_half_tiny_cluster_high,mixture,1000,oracle_beta_c2.0,1000.0,0.419042108386755,0.0037859943177701682,1000.0,,,,10.0,True
mix_bulk_half_tiny_cluster_high,mixture,1000,oracle_beta_c3.0,1000.0,0.419042108386755,0.0037859943177701682,1000.0,,,,10.0,True
mix_broad_low_narrow_high,mixture,1000,level_star,,0.040746968090534214,0.0009496120276073342,149.03,0.5,4.0,2.0,8.0,True
mix_broad_low_narrow_high,mixture,1000,p3_star,,0.041539023339748384,0.0010517955116203061,240.0,0.5,7.5846201147,,8.0,True
mix_broad_low_narrow_high,mixture,1000,oracle_beta_c1.0,464.0,0.052546217918396,0.0011552054815484828,464.0,,,,8.0,True
mix_broad_low_narrow_high,mixture,1000,oracle_beta_c1.5,696.0,0.061258970439434055,0.001318857110104526,696.0,,,,8.0,True
mix_broad_low_narrow_high,mixture,1000,oracle_beta_c2.0,928.0,0.08438603885471821,0.001974936602291498,928.0,,,,8.0,True
mix_broad_low_narrow_high,mixture,1000,oracle_beta_c3.0,1000.0,0.4249008540585637,0.00787458870928314,1000.0,,,,8.0,True
