test,source,posthoc,variant,policy,tau,heldout_T,n_cells,regret,regret_lo,regret_hi,search_frac
A,validation,False,all71_k16,,0.3,False,40,0.11446696947473098,,,0.34439303189012827
A,validation,False,all71_k16,,0.4,False,40,0.10968951232100368,,,0.29018666206947274
A,validation,False,all71_k16,,0.5,False,40,0.10905452901630193,,,0.2500806614435926
A,validation,False,all71_k16,,0.6,False,40,0.11028442563877902,,,0.21345329884920278
A,validation,False,all71_k16,,0.7,False,40,0.11593928420877778,,,0.15784841382352166
A,validation,False,clock_k16,,0.3,False,40,0.11383354004656425,,,0.35981465629746695
A,validation,False,clock_k16,,0.4,False,40,0.11216309458453902,,,0.2844487523601344
A,validation,False,clock_k16,,0.5,False,40,0.1148983965576393,,,0.16334491834752246
A,validation,False,clock_k16,,0.6,False,40,0.12143156241278627,,,0.1407575993746613
A,validation,False,clock_k16,,0.7,False,40,0.13236633181718638,,,0.12831987251532015
A,validation,False,clock_quality_cs_k16,,0.3,False,40,0.1134100540634128,,,0.33938137449989947
A,validation,False,clock_quality_cs_k16,,0.4,False,40,0.10975249826571667,,,0.28581823287961494
A,validation,False,clock_quality_cs_k16,,0.5,False,40,0.10911313442236274,,,0.24368678414093728
A,validation,False,clock_quality_cs_k16,,0.6,False,40,0.11058162996403405,,,0.2080058762437238
A,validation,False,clock_quality_cs_k16,,0.7,False,40,0.11569704180347029,,,0.1592741815227716
A,validation,False,clock_quality_evidence_k1,,0.3,False,40,0.10974320770134213,,,0.3275070457532493
A,validation,False,clock_quality_evidence_k1,,0.4,False,40,0.10823599428688171,,,0.281104954045354
A,validation,False,clock_quality_evidence_k1,,0.5,False,40,0.1088400998832512,,,0.22215809837126618
A,validation,False,clock_quality_evidence_k1,,0.6,False,40,0.11528108452612065,,,0.1515150031685437
A,validation,False,clock_quality_evidence_k1,,0.7,False,40,0.16364865434248782,,,0.06618109890813928
A,validation,False,clock_quality_evidence_k16,,0.3,False,40,0.1133657646905514,,,0.33910641057493557
A,validation,False,clock_quality_evidence_k16,,0.4,False,40,0.10979302449933018,,,0.2859344563386956
A,validation,False,clock_quality_evidence_k16,,0.5,False,40,0.10907609183771998,,,0.2437849526964208
A,validation,False,clock_quality_evidence_k16,,0.6,False,40,0.11058724099441893,,,0.20797955675304375
A,validation,False,clock_quality_evidence_k16,,0.7,False,40,0.11566490220787233,,,0.1593301291346405
A,validation,False,clock_quality_evidence_k16_famA_only,,0.3,False,40,0.11054052781790955,,,0.3177874041845006
A,validation,False,clock_quality_evidence_k16_famA_only,,0.4,False,40,0.10974852764320091,,,0.2764764682949933
A,validation,False,clock_quality_evidence_k16_famA_only,,0.5,False,40,0.11008548609286076,,,0.2426604908415803
A,validation,False,clock_quality_evidence_k16_famA_only,,0.6,False,40,0.10969933342036087,,,0.20495142693162136
A,validation,False,clock_quality_evidence_k16_famA_only,,0.7,False,40,0.11285919767691519,,,0.17180217255387348
A,validation,False,clock_quality_evidence_k16_famB_only,,0.3,False,40,0.11500879092444663,,,0.34402494283632495
A,validation,False,clock_quality_evidence_k16_famB_only,,0.4,False,40,0.10979773843659783,,,0.2836823550454583
A,validation,False,clock_quality_evidence_k16_famB_only,,0.5,False,40,0.10931615657939105,,,0.2436059190603304
A,validation,False,clock_quality_evidence_k16_famB_only,,0.6,False,40,0.11112945194707713,,,0.20734160212968272
A,validation,False,clock_quality_evidence_k16_famB_only,,0.7,False,40,0.11667260506727031,,,0.15564851386166384
A,validation,False,clock_quality_evidence_k16_hgb,,0.3,False,40,0.1182112486202735,,,0.36554435120573336
A,validation,False,clock_quality_evidence_k16_hgb,,0.4,False,40,0.11352294176741266,,,0.3373430644259611
A,validation,False,clock_quality_evidence_k16_hgb,,0.5,False,40,0.11077485450964883,,,0.28736894802263696
A,validation,False,clock_quality_evidence_k16_hgb,,0.6,False,40,0.11109758364558216,,,0.21077384526773352
A,validation,False,clock_quality_evidence_k16_hgb,,0.7,False,40,0.11656154786091062,,,0.1529931314457254
A,validation,False,clock_quality_evidence_k16_lucb,,0.3,False,40,0.11380433509609425,,,0.34263266289404504
A,validation,False,clock_quality_evidence_k16_lucb,,0.4,False,40,0.10993346549792911,,,0.2884655455688382
A,validation,False,clock_quality_evidence_k16_lucb,,0.5,False,40,0.1092852605844149,,,0.24542791142061882
A,validation,False,clock_quality_evidence_k16_lucb,,0.6,False,40,0.11081956759395539,,,0.2098008175426238
A,validation,False,clock_quality_evidence_k16_lucb,,0.7,False,40,0.11637491826753825,,,0.15419311720604129
A,validation,False,clock_quality_evidence_k16_noT1000,,0.3,False,32,0.1274524380070506,,,0.43990919444630716
A,validation,False,clock_quality_evidence_k16_noT1000,,0.3,True,8,0.09902628356218333,,,0.0621242484969939
A,validation,False,clock_quality_evidence_k16_noT1000,,0.4,False,32,0.1139907184569019,,,0.3438450324178594
A,validation,False,clock_quality_evidence_k16_noT1000,,0.4,True,8,0.09902628356218333,,,0.0621242484969939
A,validation,False,clock_quality_evidence_k16_noT1000,,0.5,False,32,0.11403498775917974,,,0.2983249354871558
A,validation,False,clock_quality_evidence_k16_noT1000,,0.5,True,8,0.09902628356218333,,,0.0621242484969939
A,validation,False,clock_quality_evidence_k16_noT1000,,0.6,False,32,0.11440008571096402,,,0.24135317475840276
A,validation,False,clock_quality_evidence_k16_noT1000,,0.6,True,8,0.09902628356218333,,,0.0621242484969939
A,validation,False,clock_quality_evidence_k16_noT1000,,0.7,False,32,0.12025414914352581,,,0.17848367666708886
A,validation,False,clock_quality_evidence_k16_noT1000,,0.7,True,8,0.09902628356218333,,,0.0621242484969939
A,validation,False,clock_quality_evidence_k16_noT200,,0.3,False,32,0.11613357626412468,,,0.3599353220209782
A,validation,False,clock_quality_evidence_k16_noT200,,0.3,True,8,0.10720442307740446,,,0.3131313131313131
A,validation,False,clock_quality_evidence_k16_noT200,,0.4,False,32,0.11180077773238005,,,0.29958583222505986
A,validation,False,clock_quality_evidence_k16_noT200,,0.4,True,8,0.1063217104747891,,,0.29322474747474747
A,validation,False,clock_quality_evidence_k16_noT200,,0.5,False,32,0.10974625623392054,,,0.26232955200212726
A,validation,False,clock_quality_evidence_k16_noT200,,0.5,True,8,0.10511569011956448,,,0.2305732323232323
A,validation,False,clock_quality_evidence_k16_noT200,,0.6,False,32,0.1122056868858926,,,0.2199938279969495
A,validation,False,clock_quality_evidence_k16_noT200,,0.6,True,8,0.10717679364979263,,,0.1936010101010101
A,validation,False,clock_quality_evidence_k16_noT200,,0.7,False,32,0.11572277604079861,,,0.17177867413172376
A,validation,False,clock_quality_evidence_k16_noT200,,0.7,True,8,0.11288620569370682,,,0.15847979797979794
A,validation,False,clock_quality_evidence_k16_noambig,,0.3,False,40,0.1185984162141103,,,0.3524289110902932
A,validation,False,clock_quality_evidence_k16_noambig,,0.4,False,40,0.10970933683308537,,,0.28294226916079407
A,validation,False,clock_quality_evidence_k16_noambig,,0.5,False,40,0.10975535369322165,,,0.24769483079881188
A,validation,False,clock_quality_evidence_k16_noambig,,0.6,False,40,0.11069248229383952,,,0.21029930422746773
A,validation,False,clock_quality_evidence_k16_noambig,,0.7,False,40,0.11537275371858846,,,0.1626875327186848
A,validation,False,clock_quality_evidence_k16_nopolicy,,0.3,False,40,0.11027954356863626,,,0.25283945530798024
A,validation,False,clock_quality_evidence_k16_nopolicy,,0.4,False,40,0.10966059679350579,,,0.21707782883921092
A,validation,False,clock_quality_evidence_k16_nopolicy,,0.5,False,40,0.11009956013626647,,,0.19566530937359336
A,validation,False,clock_quality_evidence_k16_nopolicy,,0.6,False,40,0.11104554859624474,,,0.1805431641520293
A,validation,False,clock_quality_evidence_k16_nopolicy,,0.7,False,40,0.11632574640358795,,,0.14657940068317926
A,validation,False,clock_quality_evidence_k16_notrunc,,0.3,False,40,0.10885529361085497,,,0.2869119249018784
A,validation,False,clock_quality_evidence_k16_notrunc,,0.4,False,40,0.108495342235337,,,0.2507334565448386
A,validation,False,clock_quality_evidence_k16_notrunc,,0.5,False,40,0.1095359799736179,,,0.21615353338901183
A,validation,False,clock_quality_evidence_k16_notrunc,,0.6,False,40,0.11018034952316662,,,0.19443180335680857
A,validation,False,clock_quality_evidence_k16_notrunc,,0.7,False,40,0.11608612623933001,,,0.15013192904823233
A,validation,False,clock_quality_evidence_k16_weighted,,0.3,False,40,0.12372618659655558,,,0.3842768702739666
A,validation,False,clock_quality_evidence_k16_weighted,,0.4,False,40,0.11449856011555526,,,0.3251255358080883
A,validation,False,clock_quality_evidence_k16_weighted,,0.5,False,40,0.1104214505351381,,,0.25953876522445307
A,validation,False,clock_quality_evidence_k16_weighted,,0.6,False,40,0.11690427084022663,,,0.19811963899112045
A,validation,False,clock_quality_evidence_k16_weighted,,0.7,False,40,0.1294983192280051,,,0.14162270369919258
A,validation,False,clock_quality_evidence_k4,,0.3,False,40,0.10861873609151221,,,0.3128507957532493
A,validation,False,clock_quality_evidence_k4,,0.4,False,40,0.10788331692458594,,,0.27310911620264117
A,validation,False,clock_quality_evidence_k4,,0.5,False,40,0.10876802341256694,,,0.22361999569354013
A,validation,False,clock_quality_evidence_k4,,0.6,False,40,0.11242160896658893,,,0.16914133920420232
A,validation,False,clock_quality_evidence_k4,,0.7,False,40,0.12416726108452418,,,0.11201040586356088
A,validation,False,clock_quality_k16,,0.3,False,40,0.11379621929040873,,,0.3406223454337275
A,validation,False,clock_quality_k16,,0.4,False,40,0.10964967541022919,,,0.2821900840443233
A,validation,False,clock_quality_k16,,0.5,False,40,0.10912759829058774,,,0.23938677731089605
A,validation,False,clock_quality_k16,,0.6,False,40,0.11108816093580094,,,0.1965282943660628
A,validation,False,clock_quality_k16,,0.7,False,40,0.11739956998340781,,,0.1460034793138494
A,validation,False,clock_sf_quality_cs_k16,,0.3,False,40,0.11204028222187186,,,0.32877697334549827
A,validation,False,clock_sf_quality_cs_k16,,0.4,False,40,0.10925292045383246,,,0.281004431601528
A,validation,False,clock_sf_quality_cs_k16,,0.5,False,40,0.11001549289308019,,,0.2458320531912314
A,validation,False,clock_sf_quality_cs_k16,,0.6,False,40,0.11157500009704377,,,0.20140135349642135
A,validation,False,clock_sf_quality_cs_k16,,0.7,False,40,0.11781027751889775,,,0.14634808146791575
A,validation,False,clock_sf_quality_cs_k16_noT1000,,0.3,False,32,0.1181910454244207,,,0.41872273804556503
A,validation,False,clock_sf_quality_cs_k16_noT1000,,0.3,True,8,0.09903082858026022,,,0.0621242484969939
A,validation,False,clock_sf_quality_cs_k16_noT1000,,0.4,False,32,0.11327487109367207,,,0.348075490738464
A,validation,False,clock_sf_quality_cs_k16_noT1000,,0.4,True,8,0.09903062555193895,,,0.0621242484969939
A,validation,False,clock_sf_quality_cs_k16_noT1000,,0.5,False,32,0.1128581783760746,,,0.2896427107626548
A,validation,False,clock_sf_quality_cs_k16_noT1000,,0.5,True,8,0.09903209953010077,,,0.061997995991983884
A,validation,False,clock_sf_quality_cs_k16_noT1000,,0.6,False,32,0.11468251778323606,,,0.2344196259372679
A,validation,False,clock_sf_quality_cs_k16_noT1000,,0.6,True,8,0.09968194037675852,,,0.05602705410821637
A,validation,False,clock_sf_quality_cs_k16_noT1000,,0.7,False,32,0.12182254658565211,,,0.17554121262415145
A,validation,False,clock_sf_quality_cs_k16_noT1000,,0.7,True,8,0.10225928293913598,,,0.04782164328657308
A,validation,False,legacy_E_k16_weighted,,0.3,False,40,0.1293638500082772,,,0.3985973093586915
A,validation,False,legacy_E_k16_weighted,,0.4,False,40,0.11717837773808273,,,0.3431001096756054
A,validation,False,legacy_E_k16_weighted,,0.5,False,40,0.11183160602197746,,,0.2731081302551406
A,validation,False,legacy_E_k16_weighted,,0.6,False,40,0.11674184014098717,,,0.20374517687696483
A,validation,False,legacy_E_k16_weighted,,0.7,False,40,0.12801943052426207,,,0.14392574101194314
A,validation,False,phi_k16_onpolicy_only,,0.3,False,40,0.11770830266666596,,,0.360979766790562
A,validation,False,phi_k16_onpolicy_only,,0.4,False,40,0.11527298803608861,,,0.3292854504574838
A,validation,False,phi_k16_onpolicy_only,,0.5,False,40,0.11506578074803106,,,0.2750866466464457
A,validation,False,phi_k16_onpolicy_only,,0.6,False,40,0.12870525683878217,,,0.2405565513491908
A,validation,False,phi_k16_onpolicy_only,,0.7,False,40,0.1509292648971779,,,0.17666123237700657
A,validation,False,phi_k16_onpolicy_union,,0.3,False,40,0.1180403128512669,,,0.35491092510802147
A,validation,False,phi_k16_onpolicy_union,,0.4,False,40,0.10987432941495205,,,0.2917427123683802
A,validation,False,phi_k16_onpolicy_union,,0.5,False,40,0.10894158592841116,,,0.25483491171617334
A,validation,False,phi_k16_onpolicy_union,,0.6,False,40,0.11045341758776916,,,0.21396703455366764
A,validation,False,phi_k16_onpolicy_union,,0.7,False,40,0.1160826285221264,,,0.15969271287456727
A,validation,False,reservoir_rule,,0.125,False,40,0.12323256650924445,,,0.3018025755259653
A,validation,False,reservoir_rule,,0.25,False,40,0.12294130471528039,,,0.26503268861329077
A,validation,False,reservoir_rule,,0.5,False,40,0.12455272456845264,,,0.2181031115581546
A,validation,False,reservoir_rule,,1.0,False,40,0.13000784422336142,,,0.15738219425842936
A,validation,False,reservoir_rule,,2.0,False,40,0.13906585159855891,,,0.10160032255927483
A,validation,False,reservoir_rule,,4.0,False,40,0.15544252140074963,,,0.06322149027590199
A,validation,False,reservoir_rule,,8.0,False,40,0.17460761238595,,,0.041610627332252494
A,validation,False,reservoir_rule_k16,,0.3,False,40,0.12491537392432799,,,0.3935479896308003
A,validation,False,reservoir_rule_k16,,0.4,False,40,0.11941521709128278,,,0.3820680576580112
A,validation,False,reservoir_rule_k16,,0.5,False,40,0.11410738536379064,,,0.3178141093974364
A,validation,False,reservoir_rule_k16,,0.6,False,40,0.11634600330669195,,,0.21254662597430363
A,validation,False,reservoir_rule_k16,,0.7,False,40,0.13135419237341261,,,0.14323710845180232
A,test:A,True,clock_quality_evidence_k16,phi_k16,0.5,False,40,0.11010622074566165,0.10942440731538226,0.11078081610103255,0.24406416897402355
A,test:A,True,clock_quality_evidence_k16,phi_k16_tau05,0.5,False,40,0.11010622074566165,0.10942440731538226,0.11078081610103255,0.24406416897402355
