diagnostic,statistic,value,threshold,pass,study,score_cap,task_universe,manifest_sha256,tau_flat,calibration_sha256,n_boot,unregistered
1_extremes,drop2_regret_range_T200,0.007874999344348908,0.015,False,glk30,30,block_a,3f19367cbebe0fe08384572f788d8e90677a2041af72774e28d78435f9e8346f,0.019165515325428883,48b06726c6a1d566347c74602900bc571414dbf1cb2cfe27a26f0df80758c7d5,200,False
1_extremes,drop4_regret_range_T200,0.008120002269744873,,,glk30,30,block_a,3f19367cbebe0fe08384572f788d8e90677a2041af72774e28d78435f9e8346f,0.019165515325428883,48b06726c6a1d566347c74602900bc571414dbf1cb2cfe27a26f0df80758c7d5,200,False
1_extremes,drop2_tier,moderate,,,glk30,30,block_a,3f19367cbebe0fe08384572f788d8e90677a2041af72774e28d78435f9e8346f,0.019165515325428883,48b06726c6a1d566347c74602900bc571414dbf1cb2cfe27a26f0df80758c7d5,200,False
1_extremes,drop4_tier_top4_removed,moderate,,,glk30,30,block_a,3f19367cbebe0fe08384572f788d8e90677a2041af72774e28d78435f9e8346f,0.019165515325428883,48b06726c6a1d566347c74602900bc571414dbf1cb2cfe27a26f0df80758c7d5,200,False
2_loo_prompt,max_rel_change_tau_set_sq,0.21285128890697255,0.3,True,glk30,30,block_a,3f19367cbebe0fe08384572f788d8e90677a2041af72774e28d78435f9e8346f,0.019165515325428883,48b06726c6a1d566347c74602900bc571414dbf1cb2cfe27a26f0df80758c7d5,200,False
2_loo_prompt,argmax_prompt,GLK_11,,,glk30,30,block_a,3f19367cbebe0fe08384572f788d8e90677a2041af72774e28d78435f9e8346f,0.019165515325428883,48b06726c6a1d566347c74602900bc571414dbf1cb2cfe27a26f0df80758c7d5,200,False
3_loo_task,max_share_tau_set_sq,0.3390569324336469,0.3,False,glk30,30,block_a,3f19367cbebe0fe08384572f788d8e90677a2041af72774e28d78435f9e8346f,0.019165515325428883,48b06726c6a1d566347c74602900bc571414dbf1cb2cfe27a26f0df80758c7d5,200,False
3_loo_task,argmax_task,task_e3,,,glk30,30,block_a,3f19367cbebe0fe08384572f788d8e90677a2041af72774e28d78435f9e8346f,0.019165515325428883,48b06726c6a1d566347c74602900bc571414dbf1cb2cfe27a26f0df80758c7d5,200,False
3_loo_task,split_half_r_sb,,0.0,False,glk30,30,block_a,3f19367cbebe0fe08384572f788d8e90677a2041af72774e28d78435f9e8346f,0.019165515325428883,48b06726c6a1d566347c74602900bc571414dbf1cb2cfe27a26f0df80758c7d5,200,False
3_loo_task,split_half_p,0.6149385061493851,0.05,,glk30,30,block_a,3f19367cbebe0fe08384572f788d8e90677a2041af72774e28d78435f9e8346f,0.019165515325428883,48b06726c6a1d566347c74602900bc571414dbf1cb2cfe27a26f0df80758c7d5,200,False
4_length,spearman_words_rate,-0.030585288306433187,,,glk30,30,block_a,3f19367cbebe0fe08384572f788d8e90677a2041af72774e28d78435f9e8346f,0.019165515325428883,48b06726c6a1d566347c74602900bc571414dbf1cb2cfe27a26f0df80758c7d5,200,False
4_length,length_adjusted_tau_set_ratio,0.9942503309236658,0.8,True,glk30,30,block_a,3f19367cbebe0fe08384572f788d8e90677a2041af72774e28d78435f9e8346f,0.019165515325428883,48b06726c6a1d566347c74602900bc571414dbf1cb2cfe27a26f0df80758c7d5,200,False
5_steps,spearman_clock_share_rate,0.042590326924863184,,,glk30,30,block_a,3f19367cbebe0fe08384572f788d8e90677a2041af72774e28d78435f9e8346f,0.019165515325428883,48b06726c6a1d566347c74602900bc571414dbf1cb2cfe27a26f0df80758c7d5,200,False
5_steps,spearman_mean_steps_rate,-0.40469474022216706,,,glk30,30,block_a,3f19367cbebe0fe08384572f788d8e90677a2041af72774e28d78435f9e8346f,0.019165515325428883,48b06726c6a1d566347c74602900bc571414dbf1cb2cfe27a26f0df80758c7d5,200,False
5_steps,spearman_mean_errors_rate,0.03656746886416001,,,glk30,30,block_a,3f19367cbebe0fe08384572f788d8e90677a2041af72774e28d78435f9e8346f,0.019165515325428883,48b06726c6a1d566347c74602900bc571414dbf1cb2cfe27a26f0df80758c7d5,200,False
5_steps,tau_set_this_outcome,0.035914983501124396,,,glk30,30,block_a,3f19367cbebe0fe08384572f788d8e90677a2041af72774e28d78435f9e8346f,0.019165515325428883,48b06726c6a1d566347c74602900bc571414dbf1cb2cfe27a26f0df80758c7d5,200,False
5_steps,tau_set_as_collected,0.011036071393157746,,,glk30,30,block_a,3f19367cbebe0fe08384572f788d8e90677a2041af72774e28d78435f9e8346f,0.019165515325428883,48b06726c6a1d566347c74602900bc571414dbf1cb2cfe27a26f0df80758c7d5,200,False
6_leak,prompts_with_6gram_overlap,0,,,glk30,30,block_a,3f19367cbebe0fe08384572f788d8e90677a2041af72774e28d78435f9e8346f,0.019165515325428883,48b06726c6a1d566347c74602900bc571414dbf1cb2cfe27a26f0df80758c7d5,200,False
6_leak,total_6grams_shared,0,,,glk30,30,block_a,3f19367cbebe0fe08384572f788d8e90677a2041af72774e28d78435f9e8346f,0.019165515325428883,48b06726c6a1d566347c74602900bc571414dbf1cb2cfe27a26f0df80758c7d5,200,False
7_noise,replicate_pairs,120,,,glk30,30,block_a,3f19367cbebe0fe08384572f788d8e90677a2041af72774e28d78435f9e8346f,0.019165515325428883,48b06726c6a1d566347c74602900bc571414dbf1cb2cfe27a26f0df80758c7d5,200,False
7_noise,v_hat,0.07916666666666666,,,glk30,30,block_a,3f19367cbebe0fe08384572f788d8e90677a2041af72774e28d78435f9e8346f,0.019165515325428883,48b06726c6a1d566347c74602900bc571414dbf1cb2cfe27a26f0df80758c7d5,200,False
7_noise,v_hat_lo,0.05,,,glk30,30,block_a,3f19367cbebe0fe08384572f788d8e90677a2041af72774e28d78435f9e8346f,0.019165515325428883,48b06726c6a1d566347c74602900bc571414dbf1cb2cfe27a26f0df80758c7d5,200,False
7_noise,v_hat_hi,0.1125,,,glk30,30,block_a,3f19367cbebe0fe08384572f788d8e90677a2041af72774e28d78435f9e8346f,0.019165515325428883,48b06726c6a1d566347c74602900bc571414dbf1cb2cfe27a26f0df80758c7d5,200,False
7_noise,raw_sd,0.06189148209209046,,,glk30,30,block_a,3f19367cbebe0fe08384572f788d8e90677a2041af72774e28d78435f9e8346f,0.019165515325428883,48b06726c6a1d566347c74602900bc571414dbf1cb2cfe27a26f0df80758c7d5,200,False
7_noise,deconvolved_sd,0.041251347382976186,,,glk30,30,block_a,3f19367cbebe0fe08384572f788d8e90677a2041af72774e28d78435f9e8346f,0.019165515325428883,48b06726c6a1d566347c74602900bc571414dbf1cb2cfe27a26f0df80758c7d5,200,False
