contrast,horizon,policy,reference,rule,delta,lo,hi,verdict,gap_p3_star,reason,read,study,score_cap,task_universe,manifest_sha256,tau_flat,calibration_sha256,n_boot,unregistered
C1,50,p3_star,fixed_K8,superior,0.0006524993777275085,-0.0023027494311332703,0.005455751192569736,inconclusive,,,False,glk,,block_a,d0f6d6c092e08add12ff4bdd841ee860cdf94371142706452101d45e685eca97,0.019165515325428883,48b06726c6a1d566347c74602900bc571414dbf1cb2cfe27a26f0df80758c7d5,200,False
C1,100,p3_star,fixed_K8,superior,-7.499992847442627e-05,-0.0020319988250732425,0.005841501736640933,inconclusive,,,False,glk,,block_a,d0f6d6c092e08add12ff4bdd841ee860cdf94371142706452101d45e685eca97,0.019165515325428883,48b06726c6a1d566347c74602900bc571414dbf1cb2cfe27a26f0df80758c7d5,200,False
C1,200,p3_star,fixed_K8,superior,0.0003899996280670166,-0.00039024986028671265,0.005692999237775806,inconclusive,,,False,glk,,block_a,d0f6d6c092e08add12ff4bdd841ee860cdf94371142706452101d45e685eca97,0.019165515325428883,48b06726c6a1d566347c74602900bc571414dbf1cb2cfe27a26f0df80758c7d5,200,False
C1,all,p3_star,fixed_K8,superior,0.00032249969244003296,-0.0003707500418027242,0.00468066656390826,inconclusive,,,False,glk,,block_a,d0f6d6c092e08add12ff4bdd841ee860cdf94371142706452101d45e685eca97,0.019165515325428883,48b06726c6a1d566347c74602900bc571414dbf1cb2cfe27a26f0df80758c7d5,200,False
C2,50,always_search,p3_star,inferior,0.00041499960422515866,-0.00013074987530708313,0.014859996682405473,inconclusive,,,False,glk,,block_a,d0f6d6c092e08add12ff4bdd841ee860cdf94371142706452101d45e685eca97,0.019165515325428883,48b06726c6a1d566347c74602900bc571414dbf1cb2cfe27a26f0df80758c7d5,200,False
C2,100,always_search,p3_star,inferior,0.0013374987244606019,-0.00015999984741210937,0.020130261266231537,inconclusive,,,False,glk,,block_a,d0f6d6c092e08add12ff4bdd841ee860cdf94371142706452101d45e685eca97,0.019165515325428883,48b06726c6a1d566347c74602900bc571414dbf1cb2cfe27a26f0df80758c7d5,200,False
C2,200,always_search,p3_star,inferior,0.0012999987602233887,-0.00018049982786178589,0.025942742323875428,inconclusive,,,False,glk,,block_a,d0f6d6c092e08add12ff4bdd841ee860cdf94371142706452101d45e685eca97,0.019165515325428883,48b06726c6a1d566347c74602900bc571414dbf1cb2cfe27a26f0df80758c7d5,200,False
C2,all,always_search,p3_star,inferior,0.0010174990296363832,-5.666661262512207e-05,0.01954566855231922,inconclusive,,,False,glk,,block_a,d0f6d6c092e08add12ff4bdd841ee860cdf94371142706452101d45e685eca97,0.019165515325428883,48b06726c6a1d566347c74602900bc571414dbf1cb2cfe27a26f0df80758c7d5,200,False
C3,50,p3_star,k_grid,captured,0.16346153846151373,-4.884754764440721e-14,,holds,0.0006524993777275,,False,glk,,block_a,d0f6d6c092e08add12ff4bdd841ee860cdf94371142706452101d45e685eca97,0.019165515325428883,48b06726c6a1d566347c74602900bc571414dbf1cb2cfe27a26f0df80758c7d5,200,False
C3,100,p3_star,k_grid,captured,0.9591474245115644,0.09976190476150988,,holds,5.749994516377616e-05,,False,glk,,block_a,d0f6d6c092e08add12ff4bdd841ee860cdf94371142706452101d45e685eca97,0.019165515325428883,48b06726c6a1d566347c74602900bc571414dbf1cb2cfe27a26f0df80758c7d5,200,False
C3,200,p3_star,k_grid,captured,0.6776859504132425,0.04318181818154027,,holds,0.000389999628067,,False,glk,,block_a,d0f6d6c092e08add12ff4bdd841ee860cdf94371142706452101d45e685eca97,0.019165515325428883,48b06726c6a1d566347c74602900bc571414dbf1cb2cfe27a26f0df80758c7d5,200,False
gap_reported,50,fixed_K4,k_grid_min,reported,0.0003724996447563,,,reported,,,False,glk,,block_a,d0f6d6c092e08add12ff4bdd841ee860cdf94371142706452101d45e685eca97,0.019165515325428883,48b06726c6a1d566347c74602900bc571414dbf1cb2cfe27a26f0df80758c7d5,200,False
gap_reported,50,fixed_K8,k_grid_min,reported,2.949029909160572e-17,,,reported,,,False,glk,,block_a,d0f6d6c092e08add12ff4bdd841ee860cdf94371142706452101d45e685eca97,0.019165515325428883,48b06726c6a1d566347c74602900bc571414dbf1cb2cfe27a26f0df80758c7d5,200,False
gap_reported,50,p3_star,k_grid_min,reported,0.0006524993777275,,,reported,,,False,glk,,block_a,d0f6d6c092e08add12ff4bdd841ee860cdf94371142706452101d45e685eca97,0.019165515325428883,48b06726c6a1d566347c74602900bc571414dbf1cb2cfe27a26f0df80758c7d5,200,False
gap_reported,50,always_search,k_grid_min,reported,0.0010674989819526,,,reported,,,False,glk,,block_a,d0f6d6c092e08add12ff4bdd841ee860cdf94371142706452101d45e685eca97,0.019165515325428883,48b06726c6a1d566347c74602900bc571414dbf1cb2cfe27a26f0df80758c7d5,200,False
gap_reported,100,fixed_K4,k_grid_min,reported,0.0003874996304512,,,reported,,,False,glk,,block_a,d0f6d6c092e08add12ff4bdd841ee860cdf94371142706452101d45e685eca97,0.019165515325428883,48b06726c6a1d566347c74602900bc571414dbf1cb2cfe27a26f0df80758c7d5,200,False
gap_reported,100,fixed_K8,k_grid_min,reported,0.0001324998736382,,,reported,,,False,glk,,block_a,d0f6d6c092e08add12ff4bdd841ee860cdf94371142706452101d45e685eca97,0.019165515325428883,48b06726c6a1d566347c74602900bc571414dbf1cb2cfe27a26f0df80758c7d5,200,False
gap_reported,100,p3_star,k_grid_min,reported,5.749994516377616e-05,,,reported,,,False,glk,,block_a,d0f6d6c092e08add12ff4bdd841ee860cdf94371142706452101d45e685eca97,0.019165515325428883,48b06726c6a1d566347c74602900bc571414dbf1cb2cfe27a26f0df80758c7d5,200,False
gap_reported,100,always_search,k_grid_min,reported,0.0013949986696243,,,reported,,,False,glk,,block_a,d0f6d6c092e08add12ff4bdd841ee860cdf94371142706452101d45e685eca97,0.019165515325428883,48b06726c6a1d566347c74602900bc571414dbf1cb2cfe27a26f0df80758c7d5,200,False
gap_reported,200,fixed_K4,k_grid_min,reported,3.999996185307178e-05,,,reported,,,False,glk,,block_a,d0f6d6c092e08add12ff4bdd841ee860cdf94371142706452101d45e685eca97,0.019165515325428883,48b06726c6a1d566347c74602900bc571414dbf1cb2cfe27a26f0df80758c7d5,200,False
gap_reported,200,fixed_K8,k_grid_min,reported,4.4235448637408575e-17,,,reported,,,False,glk,,block_a,d0f6d6c092e08add12ff4bdd841ee860cdf94371142706452101d45e685eca97,0.019165515325428883,48b06726c6a1d566347c74602900bc571414dbf1cb2cfe27a26f0df80758c7d5,200,False
gap_reported,200,p3_star,k_grid_min,reported,0.000389999628067,,,reported,,,False,glk,,block_a,d0f6d6c092e08add12ff4bdd841ee860cdf94371142706452101d45e685eca97,0.019165515325428883,48b06726c6a1d566347c74602900bc571414dbf1cb2cfe27a26f0df80758c7d5,200,False
gap_reported,200,always_search,k_grid_min,reported,0.0016899983882904,,,reported,,,False,glk,,block_a,d0f6d6c092e08add12ff4bdd841ee860cdf94371142706452101d45e685eca97,0.019165515325428883,48b06726c6a1d566347c74602900bc571414dbf1cb2cfe27a26f0df80758c7d5,200,False
verdict,all,,,,,,,inconclusive,,no registered pattern holds at enough horizons,False,glk,,block_a,d0f6d6c092e08add12ff4bdd841ee860cdf94371142706452101d45e685eca97,0.019165515325428883,48b06726c6a1d566347c74602900bc571414dbf1cb2cfe27a26f0df80758c7d5,200,False
