column,prefix,group,availability_class,deployed_in
f_t,f_,CLOCK,a,"clock_k16,clock_quality_k16,clock_quality_cs_k16,clock_quality_evidence_k16,all71_k16,clock_quality_evidence_k1,clock_quality_evidence_k4,clock_quality_evidence_k16_hgb,clock_quality_evidence_k16_weighted,clock_quality_evidence_k16_noambig,clock_quality_evidence_k16_notrunc,clock_quality_evidence_k16_lucb,clock_quality_evidence_k16_nopolicy,clock_quality_evidence_k16_famA_only,clock_quality_evidence_k16_famB_only,clock_quality_evidence_k16_noT1000,clock_quality_evidence_k16_noT200,legacy_E_k16_weighted"
f_T,f_,CLOCK,e,"clock_k16,clock_quality_k16,clock_quality_cs_k16,clock_quality_evidence_k16,all71_k16,clock_quality_evidence_k1,clock_quality_evidence_k4,clock_quality_evidence_k16_hgb,clock_quality_evidence_k16_weighted,clock_quality_evidence_k16_noambig,clock_quality_evidence_k16_notrunc,clock_quality_evidence_k16_lucb,clock_quality_evidence_k16_nopolicy,clock_quality_evidence_k16_famA_only,clock_quality_evidence_k16_famB_only,clock_quality_evidence_k16_noT1000,clock_quality_evidence_k16_noT200,legacy_E_k16_weighted"
f_remaining_budget,f_,CLOCK,e,"clock_k16,clock_quality_k16,clock_quality_cs_k16,clock_quality_evidence_k16,all71_k16,clock_quality_evidence_k1,clock_quality_evidence_k4,clock_quality_evidence_k16_hgb,clock_quality_evidence_k16_weighted,clock_quality_evidence_k16_noambig,clock_quality_evidence_k16_notrunc,clock_quality_evidence_k16_lucb,clock_quality_evidence_k16_nopolicy,clock_quality_evidence_k16_famA_only,clock_quality_evidence_k16_famB_only,clock_quality_evidence_k16_noT1000,clock_quality_evidence_k16_noT200,legacy_E_k16_weighted"
f_remaining_frac,f_,CLOCK,e,"clock_k16,clock_quality_k16,clock_quality_cs_k16,clock_quality_evidence_k16,all71_k16,clock_quality_evidence_k1,clock_quality_evidence_k4,clock_quality_evidence_k16_hgb,clock_quality_evidence_k16_weighted,clock_quality_evidence_k16_noambig,clock_quality_evidence_k16_notrunc,clock_quality_evidence_k16_lucb,clock_quality_evidence_k16_nopolicy,clock_quality_evidence_k16_famA_only,clock_quality_evidence_k16_famB_only,clock_quality_evidence_k16_noT1000,clock_quality_evidence_k16_noT200,clock_sf_quality_cs_k16,clock_sf_quality_cs_k16_noT1000,reservoir_rule_k16,legacy_E_k16_weighted"
f_t_over_T,f_,CLOCK,e,"clock_k16,clock_quality_k16,clock_quality_cs_k16,clock_quality_evidence_k16,all71_k16,clock_quality_evidence_k1,clock_quality_evidence_k4,clock_quality_evidence_k16_hgb,clock_quality_evidence_k16_weighted,clock_quality_evidence_k16_noambig,clock_quality_evidence_k16_notrunc,clock_quality_evidence_k16_lucb,clock_quality_evidence_k16_nopolicy,clock_quality_evidence_k16_famA_only,clock_quality_evidence_k16_famB_only,clock_quality_evidence_k16_noT1000,clock_quality_evidence_k16_noT200,clock_sf_quality_cs_k16,clock_sf_quality_cs_k16_noT1000,legacy_E_k16_weighted"
f_K,f_,CLOCK,a+d,"clock_k16,clock_quality_k16,clock_quality_cs_k16,clock_quality_evidence_k16,all71_k16,clock_quality_evidence_k1,clock_quality_evidence_k4,clock_quality_evidence_k16_hgb,clock_quality_evidence_k16_weighted,clock_quality_evidence_k16_noambig,clock_quality_evidence_k16_notrunc,clock_quality_evidence_k16_lucb,clock_quality_evidence_k16_nopolicy,clock_quality_evidence_k16_famA_only,clock_quality_evidence_k16_famB_only,clock_quality_evidence_k16_noT1000,clock_quality_evidence_k16_noT200,legacy_E_k16_weighted"
f_K_over_t,f_,CLOCK,a+d,"clock_k16,clock_quality_k16,clock_quality_cs_k16,clock_quality_evidence_k16,all71_k16,clock_quality_evidence_k1,clock_quality_evidence_k4,clock_quality_evidence_k16_hgb,clock_quality_evidence_k16_weighted,clock_quality_evidence_k16_noambig,clock_quality_evidence_k16_notrunc,clock_quality_evidence_k16_lucb,clock_quality_evidence_k16_nopolicy,clock_quality_evidence_k16_famA_only,clock_quality_evidence_k16_famB_only,clock_quality_evidence_k16_noT1000,clock_quality_evidence_k16_noT200,legacy_E_k16_weighted"
f_K_over_T,f_,CLOCK,e+d,"clock_k16,clock_quality_k16,clock_quality_cs_k16,clock_quality_evidence_k16,all71_k16,clock_quality_evidence_k1,clock_quality_evidence_k4,clock_quality_evidence_k16_hgb,clock_quality_evidence_k16_weighted,clock_quality_evidence_k16_noambig,clock_quality_evidence_k16_notrunc,clock_quality_evidence_k16_lucb,clock_quality_evidence_k16_nopolicy,clock_quality_evidence_k16_famA_only,clock_quality_evidence_k16_famB_only,clock_quality_evidence_k16_noT1000,clock_quality_evidence_k16_noT200,clock_sf_quality_cs_k16,clock_sf_quality_cs_k16_noT1000,legacy_E_k16_weighted"
f_log_t,f_,CLOCK,a,"clock_k16,clock_quality_k16,clock_quality_cs_k16,clock_quality_evidence_k16,all71_k16,clock_quality_evidence_k1,clock_quality_evidence_k4,clock_quality_evidence_k16_hgb,clock_quality_evidence_k16_weighted,clock_quality_evidence_k16_noambig,clock_quality_evidence_k16_notrunc,clock_quality_evidence_k16_lucb,clock_quality_evidence_k16_nopolicy,clock_quality_evidence_k16_famA_only,clock_quality_evidence_k16_famB_only,clock_quality_evidence_k16_noT1000,clock_quality_evidence_k16_noT200,clock_sf_quality_cs_k16,clock_sf_quality_cs_k16_noT1000,legacy_E_k16_weighted"
f_log_K,f_,CLOCK,a+d,"clock_k16,clock_quality_k16,clock_quality_cs_k16,clock_quality_evidence_k16,all71_k16,clock_quality_evidence_k1,clock_quality_evidence_k4,clock_quality_evidence_k16_hgb,clock_quality_evidence_k16_weighted,clock_quality_evidence_k16_noambig,clock_quality_evidence_k16_notrunc,clock_quality_evidence_k16_lucb,clock_quality_evidence_k16_nopolicy,clock_quality_evidence_k16_famA_only,clock_quality_evidence_k16_famB_only,clock_quality_evidence_k16_noT1000,clock_quality_evidence_k16_noT200,clock_sf_quality_cs_k16,clock_sf_quality_cs_k16_noT1000,reservoir_rule_k16,legacy_E_k16_weighted"
f_K_over_sqrt_t,f_,CLOCK,a+d,"clock_k16,clock_quality_k16,clock_quality_cs_k16,clock_quality_evidence_k16,all71_k16,clock_quality_evidence_k1,clock_quality_evidence_k4,clock_quality_evidence_k16_hgb,clock_quality_evidence_k16_weighted,clock_quality_evidence_k16_noambig,clock_quality_evidence_k16_notrunc,clock_quality_evidence_k16_lucb,clock_quality_evidence_k16_nopolicy,clock_quality_evidence_k16_famA_only,clock_quality_evidence_k16_famB_only,clock_quality_evidence_k16_noT1000,clock_quality_evidence_k16_noT200,clock_sf_quality_cs_k16,clock_sf_quality_cs_k16_noT1000,legacy_E_k16_weighted"
f_leader_n,f_,QUALITY,a,"clock_quality_k16,clock_quality_cs_k16,clock_quality_evidence_k16,all71_k16,clock_quality_evidence_k1,clock_quality_evidence_k4,clock_quality_evidence_k16_hgb,clock_quality_evidence_k16_weighted,clock_quality_evidence_k16_noambig,clock_quality_evidence_k16_notrunc,clock_quality_evidence_k16_lucb,clock_quality_evidence_k16_nopolicy,clock_quality_evidence_k16_famA_only,clock_quality_evidence_k16_famB_only,clock_quality_evidence_k16_noT1000,clock_quality_evidence_k16_noT200,clock_sf_quality_cs_k16,clock_sf_quality_cs_k16_noT1000,legacy_E_k16_weighted"
f_leader_mean,f_,QUALITY,a,"clock_quality_k16,clock_quality_cs_k16,clock_quality_evidence_k16,all71_k16,clock_quality_evidence_k1,clock_quality_evidence_k4,clock_quality_evidence_k16_hgb,clock_quality_evidence_k16_weighted,clock_quality_evidence_k16_noambig,clock_quality_evidence_k16_notrunc,clock_quality_evidence_k16_lucb,clock_quality_evidence_k16_nopolicy,clock_quality_evidence_k16_famA_only,clock_quality_evidence_k16_famB_only,clock_quality_evidence_k16_noT1000,clock_quality_evidence_k16_noT200,clock_sf_quality_cs_k16,clock_sf_quality_cs_k16_noT1000,legacy_E_k16_weighted"
f_leader_lcb,f_,EVIDENCE_CS,a,"clock_quality_cs_k16,clock_quality_evidence_k16,all71_k16,clock_quality_evidence_k1,clock_quality_evidence_k4,clock_quality_evidence_k16_hgb,clock_quality_evidence_k16_weighted,clock_quality_evidence_k16_noambig,clock_quality_evidence_k16_notrunc,clock_quality_evidence_k16_lucb,clock_quality_evidence_k16_nopolicy,clock_quality_evidence_k16_famA_only,clock_quality_evidence_k16_famB_only,clock_quality_evidence_k16_noT1000,clock_quality_evidence_k16_noT200,clock_sf_quality_cs_k16,clock_sf_quality_cs_k16_noT1000,legacy_E_k16_weighted"
f_leader_ucb,f_,EVIDENCE_CS,a,"clock_quality_cs_k16,clock_quality_evidence_k16,all71_k16,clock_quality_evidence_k1,clock_quality_evidence_k4,clock_quality_evidence_k16_hgb,clock_quality_evidence_k16_weighted,clock_quality_evidence_k16_noambig,clock_quality_evidence_k16_notrunc,clock_quality_evidence_k16_lucb,clock_quality_evidence_k16_nopolicy,clock_quality_evidence_k16_famA_only,clock_quality_evidence_k16_famB_only,clock_quality_evidence_k16_noT1000,clock_quality_evidence_k16_noT200,clock_sf_quality_cs_k16,clock_sf_quality_cs_k16_noT1000,legacy_E_k16_weighted"
f_leader_width,f_,EVIDENCE_CS,a,"clock_quality_cs_k16,clock_quality_evidence_k16,all71_k16,clock_quality_evidence_k1,clock_quality_evidence_k4,clock_quality_evidence_k16_hgb,clock_quality_evidence_k16_weighted,clock_quality_evidence_k16_noambig,clock_quality_evidence_k16_notrunc,clock_quality_evidence_k16_lucb,clock_quality_evidence_k16_nopolicy,clock_quality_evidence_k16_famA_only,clock_quality_evidence_k16_famB_only,clock_quality_evidence_k16_noT1000,clock_quality_evidence_k16_noT200,clock_sf_quality_cs_k16,clock_sf_quality_cs_k16_noT1000,reservoir_rule_k16,legacy_E_k16_weighted"
f_leader_n_frac,f_,QUALITY,a,"clock_quality_k16,clock_quality_cs_k16,clock_quality_evidence_k16,all71_k16,clock_quality_evidence_k1,clock_quality_evidence_k4,clock_quality_evidence_k16_hgb,clock_quality_evidence_k16_weighted,clock_quality_evidence_k16_noambig,clock_quality_evidence_k16_notrunc,clock_quality_evidence_k16_lucb,clock_quality_evidence_k16_nopolicy,clock_quality_evidence_k16_famA_only,clock_quality_evidence_k16_famB_only,clock_quality_evidence_k16_noT1000,clock_quality_evidence_k16_noT200,clock_sf_quality_cs_k16,clock_sf_quality_cs_k16_noT1000,legacy_E_k16_weighted"
f_csleader_n,f_,EVIDENCE_CS,a,"clock_quality_cs_k16,clock_quality_evidence_k16,all71_k16,clock_quality_evidence_k1,clock_quality_evidence_k4,clock_quality_evidence_k16_hgb,clock_quality_evidence_k16_weighted,clock_quality_evidence_k16_noambig,clock_quality_evidence_k16_notrunc,clock_quality_evidence_k16_lucb,clock_quality_evidence_k16_nopolicy,clock_quality_evidence_k16_famA_only,clock_quality_evidence_k16_famB_only,clock_quality_evidence_k16_noT1000,clock_quality_evidence_k16_noT200,clock_sf_quality_cs_k16,clock_sf_quality_cs_k16_noT1000,legacy_E_k16_weighted"
f_csleader_mean,f_,EVIDENCE_CS,a,"clock_quality_cs_k16,clock_quality_evidence_k16,all71_k16,clock_quality_evidence_k1,clock_quality_evidence_k4,clock_quality_evidence_k16_hgb,clock_quality_evidence_k16_weighted,clock_quality_evidence_k16_noambig,clock_quality_evidence_k16_notrunc,clock_quality_evidence_k16_lucb,clock_quality_evidence_k16_nopolicy,clock_quality_evidence_k16_famA_only,clock_quality_evidence_k16_famB_only,clock_quality_evidence_k16_noT1000,clock_quality_evidence_k16_noT200,clock_sf_quality_cs_k16,clock_sf_quality_cs_k16_noT1000,legacy_E_k16_weighted"
f_csleader_lcb,f_,EVIDENCE_CS,a,"clock_quality_cs_k16,clock_quality_evidence_k16,all71_k16,clock_quality_evidence_k1,clock_quality_evidence_k4,clock_quality_evidence_k16_hgb,clock_quality_evidence_k16_weighted,clock_quality_evidence_k16_noambig,clock_quality_evidence_k16_notrunc,clock_quality_evidence_k16_lucb,clock_quality_evidence_k16_nopolicy,clock_quality_evidence_k16_famA_only,clock_quality_evidence_k16_famB_only,clock_quality_evidence_k16_noT1000,clock_quality_evidence_k16_noT200,clock_sf_quality_cs_k16,clock_sf_quality_cs_k16_noT1000,legacy_E_k16_weighted"
f_csleader_ucb,f_,EVIDENCE_CS,a,"clock_quality_cs_k16,clock_quality_evidence_k16,all71_k16,clock_quality_evidence_k1,clock_quality_evidence_k4,clock_quality_evidence_k16_hgb,clock_quality_evidence_k16_weighted,clock_quality_evidence_k16_noambig,clock_quality_evidence_k16_notrunc,clock_quality_evidence_k16_lucb,clock_quality_evidence_k16_nopolicy,clock_quality_evidence_k16_famA_only,clock_quality_evidence_k16_famB_only,clock_quality_evidence_k16_noT1000,clock_quality_evidence_k16_noT200,clock_sf_quality_cs_k16,clock_sf_quality_cs_k16_noT1000,legacy_E_k16_weighted"
f_csleader_width,f_,EVIDENCE_CS,a,"clock_quality_cs_k16,clock_quality_evidence_k16,all71_k16,clock_quality_evidence_k1,clock_quality_evidence_k4,clock_quality_evidence_k16_hgb,clock_quality_evidence_k16_weighted,clock_quality_evidence_k16_noambig,clock_quality_evidence_k16_notrunc,clock_quality_evidence_k16_lucb,clock_quality_evidence_k16_nopolicy,clock_quality_evidence_k16_famA_only,clock_quality_evidence_k16_famB_only,clock_quality_evidence_k16_noT1000,clock_quality_evidence_k16_noT200,clock_sf_quality_cs_k16,clock_sf_quality_cs_k16_noT1000,legacy_E_k16_weighted"
f_csleader_n_frac,f_,EVIDENCE_CS,a,"clock_quality_cs_k16,clock_quality_evidence_k16,all71_k16,clock_quality_evidence_k1,clock_quality_evidence_k4,clock_quality_evidence_k16_hgb,clock_quality_evidence_k16_weighted,clock_quality_evidence_k16_noambig,clock_quality_evidence_k16_notrunc,clock_quality_evidence_k16_lucb,clock_quality_evidence_k16_nopolicy,clock_quality_evidence_k16_famA_only,clock_quality_evidence_k16_famB_only,clock_quality_evidence_k16_noT1000,clock_quality_evidence_k16_noT200,clock_sf_quality_cs_k16,clock_sf_quality_cs_k16_noT1000,legacy_E_k16_weighted"
f_challenger_n,f_,EVIDENCE_CS,a,"clock_quality_cs_k16,clock_quality_evidence_k16,all71_k16,clock_quality_evidence_k1,clock_quality_evidence_k4,clock_quality_evidence_k16_hgb,clock_quality_evidence_k16_weighted,clock_quality_evidence_k16_noambig,clock_quality_evidence_k16_notrunc,clock_quality_evidence_k16_lucb,clock_quality_evidence_k16_nopolicy,clock_quality_evidence_k16_famA_only,clock_quality_evidence_k16_famB_only,clock_quality_evidence_k16_noT1000,clock_quality_evidence_k16_noT200,clock_sf_quality_cs_k16,clock_sf_quality_cs_k16_noT1000,legacy_E_k16_weighted"
f_challenger_mean,f_,EVIDENCE_CS,a,"clock_quality_cs_k16,clock_quality_evidence_k16,all71_k16,clock_quality_evidence_k1,clock_quality_evidence_k4,clock_quality_evidence_k16_hgb,clock_quality_evidence_k16_weighted,clock_quality_evidence_k16_noambig,clock_quality_evidence_k16_notrunc,clock_quality_evidence_k16_lucb,clock_quality_evidence_k16_nopolicy,clock_quality_evidence_k16_famA_only,clock_quality_evidence_k16_famB_only,clock_quality_evidence_k16_noT1000,clock_quality_evidence_k16_noT200,clock_sf_quality_cs_k16,clock_sf_quality_cs_k16_noT1000,legacy_E_k16_weighted"
f_challenger_lcb,f_,EVIDENCE_CS,a,"clock_quality_cs_k16,clock_quality_evidence_k16,all71_k16,clock_quality_evidence_k1,clock_quality_evidence_k4,clock_quality_evidence_k16_hgb,clock_quality_evidence_k16_weighted,clock_quality_evidence_k16_noambig,clock_quality_evidence_k16_notrunc,clock_quality_evidence_k16_lucb,clock_quality_evidence_k16_nopolicy,clock_quality_evidence_k16_famA_only,clock_quality_evidence_k16_famB_only,clock_quality_evidence_k16_noT1000,clock_quality_evidence_k16_noT200,clock_sf_quality_cs_k16,clock_sf_quality_cs_k16_noT1000,legacy_E_k16_weighted"
f_challenger_ucb,f_,EVIDENCE_CS,a,"clock_quality_cs_k16,clock_quality_evidence_k16,all71_k16,clock_quality_evidence_k1,clock_quality_evidence_k4,clock_quality_evidence_k16_hgb,clock_quality_evidence_k16_weighted,clock_quality_evidence_k16_noambig,clock_quality_evidence_k16_notrunc,clock_quality_evidence_k16_lucb,clock_quality_evidence_k16_nopolicy,clock_quality_evidence_k16_famA_only,clock_quality_evidence_k16_famB_only,clock_quality_evidence_k16_noT1000,clock_quality_evidence_k16_noT200,clock_sf_quality_cs_k16,clock_sf_quality_cs_k16_noT1000,legacy_E_k16_weighted"
f_challenger_width,f_,EVIDENCE_CS,a,"clock_quality_cs_k16,clock_quality_evidence_k16,all71_k16,clock_quality_evidence_k1,clock_quality_evidence_k4,clock_quality_evidence_k16_hgb,clock_quality_evidence_k16_weighted,clock_quality_evidence_k16_noambig,clock_quality_evidence_k16_notrunc,clock_quality_evidence_k16_lucb,clock_quality_evidence_k16_nopolicy,clock_quality_evidence_k16_famA_only,clock_quality_evidence_k16_famB_only,clock_quality_evidence_k16_noT1000,clock_quality_evidence_k16_noT200,clock_sf_quality_cs_k16,clock_sf_quality_cs_k16_noT1000,legacy_E_k16_weighted"
f_challenger_n_frac,f_,EVIDENCE_CS,a,"clock_quality_cs_k16,clock_quality_evidence_k16,all71_k16,clock_quality_evidence_k1,clock_quality_evidence_k4,clock_quality_evidence_k16_hgb,clock_quality_evidence_k16_weighted,clock_quality_evidence_k16_noambig,clock_quality_evidence_k16_notrunc,clock_quality_evidence_k16_lucb,clock_quality_evidence_k16_nopolicy,clock_quality_evidence_k16_famA_only,clock_quality_evidence_k16_famB_only,clock_quality_evidence_k16_noT1000,clock_quality_evidence_k16_noT200,clock_sf_quality_cs_k16,clock_sf_quality_cs_k16_noT1000,legacy_E_k16_weighted"
f_empirical_gap,f_,EVIDENCE_CS,a,"clock_quality_cs_k16,clock_quality_evidence_k16,all71_k16,clock_quality_evidence_k1,clock_quality_evidence_k4,clock_quality_evidence_k16_hgb,clock_quality_evidence_k16_weighted,clock_quality_evidence_k16_noambig,clock_quality_evidence_k16_notrunc,clock_quality_evidence_k16_lucb,clock_quality_evidence_k16_nopolicy,clock_quality_evidence_k16_famA_only,clock_quality_evidence_k16_famB_only,clock_quality_evidence_k16_noT1000,clock_quality_evidence_k16_noT200,clock_sf_quality_cs_k16,clock_sf_quality_cs_k16_noT1000,legacy_E_k16_weighted"
f_lcb_lead_minus_ucb_chal,f_,EVIDENCE_CS,a,"clock_quality_cs_k16,clock_quality_evidence_k16,all71_k16,clock_quality_evidence_k1,clock_quality_evidence_k4,clock_quality_evidence_k16_hgb,clock_quality_evidence_k16_weighted,clock_quality_evidence_k16_noambig,clock_quality_evidence_k16_notrunc,clock_quality_evidence_k16_lucb,clock_quality_evidence_k16_nopolicy,clock_quality_evidence_k16_famA_only,clock_quality_evidence_k16_famB_only,clock_quality_evidence_k16_noT1000,clock_quality_evidence_k16_noT200,clock_sf_quality_cs_k16,clock_sf_quality_cs_k16_noT1000,legacy_E_k16_weighted"
f_ucb_chal_minus_lcb_lead,f_,EVIDENCE_CS,a,"clock_quality_cs_k16,clock_quality_evidence_k16,all71_k16,clock_quality_evidence_k1,clock_quality_evidence_k4,clock_quality_evidence_k16_hgb,clock_quality_evidence_k16_weighted,clock_quality_evidence_k16_noambig,clock_quality_evidence_k16_notrunc,clock_quality_evidence_k16_lucb,clock_quality_evidence_k16_nopolicy,clock_quality_evidence_k16_famA_only,clock_quality_evidence_k16_famB_only,clock_quality_evidence_k16_noT1000,clock_quality_evidence_k16_noT200,clock_sf_quality_cs_k16,clock_sf_quality_cs_k16_noT1000,legacy_E_k16_weighted"
f_is_separated,f_,EVIDENCE_CS,a,"clock_quality_cs_k16,clock_quality_evidence_k16,all71_k16,clock_quality_evidence_k1,clock_quality_evidence_k4,clock_quality_evidence_k16_hgb,clock_quality_evidence_k16_weighted,clock_quality_evidence_k16_noambig,clock_quality_evidence_k16_notrunc,clock_quality_evidence_k16_lucb,clock_quality_evidence_k16_nopolicy,clock_quality_evidence_k16_famA_only,clock_quality_evidence_k16_famB_only,clock_quality_evidence_k16_noT1000,clock_quality_evidence_k16_noT200,clock_sf_quality_cs_k16,clock_sf_quality_cs_k16_noT1000,legacy_E_k16_weighted"
f_log_e_pair,f_,EVIDENCE_LOGE,a,"clock_quality_evidence_k16,all71_k16,clock_quality_evidence_k1,clock_quality_evidence_k4,clock_quality_evidence_k16_hgb,clock_quality_evidence_k16_weighted,clock_quality_evidence_k16_noambig,clock_quality_evidence_k16_notrunc,clock_quality_evidence_k16_lucb,clock_quality_evidence_k16_nopolicy,clock_quality_evidence_k16_famA_only,clock_quality_evidence_k16_famB_only,clock_quality_evidence_k16_noT1000,clock_quality_evidence_k16_noT200,legacy_E_k16_weighted"
f_n_plausible,f_,EVIDENCE_CS,a,"clock_quality_cs_k16,clock_quality_evidence_k16,all71_k16,clock_quality_evidence_k1,clock_quality_evidence_k4,clock_quality_evidence_k16_hgb,clock_quality_evidence_k16_weighted,clock_quality_evidence_k16_noambig,clock_quality_evidence_k16_notrunc,clock_quality_evidence_k16_lucb,clock_quality_evidence_k16_nopolicy,clock_quality_evidence_k16_famA_only,clock_quality_evidence_k16_famB_only,clock_quality_evidence_k16_noT1000,clock_quality_evidence_k16_noT200,clock_sf_quality_cs_k16,clock_sf_quality_cs_k16_noT1000,legacy_E_k16_weighted"
f_frac_plausible,f_,EVIDENCE_CS,a,"clock_quality_cs_k16,clock_quality_evidence_k16,all71_k16,clock_quality_evidence_k1,clock_quality_evidence_k4,clock_quality_evidence_k16_hgb,clock_quality_evidence_k16_weighted,clock_quality_evidence_k16_noambig,clock_quality_evidence_k16_notrunc,clock_quality_evidence_k16_lucb,clock_quality_evidence_k16_nopolicy,clock_quality_evidence_k16_famA_only,clock_quality_evidence_k16_famB_only,clock_quality_evidence_k16_noT1000,clock_quality_evidence_k16_noT200,clock_sf_quality_cs_k16,clock_sf_quality_cs_k16_noT1000,legacy_E_k16_weighted"
f_n_eliminated,f_,EVIDENCE_CS,a,"clock_quality_cs_k16,clock_quality_evidence_k16,all71_k16,clock_quality_evidence_k1,clock_quality_evidence_k4,clock_quality_evidence_k16_hgb,clock_quality_evidence_k16_weighted,clock_quality_evidence_k16_noambig,clock_quality_evidence_k16_notrunc,clock_quality_evidence_k16_lucb,clock_quality_evidence_k16_nopolicy,clock_quality_evidence_k16_famA_only,clock_quality_evidence_k16_famB_only,clock_quality_evidence_k16_noT1000,clock_quality_evidence_k16_noT200,clock_sf_quality_cs_k16,clock_sf_quality_cs_k16_noT1000,legacy_E_k16_weighted"
f_frac_eliminated,f_,EVIDENCE_CS,a,"clock_quality_cs_k16,clock_quality_evidence_k16,all71_k16,clock_quality_evidence_k1,clock_quality_evidence_k4,clock_quality_evidence_k16_hgb,clock_quality_evidence_k16_weighted,clock_quality_evidence_k16_noambig,clock_quality_evidence_k16_notrunc,clock_quality_evidence_k16_lucb,clock_quality_evidence_k16_nopolicy,clock_quality_evidence_k16_famA_only,clock_quality_evidence_k16_famB_only,clock_quality_evidence_k16_noT1000,clock_quality_evidence_k16_noT200,clock_sf_quality_cs_k16,clock_sf_quality_cs_k16_noT1000,legacy_E_k16_weighted"
f_max_width_plausible,f_,EVIDENCE_CS,a,"clock_quality_cs_k16,clock_quality_evidence_k16,all71_k16,clock_quality_evidence_k1,clock_quality_evidence_k4,clock_quality_evidence_k16_hgb,clock_quality_evidence_k16_weighted,clock_quality_evidence_k16_noambig,clock_quality_evidence_k16_notrunc,clock_quality_evidence_k16_lucb,clock_quality_evidence_k16_nopolicy,clock_quality_evidence_k16_famA_only,clock_quality_evidence_k16_famB_only,clock_quality_evidence_k16_noT1000,clock_quality_evidence_k16_noT200,clock_sf_quality_cs_k16,clock_sf_quality_cs_k16_noT1000,legacy_E_k16_weighted"
f_mean_width_plausible,f_,EVIDENCE_CS,a,"clock_quality_cs_k16,clock_quality_evidence_k16,all71_k16,clock_quality_evidence_k1,clock_quality_evidence_k4,clock_quality_evidence_k16_hgb,clock_quality_evidence_k16_weighted,clock_quality_evidence_k16_noambig,clock_quality_evidence_k16_notrunc,clock_quality_evidence_k16_lucb,clock_quality_evidence_k16_nopolicy,clock_quality_evidence_k16_famA_only,clock_quality_evidence_k16_famB_only,clock_quality_evidence_k16_noT1000,clock_quality_evidence_k16_noT200,clock_sf_quality_cs_k16,clock_sf_quality_cs_k16_noT1000,legacy_E_k16_weighted"
f_mean_width_all,f_,EVIDENCE_CS,a,"clock_quality_cs_k16,clock_quality_evidence_k16,all71_k16,clock_quality_evidence_k1,clock_quality_evidence_k4,clock_quality_evidence_k16_hgb,clock_quality_evidence_k16_weighted,clock_quality_evidence_k16_noambig,clock_quality_evidence_k16_notrunc,clock_quality_evidence_k16_lucb,clock_quality_evidence_k16_nopolicy,clock_quality_evidence_k16_famA_only,clock_quality_evidence_k16_famB_only,clock_quality_evidence_k16_noT1000,clock_quality_evidence_k16_noT200,clock_sf_quality_cs_k16,clock_sf_quality_cs_k16_noT1000,legacy_E_k16_weighted"
f_best_mean,f_,QUALITY,a,"clock_quality_k16,clock_quality_cs_k16,clock_quality_evidence_k16,all71_k16,clock_quality_evidence_k1,clock_quality_evidence_k4,clock_quality_evidence_k16_hgb,clock_quality_evidence_k16_weighted,clock_quality_evidence_k16_noambig,clock_quality_evidence_k16_notrunc,clock_quality_evidence_k16_lucb,clock_quality_evidence_k16_nopolicy,clock_quality_evidence_k16_famA_only,clock_quality_evidence_k16_famB_only,clock_quality_evidence_k16_noT1000,clock_quality_evidence_k16_noT200,clock_sf_quality_cs_k16,clock_sf_quality_cs_k16_noT1000,reservoir_rule_k16,legacy_E_k16_weighted"
f_second_best_mean,f_,QUALITY,a,"clock_quality_k16,clock_quality_cs_k16,clock_quality_evidence_k16,all71_k16,clock_quality_evidence_k1,clock_quality_evidence_k4,clock_quality_evidence_k16_hgb,clock_quality_evidence_k16_weighted,clock_quality_evidence_k16_noambig,clock_quality_evidence_k16_notrunc,clock_quality_evidence_k16_lucb,clock_quality_evidence_k16_nopolicy,clock_quality_evidence_k16_famA_only,clock_quality_evidence_k16_famB_only,clock_quality_evidence_k16_noT1000,clock_quality_evidence_k16_noT200,clock_sf_quality_cs_k16,clock_sf_quality_cs_k16_noT1000,legacy_E_k16_weighted"
f_mean_of_means,f_,QUALITY,a,"clock_quality_k16,clock_quality_cs_k16,clock_quality_evidence_k16,all71_k16,clock_quality_evidence_k1,clock_quality_evidence_k4,clock_quality_evidence_k16_hgb,clock_quality_evidence_k16_weighted,clock_quality_evidence_k16_noambig,clock_quality_evidence_k16_notrunc,clock_quality_evidence_k16_lucb,clock_quality_evidence_k16_nopolicy,clock_quality_evidence_k16_famA_only,clock_quality_evidence_k16_famB_only,clock_quality_evidence_k16_noT1000,clock_quality_evidence_k16_noT200,clock_sf_quality_cs_k16,clock_sf_quality_cs_k16_noT1000,legacy_E_k16_weighted"
f_sd_of_means,f_,QUALITY,a,"clock_quality_k16,clock_quality_cs_k16,clock_quality_evidence_k16,all71_k16,clock_quality_evidence_k1,clock_quality_evidence_k4,clock_quality_evidence_k16_hgb,clock_quality_evidence_k16_weighted,clock_quality_evidence_k16_noambig,clock_quality_evidence_k16_notrunc,clock_quality_evidence_k16_lucb,clock_quality_evidence_k16_nopolicy,clock_quality_evidence_k16_famA_only,clock_quality_evidence_k16_famB_only,clock_quality_evidence_k16_noT1000,clock_quality_evidence_k16_noT200,clock_sf_quality_cs_k16,clock_sf_quality_cs_k16_noT1000,legacy_E_k16_weighted"
f_max_n,f_,QUALITY,a,"clock_quality_k16,clock_quality_cs_k16,clock_quality_evidence_k16,all71_k16,clock_quality_evidence_k1,clock_quality_evidence_k4,clock_quality_evidence_k16_hgb,clock_quality_evidence_k16_weighted,clock_quality_evidence_k16_noambig,clock_quality_evidence_k16_notrunc,clock_quality_evidence_k16_lucb,clock_quality_evidence_k16_nopolicy,clock_quality_evidence_k16_famA_only,clock_quality_evidence_k16_famB_only,clock_quality_evidence_k16_noT1000,clock_quality_evidence_k16_noT200,clock_sf_quality_cs_k16,clock_sf_quality_cs_k16_noT1000,legacy_E_k16_weighted"
f_mean_n,f_,QUALITY,a+d,"clock_quality_k16,clock_quality_cs_k16,clock_quality_evidence_k16,all71_k16,clock_quality_evidence_k1,clock_quality_evidence_k4,clock_quality_evidence_k16_hgb,clock_quality_evidence_k16_weighted,clock_quality_evidence_k16_noambig,clock_quality_evidence_k16_notrunc,clock_quality_evidence_k16_lucb,clock_quality_evidence_k16_nopolicy,clock_quality_evidence_k16_famA_only,clock_quality_evidence_k16_famB_only,clock_quality_evidence_k16_noT1000,clock_quality_evidence_k16_noT200,clock_sf_quality_cs_k16,clock_sf_quality_cs_k16_noT1000,legacy_E_k16_weighted"
f_n_singletons,f_,QUALITY,a+d,"clock_quality_k16,clock_quality_cs_k16,clock_quality_evidence_k16,all71_k16,clock_quality_evidence_k1,clock_quality_evidence_k4,clock_quality_evidence_k16_hgb,clock_quality_evidence_k16_weighted,clock_quality_evidence_k16_noambig,clock_quality_evidence_k16_notrunc,clock_quality_evidence_k16_lucb,clock_quality_evidence_k16_nopolicy,clock_quality_evidence_k16_famA_only,clock_quality_evidence_k16_famB_only,clock_quality_evidence_k16_noT1000,clock_quality_evidence_k16_noT200,clock_sf_quality_cs_k16,clock_sf_quality_cs_k16_noT1000,legacy_E_k16_weighted"
f_new_arms_last_10,f_,HISTORY,b+d,"all71_k16,legacy_E_k16_weighted"
f_best_mean_gain_last_10,f_,HISTORY,b+d,"all71_k16,legacy_E_k16_weighted"
f_new_arms_last_25,f_,HISTORY,b+d,"all71_k16,legacy_E_k16_weighted"
f_best_mean_gain_last_25,f_,HISTORY,b+d,"all71_k16,legacy_E_k16_weighted"
f_new_arms_last_50,f_,HISTORY,b+d,"all71_k16,legacy_E_k16_weighted"
f_best_mean_gain_last_50,f_,HISTORY,b+d,"all71_k16,legacy_E_k16_weighted"
f_search_frac_last_10,f_,HISTORY,b+d,"all71_k16,legacy_E_k16_weighted"
f_search_frac_last_25,f_,HISTORY,b+d,"all71_k16,legacy_E_k16_weighted"
f_time_since_last_search,f_,HISTORY,b+d,"all71_k16,legacy_E_k16_weighted"
est_top_gap,est_,QUALITY,b,"clock_quality_k16,clock_quality_cs_k16,clock_quality_evidence_k16,all71_k16,clock_quality_evidence_k1,clock_quality_evidence_k4,clock_quality_evidence_k16_hgb,clock_quality_evidence_k16_weighted,clock_quality_evidence_k16_noambig,clock_quality_evidence_k16_notrunc,clock_quality_evidence_k16_lucb,clock_quality_evidence_k16_nopolicy,clock_quality_evidence_k16_famA_only,clock_quality_evidence_k16_famB_only,clock_quality_evidence_k16_noT1000,clock_quality_evidence_k16_noT200,clock_sf_quality_cs_k16,clock_sf_quality_cs_k16_noT1000,legacy_E_k16_weighted"
est_top_gap_normalized,est_,QUALITY,b,"clock_quality_k16,clock_quality_cs_k16,clock_quality_evidence_k16,all71_k16,clock_quality_evidence_k1,clock_quality_evidence_k4,clock_quality_evidence_k16_hgb,clock_quality_evidence_k16_weighted,clock_quality_evidence_k16_noambig,clock_quality_evidence_k16_notrunc,clock_quality_evidence_k16_lucb,clock_quality_evidence_k16_nopolicy,clock_quality_evidence_k16_famA_only,clock_quality_evidence_k16_famB_only,clock_quality_evidence_k16_noT1000,clock_quality_evidence_k16_noT200,clock_sf_quality_cs_k16,clock_sf_quality_cs_k16_noT1000,legacy_E_k16_weighted"
est_frac_arms_within_5pct_of_best,est_,QUALITY,b,"clock_quality_k16,clock_quality_cs_k16,clock_quality_evidence_k16,all71_k16,clock_quality_evidence_k1,clock_quality_evidence_k4,clock_quality_evidence_k16_hgb,clock_quality_evidence_k16_weighted,clock_quality_evidence_k16_noambig,clock_quality_evidence_k16_notrunc,clock_quality_evidence_k16_lucb,clock_quality_evidence_k16_nopolicy,clock_quality_evidence_k16_famA_only,clock_quality_evidence_k16_famB_only,clock_quality_evidence_k16_noT1000,clock_quality_evidence_k16_noT200,clock_sf_quality_cs_k16,clock_sf_quality_cs_k16_noT1000,legacy_E_k16_weighted"
est_beta_a,est_,QUALITY,b,"clock_quality_k16,clock_quality_cs_k16,clock_quality_evidence_k16,all71_k16,clock_quality_evidence_k1,clock_quality_evidence_k4,clock_quality_evidence_k16_hgb,clock_quality_evidence_k16_weighted,clock_quality_evidence_k16_noambig,clock_quality_evidence_k16_notrunc,clock_quality_evidence_k16_lucb,clock_quality_evidence_k16_nopolicy,clock_quality_evidence_k16_famA_only,clock_quality_evidence_k16_famB_only,clock_quality_evidence_k16_noT1000,clock_quality_evidence_k16_noT200,clock_sf_quality_cs_k16,clock_sf_quality_cs_k16_noT1000,reservoir_rule_k16,legacy_E_k16_weighted"
est_beta_b,est_,QUALITY,b,"clock_quality_k16,clock_quality_cs_k16,clock_quality_evidence_k16,all71_k16,clock_quality_evidence_k1,clock_quality_evidence_k4,clock_quality_evidence_k16_hgb,clock_quality_evidence_k16_weighted,clock_quality_evidence_k16_noambig,clock_quality_evidence_k16_notrunc,clock_quality_evidence_k16_lucb,clock_quality_evidence_k16_nopolicy,clock_quality_evidence_k16_famA_only,clock_quality_evidence_k16_famB_only,clock_quality_evidence_k16_noT1000,clock_quality_evidence_k16_noT200,clock_sf_quality_cs_k16,clock_sf_quality_cs_k16_noT1000,reservoir_rule_k16,legacy_E_k16_weighted"
est_beta_mean,est_,QUALITY,b,"clock_quality_k16,clock_quality_cs_k16,clock_quality_evidence_k16,all71_k16,clock_quality_evidence_k1,clock_quality_evidence_k4,clock_quality_evidence_k16_hgb,clock_quality_evidence_k16_weighted,clock_quality_evidence_k16_noambig,clock_quality_evidence_k16_notrunc,clock_quality_evidence_k16_lucb,clock_quality_evidence_k16_nopolicy,clock_quality_evidence_k16_famA_only,clock_quality_evidence_k16_famB_only,clock_quality_evidence_k16_noT1000,clock_quality_evidence_k16_noT200,clock_sf_quality_cs_k16,clock_sf_quality_cs_k16_noT1000,legacy_E_k16_weighted"
est_p_new_beats_incumbent,est_,QUALITY,b,"clock_quality_k16,clock_quality_cs_k16,clock_quality_evidence_k16,all71_k16,clock_quality_evidence_k1,clock_quality_evidence_k4,clock_quality_evidence_k16_hgb,clock_quality_evidence_k16_weighted,clock_quality_evidence_k16_noambig,clock_quality_evidence_k16_notrunc,clock_quality_evidence_k16_lucb,clock_quality_evidence_k16_nopolicy,clock_quality_evidence_k16_famA_only,clock_quality_evidence_k16_famB_only,clock_quality_evidence_k16_noT1000,clock_quality_evidence_k16_noT200,clock_sf_quality_cs_k16,clock_sf_quality_cs_k16_noT1000,reservoir_rule_k16,legacy_E_k16_weighted"
est_p_new_beats_incumbent_plus_0.01,est_,QUALITY,b,"clock_quality_k16,clock_quality_cs_k16,clock_quality_evidence_k16,all71_k16,clock_quality_evidence_k1,clock_quality_evidence_k4,clock_quality_evidence_k16_hgb,clock_quality_evidence_k16_weighted,clock_quality_evidence_k16_noambig,clock_quality_evidence_k16_notrunc,clock_quality_evidence_k16_lucb,clock_quality_evidence_k16_nopolicy,clock_quality_evidence_k16_famA_only,clock_quality_evidence_k16_famB_only,clock_quality_evidence_k16_noT1000,clock_quality_evidence_k16_noT200,clock_sf_quality_cs_k16,clock_sf_quality_cs_k16_noT1000,legacy_E_k16_weighted"
est_p_new_beats_incumbent_plus_0.05,est_,QUALITY,b,"clock_quality_k16,clock_quality_cs_k16,clock_quality_evidence_k16,all71_k16,clock_quality_evidence_k1,clock_quality_evidence_k4,clock_quality_evidence_k16_hgb,clock_quality_evidence_k16_weighted,clock_quality_evidence_k16_noambig,clock_quality_evidence_k16_notrunc,clock_quality_evidence_k16_lucb,clock_quality_evidence_k16_nopolicy,clock_quality_evidence_k16_famA_only,clock_quality_evidence_k16_famB_only,clock_quality_evidence_k16_noT1000,clock_quality_evidence_k16_noT200,clock_sf_quality_cs_k16,clock_sf_quality_cs_k16_noT1000,legacy_E_k16_weighted"
est_p_new_beats_incumbent_plus_0.1,est_,QUALITY,b,"clock_quality_k16,clock_quality_cs_k16,clock_quality_evidence_k16,all71_k16,clock_quality_evidence_k1,clock_quality_evidence_k4,clock_quality_evidence_k16_hgb,clock_quality_evidence_k16_weighted,clock_quality_evidence_k16_noambig,clock_quality_evidence_k16_notrunc,clock_quality_evidence_k16_lucb,clock_quality_evidence_k16_nopolicy,clock_quality_evidence_k16_famA_only,clock_quality_evidence_k16_famB_only,clock_quality_evidence_k16_noT1000,clock_quality_evidence_k16_noT200,clock_sf_quality_cs_k16,clock_sf_quality_cs_k16_noT1000,legacy_E_k16_weighted"
est_hill_tail_index,est_,QUALITY,b,"clock_quality_k16,clock_quality_cs_k16,clock_quality_evidence_k16,all71_k16,clock_quality_evidence_k1,clock_quality_evidence_k4,clock_quality_evidence_k16_hgb,clock_quality_evidence_k16_weighted,clock_quality_evidence_k16_noambig,clock_quality_evidence_k16_notrunc,clock_quality_evidence_k16_lucb,clock_quality_evidence_k16_nopolicy,clock_quality_evidence_k16_famA_only,clock_quality_evidence_k16_famB_only,clock_quality_evidence_k16_noT1000,clock_quality_evidence_k16_noT200,clock_sf_quality_cs_k16,clock_sf_quality_cs_k16_noT1000,legacy_E_k16_weighted"
est_quantile_0.5,est_,QUALITY,b,"clock_quality_k16,clock_quality_cs_k16,clock_quality_evidence_k16,all71_k16,clock_quality_evidence_k1,clock_quality_evidence_k4,clock_quality_evidence_k16_hgb,clock_quality_evidence_k16_weighted,clock_quality_evidence_k16_noambig,clock_quality_evidence_k16_notrunc,clock_quality_evidence_k16_lucb,clock_quality_evidence_k16_nopolicy,clock_quality_evidence_k16_famA_only,clock_quality_evidence_k16_famB_only,clock_quality_evidence_k16_noT1000,clock_quality_evidence_k16_noT200,clock_sf_quality_cs_k16,clock_sf_quality_cs_k16_noT1000,legacy_E_k16_weighted"
est_quantile_0.9,est_,QUALITY,b,"clock_quality_k16,clock_quality_cs_k16,clock_quality_evidence_k16,all71_k16,clock_quality_evidence_k1,clock_quality_evidence_k4,clock_quality_evidence_k16_hgb,clock_quality_evidence_k16_weighted,clock_quality_evidence_k16_noambig,clock_quality_evidence_k16_notrunc,clock_quality_evidence_k16_lucb,clock_quality_evidence_k16_nopolicy,clock_quality_evidence_k16_famA_only,clock_quality_evidence_k16_famB_only,clock_quality_evidence_k16_noT1000,clock_quality_evidence_k16_noT200,clock_sf_quality_cs_k16,clock_sf_quality_cs_k16_noT1000,legacy_E_k16_weighted"
est_quantile_0.99,est_,QUALITY,b,"clock_quality_k16,clock_quality_cs_k16,clock_quality_evidence_k16,all71_k16,clock_quality_evidence_k1,clock_quality_evidence_k4,clock_quality_evidence_k16_hgb,clock_quality_evidence_k16_weighted,clock_quality_evidence_k16_noambig,clock_quality_evidence_k16_notrunc,clock_quality_evidence_k16_lucb,clock_quality_evidence_k16_nopolicy,clock_quality_evidence_k16_famA_only,clock_quality_evidence_k16_famB_only,clock_quality_evidence_k16_noT1000,clock_quality_evidence_k16_noT200,clock_sf_quality_cs_k16,clock_sf_quality_cs_k16_noT1000,legacy_E_k16_weighted"
oracle_best_true_mu,oracle_,ORACLE,c,
oracle_mu_star,oracle_,ORACLE,c,
oracle_gap_to_mu_star,oracle_,ORACLE,c,
oracle_p_new_beats_best_true,oracle_,ORACLE,c,
oracle_p_new_beats_best_true_plus_0.01,oracle_,ORACLE,c,
oracle_p_new_beats_best_true_plus_0.05,oracle_,ORACLE,c,
oracle_p_new_beats_best_true_plus_0.1,oracle_,ORACLE,c,
oracle_p_within_0.01_of_mu_star,oracle_,ORACLE,c,
oracle_p_within_0.05_of_mu_star,oracle_,ORACLE,c,
oracle_p_within_0.1_of_mu_star,oracle_,ORACLE,c,
oracle_true_gap_leader_challenger,oracle_,ORACLE,c,
oracle_leader_is_truly_best,oracle_,ORACLE,c,
label_A_k1,label_,LABEL,c,
label_se_k1,label_,LABEL,c,
label_M_k1,label_,LABEL,c,
label_A_k4,label_,LABEL,c,
label_se_k4,label_,LABEL,c,
label_M_k4,label_,LABEL,c,
label_A_k16,label_,LABEL,c,
label_se_k16,label_,LABEL,c,
label_M_k16,label_,LABEL,c,
label_A,label_,LABEL,c,
label_se,label_,LABEL,c,
label_se_unpaired,label_,LABEL,c,
label_frac_identical,label_,LABEL,c,
label_M,label_,LABEL,c,
label_mean_search,label_,LABEL,c,
label_mean_refine,label_,LABEL,c,
label_diag_search_p_new_plausible,label_,LABEL,c,
label_diag_search_p_new_is_leader,label_,LABEL,c,
label_diag_search_p_new_is_cs_leader,label_,LABEL,c,
label_diag_search_expected_best_mu_gain,label_,LABEL,c,
label_diag_search_new_arm_mu_mean,label_,LABEL,c,
label_diag_refine_mean_width_reduction,label_,LABEL,c,
label_diag_refine_n_plausible_before,label_,LABEL,c,
label_diag_refine_n_plausible_after,label_,LABEL,c,
label_diag_refine_p_eliminated_one,label_,LABEL,c,
meta_shard,meta_,META,e,
meta_env,meta_,META,e,
meta_family,meta_,META,e,
meta_policy,meta_,META,e,
meta_allocation,meta_,META,e,
meta_horizon,meta_,META,e,
meta_state_index,meta_,META,e,
meta_n_undefined_in_shard,meta_,META,e,
