diagnostic,key,value
simpson_n,T=50|pooled|q1,6084.0
simpson_p_search,T=50|pooled|q1,0.5984549638395792
simpson_n,T=50|pooled|q2,6033.0
simpson_p_search,T=50|pooled|q2,0.562572517818664
simpson_n,T=50|pooled|q3,6336.0
simpson_p_search,T=50|pooled|q3,0.5400883838383839
simpson_slope_q3_minus_q1,T=50|pooled,-0.05836658000119532
simpson_n,T=50|aggressive|q1,3.0
simpson_p_search,T=50|aggressive|q1,1.0
simpson_n,T=50|aggressive|q2,326.0
simpson_p_search,T=50|aggressive|q2,0.4785276073619632
simpson_n,T=50|aggressive|q3,2084.0
simpson_p_search,T=50|aggressive|q3,0.44097888675623803
simpson_slope_q3_minus_q1,T=50|aggressive,-0.5590211132437619
simpson_n,T=50|bracket|q1,1259.0
simpson_p_search,T=50|bracket|q1,0.6338363780778395
simpson_n,T=50|bracket|q2,448.0
simpson_p_search,T=50|bracket|q2,0.6361607142857143
simpson_n,T=50|bracket|q3,472.0
simpson_p_search,T=50|bracket|q3,0.6271186440677966
simpson_slope_q3_minus_q1,T=50|bracket,-0.006717734010042942
simpson_n,T=50|cbrt|q1,1134.0
simpson_p_search,T=50|cbrt|q1,0.5661375661375662
simpson_n,T=50|cbrt|q2,791.0
simpson_p_search,T=50|cbrt|q2,0.5853350189633375
simpson_n,T=50|cbrt|q3,312.0
simpson_p_search,T=50|cbrt|q3,0.7051282051282052
simpson_slope_q3_minus_q1,T=50|cbrt,0.13899063899063901
simpson_n,T=50|conservative|q1,1664.0
simpson_p_search,T=50|conservative|q1,0.6712740384615384
simpson_n,T=50|conservative|q2,234.0
simpson_p_search,T=50|conservative|q2,0.6410256410256411
simpson_n,T=50|conservative|q3,288.0
simpson_p_search,T=50|conservative|q3,0.7708333333333334
simpson_slope_q3_minus_q1,T=50|conservative,0.09955929487179493
simpson_n,T=50|epsilon|q1,636.0
simpson_p_search,T=50|epsilon|q1,0.529874213836478
simpson_n,T=50|epsilon|q2,1346.0
simpson_p_search,T=50|epsilon|q2,0.524517087667162
simpson_n,T=50|epsilon|q3,370.0
simpson_p_search,T=50|epsilon|q3,0.7081081081081081
simpson_slope_q3_minus_q1,T=50|epsilon,0.17823389427163006
simpson_n,T=50|random|q1,6.0
simpson_p_search,T=50|random|q1,0.3333333333333333
simpson_n,T=50|random|q2,260.0
simpson_p_search,T=50|random|q2,0.5153846153846153
simpson_n,T=50|random|q3,2170.0
simpson_p_search,T=50|random|q3,0.4645161290322581
simpson_slope_q3_minus_q1,T=50|random,0.13118279569892477
simpson_n,T=50|sqrt|q1,1264.0
simpson_p_search,T=50|sqrt|q1,0.5403481012658228
simpson_n,T=50|sqrt|q2,768.0
simpson_p_search,T=50|sqrt|q2,0.6536458333333334
simpson_n,T=50|sqrt|q3,272.0
simpson_p_search,T=50|sqrt|q3,0.7941176470588235
simpson_slope_q3_minus_q1,T=50|sqrt,0.2537695457930007
simpson_n,T=50|t23|q1,118.0
simpson_p_search,T=50|t23|q1,0.5
simpson_n,T=50|t23|q2,1860.0
simpson_p_search,T=50|t23|q2,0.5365591397849462
simpson_n,T=50|t23|q3,368.0
simpson_p_search,T=50|t23|q3,0.7581521739130435
simpson_slope_q3_minus_q1,T=50|t23,0.25815217391304346
simpson_n,T=100|pooled|q1,6209.0
simpson_p_search,T=100|pooled|q1,0.6437429537767756
simpson_n,T=100|pooled|q2,6262.0
simpson_p_search,T=100|pooled|q2,0.5868732034493772
simpson_n,T=100|pooled|q3,6333.0
simpson_p_search,T=100|pooled|q3,0.5278698878888363
simpson_slope_q3_minus_q1,T=100|pooled,-0.11587306588793933
simpson_n,T=100|aggressive|q1,0.0
simpson_p_search,T=100|aggressive|q1,
simpson_n,T=100|aggressive|q2,60.0
simpson_p_search,T=100|aggressive|q2,0.5666666666666667
simpson_n,T=100|aggressive|q3,2374.0
simpson_p_search,T=100|aggressive|q3,0.4625105307497894
simpson_slope_q3_minus_q1,T=100|aggressive,
simpson_n,T=100|bracket|q1,1610.0
simpson_p_search,T=100|bracket|q1,0.7018633540372671
simpson_n,T=100|bracket|q2,360.0
simpson_p_search,T=100|bracket|q2,0.7083333333333334
simpson_n,T=100|bracket|q3,288.0
simpson_p_search,T=100|bracket|q3,0.75
simpson_slope_q3_minus_q1,T=100|bracket,0.04813664596273293
simpson_n,T=100|cbrt|q1,1460.0
simpson_p_search,T=100|cbrt|q1,0.6458904109589041
simpson_n,T=100|cbrt|q2,576.0
simpson_p_search,T=100|cbrt|q2,0.7204861111111112
simpson_n,T=100|cbrt|q3,256.0
simpson_p_search,T=100|cbrt|q3,0.79296875
simpson_slope_q3_minus_q1,T=100|cbrt,0.1470783390410959
simpson_n,T=100|conservative|q1,1798.0
simpson_p_search,T=100|conservative|q1,0.6713014460511679
simpson_n,T=100|conservative|q2,283.0
simpson_p_search,T=100|conservative|q2,0.8197879858657244
simpson_n,T=100|conservative|q3,194.0
simpson_p_search,T=100|conservative|q3,0.7628865979381443
simpson_slope_q3_minus_q1,T=100|conservative,0.09158515188697636
simpson_n,T=100|epsilon|q1,164.0
simpson_p_search,T=100|epsilon|q1,0.5
simpson_n,T=100|epsilon|q2,1894.0
simpson_p_search,T=100|epsilon|q2,0.542766631467793
simpson_n,T=100|epsilon|q3,310.0
simpson_p_search,T=100|epsilon|q3,0.7516129032258064
simpson_slope_q3_minus_q1,T=100|epsilon,0.25161290322580643
simpson_n,T=100|random|q1,0.0
simpson_p_search,T=100|random|q1,
simpson_n,T=100|random|q2,52.0
simpson_p_search,T=100|random|q2,0.6346153846153846
simpson_n,T=100|random|q3,2383.0
simpson_p_search,T=100|random|q3,0.4326479227864037
simpson_slope_q3_minus_q1,T=100|random,
simpson_n,T=100|sqrt|q1,1177.0
simpson_p_search,T=100|sqrt|q1,0.5395072217502124
simpson_n,T=100|sqrt|q2,902.0
simpson_p_search,T=100|sqrt|q2,0.6574279379157428
simpson_n,T=100|sqrt|q3,256.0
simpson_p_search,T=100|sqrt|q3,0.7890625
simpson_slope_q3_minus_q1,T=100|sqrt,0.24955527824978763
simpson_n,T=100|t23|q1,0.0
simpson_p_search,T=100|t23|q1,
simpson_n,T=100|t23|q2,2135.0
simpson_p_search,T=100|t23|q2,0.5081967213114754
simpson_n,T=100|t23|q3,272.0
simpson_p_search,T=100|t23|q3,0.7794117647058824
simpson_slope_q3_minus_q1,T=100|t23,
simpson_n,T=200|pooled|q1,5784.0
simpson_p_search,T=200|pooled|q1,0.6780774550484094
simpson_n,T=200|pooled|q2,5792.0
simpson_p_search,T=200|pooled|q2,0.5925414364640884
simpson_n,T=200|pooled|q3,5799.0
simpson_p_search,T=200|pooled|q3,0.5840662183135024
simpson_slope_q3_minus_q1,T=200|pooled,-0.09401123673490708
simpson_n,T=200|aggressive|q1,0.0
simpson_p_search,T=200|aggressive|q1,
simpson_n,T=200|aggressive|q2,1.0
simpson_p_search,T=200|aggressive|q2,1.0
simpson_n,T=200|aggressive|q3,1570.0
simpson_p_search,T=200|aggressive|q3,0.44140127388535033
simpson_slope_q3_minus_q1,T=200|aggressive,
simpson_n,T=200|bracket|q1,1802.0
simpson_p_search,T=200|bracket|q1,0.7613762486126526
simpson_n,T=200|bracket|q2,326.0
simpson_p_search,T=200|bracket|q2,0.8282208588957055
simpson_n,T=200|bracket|q3,216.0
simpson_p_search,T=200|bracket|q3,0.7870370370370371
simpson_slope_q3_minus_q1,T=200|bracket,0.025660788424384462
simpson_n,T=200|cbrt|q1,1438.0
simpson_p_search,T=200|cbrt|q1,0.6223922114047288
simpson_n,T=200|cbrt|q2,600.0
simpson_p_search,T=200|cbrt|q2,0.735
simpson_n,T=200|cbrt|q3,312.0
simpson_p_search,T=200|cbrt|q3,0.8205128205128205
simpson_slope_q3_minus_q1,T=200|cbrt,0.1981206091080917
simpson_n,T=200|conservative|q1,1691.0
simpson_p_search,T=200|conservative|q1,0.7131874630396215
simpson_n,T=200|conservative|q2,525.0
simpson_p_search,T=200|conservative|q2,0.7923809523809524
simpson_n,T=200|conservative|q3,155.0
simpson_p_search,T=200|conservative|q3,0.9419354838709677
simpson_slope_q3_minus_q1,T=200|conservative,0.22874802083134615
simpson_n,T=200|epsilon|q1,0.0
simpson_p_search,T=200|epsilon|q1,
simpson_n,T=200|epsilon|q2,1583.0
simpson_p_search,T=200|epsilon|q2,0.4845230574857865
simpson_n,T=200|epsilon|q3,833.0
simpson_p_search,T=200|epsilon|q3,0.673469387755102
simpson_slope_q3_minus_q1,T=200|epsilon,
simpson_n,T=200|random|q1,0.0
simpson_p_search,T=200|random|q1,
simpson_n,T=200|random|q2,0.0
simpson_p_search,T=200|random|q2,
simpson_n,T=200|random|q3,1578.0
simpson_p_search,T=200|random|q3,0.4524714828897338
simpson_slope_q3_minus_q1,T=200|random,
simpson_n,T=200|sqrt|q1,853.0
simpson_p_search,T=200|sqrt|q1,0.5263774912075029
simpson_n,T=200|sqrt|q2,1155.0
simpson_p_search,T=200|sqrt|q2,0.6718614718614718
simpson_n,T=200|sqrt|q3,351.0
simpson_p_search,T=200|sqrt|q3,0.8319088319088319
simpson_slope_q3_minus_q1,T=200|sqrt,0.30553134070132903
simpson_n,T=200|t23|q1,0.0
simpson_p_search,T=200|t23|q1,
simpson_n,T=200|t23|q2,1602.0
simpson_p_search,T=200|t23|q2,0.47503121098626716
simpson_n,T=200|t23|q3,784.0
simpson_p_search,T=200|t23|q3,0.7079081632653061
simpson_slope_q3_minus_q1,T=200|t23,
simpson_n,T=500|pooled|q1,5102.0
simpson_p_search,T=500|pooled|q1,0.7655821246569973
simpson_n,T=500|pooled|q2,5097.0
simpson_p_search,T=500|pooled|q2,0.6772611340003923
simpson_n,T=500|pooled|q3,5106.0
simpson_p_search,T=500|pooled|q3,0.6713670191931062
simpson_slope_q3_minus_q1,T=500|pooled,-0.09421510546389111
simpson_n,T=500|aggressive|q1,0.0
simpson_p_search,T=500|aggressive|q1,
simpson_n,T=500|aggressive|q2,0.0
simpson_p_search,T=500|aggressive|q2,
simpson_n,T=500|aggressive|q3,636.0
simpson_p_search,T=500|aggressive|q3,0.5770440251572327
simpson_slope_q3_minus_q1,T=500|aggressive,
simpson_n,T=500|bracket|q1,2049.0
simpson_p_search,T=500|bracket|q1,0.8731088335773548
simpson_n,T=500|bracket|q2,194.0
simpson_p_search,T=500|bracket|q2,0.8608247422680413
simpson_n,T=500|bracket|q3,160.0
simpson_p_search,T=500|bracket|q3,0.9125
simpson_slope_q3_minus_q1,T=500|bracket,0.039391166422645174
simpson_n,T=500|cbrt|q1,1583.0
simpson_p_search,T=500|cbrt|q1,0.7264687302590019
simpson_n,T=500|cbrt|q2,536.0
simpson_p_search,T=500|cbrt|q2,0.8675373134328358
simpson_n,T=500|cbrt|q3,248.0
simpson_p_search,T=500|cbrt|q3,0.9153225806451613
simpson_slope_q3_minus_q1,T=500|cbrt,0.18885385038615932
simpson_n,T=500|conservative|q1,862.0
simpson_p_search,T=500|conservative|q1,0.7088167053364269
simpson_n,T=500|conservative|q2,1458.0
simpson_p_search,T=500|conservative|q2,0.7249657064471879
simpson_n,T=500|conservative|q3,132.0
simpson_p_search,T=500|conservative|q3,0.8636363636363636
simpson_slope_q3_minus_q1,T=500|conservative,0.1548196582999367
simpson_n,T=500|epsilon|q1,0.0
simpson_p_search,T=500|epsilon|q1,
simpson_n,T=500|epsilon|q2,149.0
simpson_p_search,T=500|epsilon|q2,0.5167785234899329
simpson_n,T=500|epsilon|q3,1862.0
simpson_p_search,T=500|epsilon|q3,0.5912996777658431
simpson_slope_q3_minus_q1,T=500|epsilon,
simpson_n,T=500|random|q1,0.0
simpson_p_search,T=500|random|q1,
simpson_n,T=500|random|q2,0.0
simpson_p_search,T=500|random|q2,
simpson_n,T=500|random|q3,622.0
simpson_p_search,T=500|random|q3,0.6028938906752411
simpson_slope_q3_minus_q1,T=500|random,
simpson_n,T=500|sqrt|q1,608.0
simpson_p_search,T=500|sqrt|q1,0.5855263157894737
simpson_n,T=500|sqrt|q2,1481.0
simpson_p_search,T=500|sqrt|q2,0.7272113436866982
simpson_n,T=500|sqrt|q3,311.0
simpson_p_search,T=500|sqrt|q3,0.9292604501607717
simpson_slope_q3_minus_q1,T=500|sqrt,0.3437341343712981
simpson_n,T=500|t23|q1,0.0
simpson_p_search,T=500|t23|q1,
simpson_n,T=500|t23|q2,1279.0
simpson_p_search,T=500|t23|q2,0.4761532447224394
simpson_n,T=500|t23|q3,1135.0
simpson_p_search,T=500|t23|q3,0.7127753303964758
simpson_slope_q3_minus_q1,T=500|t23,
simpson_n,T=1000|pooled|q1,4258.0
simpson_p_search,T=1000|pooled|q1,0.7590418036636919
simpson_n,T=1000|pooled|q2,4275.0
simpson_p_search,T=1000|pooled|q2,0.7071345029239766
simpson_n,T=1000|pooled|q3,4268.0
simpson_p_search,T=1000|pooled|q3,0.7029053420805998
simpson_slope_q3_minus_q1,T=1000|pooled,-0.056136461583092045
simpson_n,T=1000|aggressive|q1,0.0
simpson_p_search,T=1000|aggressive|q1,
simpson_n,T=1000|aggressive|q2,0.0
simpson_p_search,T=1000|aggressive|q2,
simpson_n,T=1000|aggressive|q3,314.0
simpson_p_search,T=1000|aggressive|q3,0.7070063694267515
simpson_slope_q3_minus_q1,T=1000|aggressive,
simpson_n,T=1000|bracket|q1,2052.0
simpson_p_search,T=1000|bracket|q1,0.8182261208576999
simpson_n,T=1000|bracket|q2,223.0
simpson_p_search,T=1000|bracket|q2,0.7130044843049327
simpson_n,T=1000|bracket|q3,109.0
simpson_p_search,T=1000|bracket|q3,0.6880733944954128
simpson_slope_q3_minus_q1,T=1000|bracket,-0.13015272636228703
simpson_n,T=1000|cbrt|q1,1651.0
simpson_p_search,T=1000|cbrt|q1,0.7328891580860085
simpson_n,T=1000|cbrt|q2,425.0
simpson_p_search,T=1000|cbrt|q2,0.6964705882352941
simpson_n,T=1000|cbrt|q3,224.0
simpson_p_search,T=1000|cbrt|q3,0.6741071428571429
simpson_slope_q3_minus_q1,T=1000|cbrt,-0.058782015228865614
simpson_n,T=1000|conservative|q1,72.0
simpson_p_search,T=1000|conservative|q1,0.8055555555555556
simpson_n,T=1000|conservative|q2,2108.0
simpson_p_search,T=1000|conservative|q2,0.6513282732447818
simpson_n,T=1000|conservative|q3,214.0
simpson_p_search,T=1000|conservative|q3,0.6495327102803738
simpson_slope_q3_minus_q1,T=1000|conservative,-0.15602284527518173
simpson_n,T=1000|epsilon|q1,0.0
simpson_p_search,T=1000|epsilon|q1,
simpson_n,T=1000|epsilon|q2,0.0
simpson_p_search,T=1000|epsilon|q2,
simpson_n,T=1000|epsilon|q3,991.0
simpson_p_search,T=1000|epsilon|q3,0.7295660948536832
simpson_slope_q3_minus_q1,T=1000|epsilon,
simpson_n,T=1000|random|q1,0.0
simpson_p_search,T=1000|random|q1,
simpson_n,T=1000|random|q2,0.0
simpson_p_search,T=1000|random|q2,
simpson_n,T=1000|random|q3,309.0
simpson_p_search,T=1000|random|q3,0.7411003236245954
simpson_slope_q3_minus_q1,T=1000|random,
simpson_n,T=1000|sqrt|q1,483.0
simpson_p_search,T=1000|sqrt|q1,0.5900621118012422
simpson_n,T=1000|sqrt|q2,1519.0
simpson_p_search,T=1000|sqrt|q2,0.7867017774851877
simpson_n,T=1000|sqrt|q3,400.0
simpson_p_search,T=1000|sqrt|q3,0.755
simpson_slope_q3_minus_q1,T=1000|sqrt,0.16493788819875776
simpson_n,T=1000|t23|q1,0.0
simpson_p_search,T=1000|t23|q1,
simpson_n,T=1000|t23|q2,0.0
simpson_p_search,T=1000|t23|q2,
simpson_n,T=1000|t23|q3,1707.0
simpson_p_search,T=1000|t23|q3,0.6789689513766842
simpson_slope_q3_minus_q1,T=1000|t23,
policy_fit_n,pooled,82738.0
policy_coef,pooled|f_K,0.06504773347696072
policy_coef_sign,pooled|f_K,1.0
policy_coef,pooled|f_K_over_t,0.16381366410959658
policy_coef_sign,pooled|f_K_over_t,1.0
policy_coef,pooled|f_n_singletons,0.01436799277319585
policy_coef_sign,pooled|f_n_singletons,1.0
policy_fit_n,aggressive,7368.0
policy_coef,aggressive|f_K,0.20674494229074383
policy_coef_sign,aggressive|f_K,1.0
policy_coef,aggressive|f_K_over_t,-0.11114469809323933
policy_coef_sign,aggressive|f_K_over_t,-1.0
policy_coef,aggressive|f_n_singletons,0.017614439614183276
policy_coef_sign,aggressive|f_n_singletons,1.0
policy_fit_n,bracket,11568.0
policy_coef,bracket|f_K,-0.027021957334621413
policy_coef_sign,bracket|f_K,-1.0
policy_coef,bracket|f_K_over_t,-0.02441457258171509
policy_coef_sign,bracket|f_K_over_t,-1.0
policy_coef,bracket|f_n_singletons,-0.016010544619562053
policy_coef_sign,bracket|f_n_singletons,-1.0
policy_fit_n,cbrt,11546.0
policy_coef,cbrt|f_K,-0.4171814297567391
policy_coef_sign,cbrt|f_K,-1.0
policy_coef,cbrt|f_K_over_t,0.3085722741627384
policy_coef_sign,cbrt|f_K_over_t,1.0
policy_coef,cbrt|f_n_singletons,-0.011007147178334944
policy_coef_sign,cbrt|f_n_singletons,-1.0
policy_fit_n,conservative,11678.0
policy_coef,conservative|f_K,0.28008364950511466
policy_coef_sign,conservative|f_K,1.0
policy_coef,conservative|f_K_over_t,-0.09655543788860713
policy_coef_sign,conservative|f_K_over_t,-1.0
policy_coef,conservative|f_n_singletons,0.052115703423641614
policy_coef_sign,conservative|f_n_singletons,1.0
policy_fit_n,epsilon,10138.0
policy_coef,epsilon|f_K,-0.23463205091948772
policy_coef_sign,epsilon|f_K,-1.0
policy_coef,epsilon|f_K_over_t,-0.31589176408405506
policy_coef_sign,epsilon|f_K_over_t,-1.0
policy_coef,epsilon|f_n_singletons,-0.05814395632287975
policy_coef_sign,epsilon|f_n_singletons,-1.0
policy_fit_n,random,7380.0
policy_coef,random|f_K,-0.20614138556744296
policy_coef_sign,random|f_K,-1.0
policy_coef,random|f_K_over_t,-0.03363427061242786
policy_coef_sign,random|f_K_over_t,-1.0
policy_coef,random|f_n_singletons,0.21834727149850117
policy_coef_sign,random|f_n_singletons,1.0
policy_fit_n,sqrt,11800.0
policy_coef,sqrt|f_K,0.32439604601287503
policy_coef_sign,sqrt|f_K,1.0
policy_coef,sqrt|f_K_over_t,0.37832335052849153
policy_coef_sign,sqrt|f_K_over_t,1.0
policy_coef,sqrt|f_n_singletons,-0.003028684438663983
policy_coef_sign,sqrt|f_n_singletons,-1.0
policy_fit_n,t23,11260.0
policy_coef,t23|f_K,0.21018780899529127
policy_coef_sign,t23|f_K,1.0
policy_coef,t23|f_K_over_t,-0.5469220065603244
policy_coef_sign,t23|f_K_over_t,-1.0
policy_coef,t23|f_n_singletons,-0.03525150447581246
policy_coef_sign,t23|f_n_singletons,-1.0
metadata_only,auc,0.6340642189551771
metadata_only,auc_fold_mean,0.635620923272518
metadata_only,bal_acc_05,0.5662836795289602
metadata_only,bal_acc_05_fold_mean,0.5676309987776593
metadata_only,tau_off,0.64
metadata_only,bal_acc_tau_off,0.5971518880952676
metadata_only,n_rows,82738.0
metadata_only,n_onehot_columns,16.0
ess,k=1|all,66826.33922664447
ess,k=1|decided,42920.26361549074
ess_frac,k=1|all,0.766814375850788
ess_frac,k=1|decided,0.6866033756537367
label_fraction,k=1|tie,0.28270298802037913
label_fraction,k=1|ambiguous,0.2221622986184422
label_fraction,k=1|ambiguous_among_decided,0.30900161571563406
label_fraction,k=1|truncated,0.0
label_fraction,k=1|demoted,0.0
label_fraction,k=1|truncated_or_demoted,0.0
label_fraction,k=1|search_preferred_among_decided,0.5714994161027659
label_n,k=1|all,87148.0
label_n,k=1|decided,62511.0
ess,k=4|all,53962.64259292093
ess,k=4|decided,44160.52877598407
ess_frac,k=4|all,0.6192068962330854
ess_frac,k=4|decided,0.5733197722325458
label_fraction,k=4|tie,0.11614724376922017
label_fraction,k=4|ambiguous,0.16684261256712718
label_fraction,k=4|ambiguous_among_decided,0.1885597071118843
label_fraction,k=4|truncated,0.022398678110800017
label_fraction,k=4|demoted,0.006219305090191398
label_fraction,k=4|truncated_or_demoted,0.028595033735713957
label_fraction,k=4|search_preferred_among_decided,0.6168826110663932
label_n,k=4|all,87148.0
label_n,k=4|decided,77026.0
ess,k=16|all,43636.7420091236
ess,k=16|decided,39447.4056289344
ess_frac,k=16|all,0.50071994777991
ess_frac,k=16|decided,0.47677494777411106
label_fraction,k=16|tie,0.050603570936797175
label_fraction,k=16|ambiguous,0.07203837150594392
label_fraction,k=16|ambiguous_among_decided,0.075745123159854
label_fraction,k=16|truncated,0.12384678936980768
label_fraction,k=16|demoted,0.03661587185018589
label_fraction,k=16|truncated_or_demoted,0.15683664570615505
label_fraction,k=16|search_preferred_among_decided,0.6315598636660301
label_n,k=16|all,87148.0
label_n,k=16|decided,82738.0
