variant,grouping,k,estimator,feature_set,n_features,row_filter,subset,n_groups,n_splits,n_rows,n_pos,class_balance,auc,auc_fold_mean,bal_acc_05,bal_acc_05_fold_mean,tau_off,bal_acc_tau_off,ess,n_cells
clock_k16,meta_env,16,logit,clock,11,decided,{},30,5,82738,52254.0,0.6315598636660301,0.6758740555849885,0.6776460701269068,0.5864503682458239,0.5872822456294978,0.64,0.6326922875743255,,
clock_k16,within_regime,16,logit,clock,11,decided,{},30,5,82663,,,0.5167916949853835,,,,,,,522.0
clock_k16,meta_horizon,16,logit,clock,11,decided,{},5,5,82738,52254.0,0.6315598636660301,0.6646672912288927,0.6554974074510707,0.5805543267360681,0.5654363404227365,0.64,0.6260273060238442,,
clock_k16,meta_policy,16,logit,clock,11,decided,{},8,5,82738,52254.0,0.6315598636660301,0.6778519128705386,0.6475494787258914,0.583814075842342,0.5571463608602503,0.63,0.6340178852284557,,
clock_k16,meta_family,16,logit,clock,11,decided,{},2,2,82738,52254.0,0.6315598636660301,0.6596483938634972,0.6841019716584712,0.5667308520506008,0.5882047739548426,0.69,0.6176476159242088,,
clock_quality_k16,meta_env,16,logit,clock_quality,35,decided,{},30,5,82738,52254.0,0.6315598636660301,0.7495152607201386,0.7533129340145799,0.6577700838887329,0.6561057945508464,0.63,0.6873825336082695,,
clock_quality_k16,within_regime,16,logit,clock_quality,35,decided,{},30,5,82663,,,0.689559990230025,,,,,,,522.0
clock_quality_k16,meta_horizon,16,logit,clock_quality,35,decided,{},5,5,82738,52254.0,0.6315598636660301,0.7375285996529815,0.7348167964283666,0.6479076988394786,0.6354702578949604,0.63,0.6832189536804084,,
clock_quality_k16,meta_policy,16,logit,clock_quality,35,decided,{},8,5,82738,52254.0,0.6315598636660301,0.7521155721414421,0.7378714865606002,0.6597549669908224,0.6363589471347939,0.64,0.6908223379791021,,
clock_quality_k16,meta_family,16,logit,clock_quality,35,decided,{},2,2,82738,52254.0,0.6315598636660301,0.7418453657976518,0.7468731784820353,0.6291172709985086,0.6453232205253041,0.69,0.6819334430132884,,
clock_quality_cs_k16,meta_env,16,logit,clock_quality_cs,61,decided,{},30,5,82738,52254.0,0.6315598636660301,0.7502229409014491,0.7540856046179212,0.6576866165730185,0.6562692324747808,0.64,0.6860851076484793,,
clock_quality_cs_k16,within_regime,16,logit,clock_quality_cs,61,decided,{},30,5,82663,,,0.6884996561936514,,,,,,,522.0
clock_quality_cs_k16,meta_horizon,16,logit,clock_quality_cs,61,decided,{},5,5,82738,52254.0,0.6315598636660301,0.7382264654123764,0.7347548292621564,0.6478079142272899,0.6329787321352442,0.65,0.6835190206767467,,
clock_quality_cs_k16,meta_policy,16,logit,clock_quality_cs,61,decided,{},8,5,82738,52254.0,0.6315598636660301,0.7533323567438925,0.7387715956964207,0.659271101896685,0.6354076226660379,0.65,0.6902343641138766,,
clock_quality_cs_k16,meta_family,16,logit,clock_quality_cs,61,decided,{},2,2,82738,52254.0,0.6315598636660301,0.7425924854093662,0.7473208280902902,0.6329266534711016,0.6475465171108046,0.7,0.6803160876786145,,
clock_quality_evidence_k16,meta_env,16,logit,clock_quality_evidence,62,decided,{},30,5,82738,52254.0,0.6315598636660301,0.7501474319716768,0.754021126126131,0.6576538124790676,0.6562451147657453,0.63,0.6862784367248516,,
clock_quality_evidence_k16,within_regime,16,logit,clock_quality_evidence,62,decided,{},30,5,82663,,,0.688418326467483,,,,,,,522.0
clock_quality_evidence_k16,meta_horizon,16,logit,clock_quality_evidence,62,decided,{},5,5,82738,52254.0,0.6315598636660301,0.7382088825084192,0.7348941215376905,0.6475659910969436,0.6326486911051881,0.65,0.6833809897328748,,
clock_quality_evidence_k16,meta_policy,16,logit,clock_quality_evidence,62,decided,{},8,5,82738,52254.0,0.6315598636660301,0.7532231557232526,0.7385343462946778,0.6591699826210496,0.6353691745104927,0.64,0.690203572687381,,
clock_quality_evidence_k16,meta_family,16,logit,clock_quality_evidence,62,decided,{},2,2,82738,52254.0,0.6315598636660301,0.7424241866087609,0.7472487320600796,0.63285831003925,0.6475168521696482,0.71,0.6803126838473786,,
all71_k16,meta_env,16,logit,all71,71,decided,{},30,5,82738,52254.0,0.6315598636660301,0.7502146582663678,0.7540567151934041,0.6582251300458144,0.6567962289523795,0.64,0.6864049616895844,,
all71_k16,within_regime,16,logit,all71,71,decided,{},30,5,82663,,,0.6880243999950985,,,,,,,522.0
all71_k16,meta_horizon,16,logit,all71,71,decided,{},5,5,82738,52254.0,0.6315598636660301,0.7367368055410224,0.7335674972887655,0.6444962049026952,0.6308602425149127,0.66,0.6834215475560022,,
all71_k16,meta_policy,16,logit,all71,71,decided,{},8,5,82738,52254.0,0.6315598636660301,0.7529398115702308,0.7382055120209466,0.6603836305132882,0.6365266251162881,0.64,0.6898713865066968,,
all71_k16,meta_family,16,logit,all71,71,decided,{},2,2,82738,52254.0,0.6315598636660301,0.7420762556683207,0.7471578446419687,0.6333789738009559,0.6479155433474825,0.71,0.6797905912550029,,
clock_quality_evidence_k1,meta_env,1,logit,clock_quality_evidence,62,decided,{},30,5,62511,35725.0,0.5714994161027659,0.6371770156401746,0.63852797054283,0.5882515196908111,0.5871679372649118,0.57,0.599032485505599,,
clock_quality_evidence_k1,within_regime,1,logit,clock_quality_evidence,62,decided,{},30,5,62416,,,0.5982895535542055,,,,,,,520.0
clock_quality_evidence_k1,meta_horizon,1,logit,clock_quality_evidence,62,decided,{},5,5,62511,35725.0,0.5714994161027659,0.6263795271931375,0.62368466457767,0.5861638394914737,0.580810935780433,0.56,0.5931408362901418,,
clock_quality_evidence_k1,meta_policy,1,logit,clock_quality_evidence,62,decided,{},8,5,62511,35725.0,0.5714994161027659,0.628192737952526,0.6141143264595879,0.5890532001901707,0.5720254822247905,0.54,0.5955545942056254,,
clock_quality_evidence_k1,meta_family,1,logit,clock_quality_evidence,62,decided,{},2,2,62511,35725.0,0.5714994161027659,0.6317187874325375,0.6328804414676364,0.5807938910046542,0.5839546942181707,0.59,0.5945152489495442,,
clock_quality_evidence_k4,meta_env,4,logit,clock_quality_evidence,62,decided,{},30,5,77026,47516.0,0.6168826110663932,0.6930385128579206,0.6955926859614495,0.6192170450552046,0.6183389193975262,0.61,0.6429080258585034,,
clock_quality_evidence_k4,within_regime,4,logit,clock_quality_evidence,62,decided,{},30,5,76951,,,0.6448136975786328,,,,,,,522.0
clock_quality_evidence_k4,meta_horizon,4,logit,clock_quality_evidence,62,decided,{},5,5,77026,47516.0,0.6168826110663932,0.6806991357763127,0.6758004298696638,0.6111894300228079,0.6063207590867933,0.62,0.6358329580413642,,
clock_quality_evidence_k4,meta_policy,4,logit,clock_quality_evidence,62,decided,{},8,5,77026,47516.0,0.6168826110663932,0.6859771881152577,0.6666530376911997,0.6185539229019691,0.5959887483817792,0.6,0.6370905443853558,,
clock_quality_evidence_k4,meta_family,4,logit,clock_quality_evidence,62,decided,{},2,2,77026,47516.0,0.6168826110663932,0.6909970542231023,0.6887994294698625,0.6059215025082493,0.6112683681066611,0.65,0.6392434078243319,,
clock_quality_evidence_k16_hgb,meta_env,16,hgb,clock_quality_evidence,62,decided,{},30,5,82738,52254.0,0.6315598636660301,0.7656798377332503,0.7687428429477855,0.6671495831829733,0.6653876221766856,0.64,0.6889788708186758,,
clock_quality_evidence_k16_hgb,within_regime,16,hgb,clock_quality_evidence,62,decided,{},30,5,82663,,,0.6920858399106841,,,,,,,522.0
clock_quality_evidence_k16_hgb,meta_horizon,16,hgb,clock_quality_evidence,62,decided,{},5,5,82738,52254.0,0.6315598636660301,0.7635094367259714,0.7557925127752763,0.6654251038427172,0.654556445656973,0.65,0.6953020341370799,,
clock_quality_evidence_k16_hgb,meta_policy,16,hgb,clock_quality_evidence,62,decided,{},8,5,82738,52254.0,0.6315598636660301,0.7743606181130519,0.7624637262844789,0.6750557935776518,0.6513206958142707,0.65,0.699030515036906,,
clock_quality_evidence_k16_hgb,meta_family,16,hgb,clock_quality_evidence,62,decided,{},2,2,82738,52254.0,0.6315598636660301,0.7510344646161686,0.7597934016610932,0.644587127123597,0.6557955521093253,0.68,0.6761146569214087,,
clock_quality_evidence_k16_weighted,meta_env,16,logit_w,clock_quality_evidence,62,decided,{},30,5,82738,52254.0,0.6315598636660301,0.7383233471629578,0.7417055662752263,0.6496282683566182,0.6481127601359848,0.61,0.6784502984917671,39447.4056289344,
clock_quality_evidence_k16_weighted,within_regime,16,logit_w,clock_quality_evidence,62,decided,{},30,5,82663,,,0.6840893785917743,,,,,,,522.0
clock_quality_evidence_k16_weighted,meta_horizon,16,logit_w,clock_quality_evidence,62,decided,{},5,5,82738,52254.0,0.6315598636660301,0.7180418186921155,0.7226658130600756,0.6361536926506479,0.6304501410473314,0.6,0.6701405834280744,39447.4056289344,
clock_quality_evidence_k16_weighted,meta_policy,16,logit_w,clock_quality_evidence,62,decided,{},8,5,82738,52254.0,0.6315598636660301,0.7426498646375042,0.7259805713181967,0.6503667465561301,0.6231790588080279,0.6,0.6825846595857636,39447.4056289344,
clock_quality_evidence_k16_weighted,meta_family,16,logit_w,clock_quality_evidence,62,decided,{},2,2,82738,52254.0,0.6315598636660301,0.728370069084641,0.7320561948188935,0.6141953017516354,0.6317478043373783,0.66,0.669433025978045,39447.4056289344,
clock_quality_evidence_k16_noambig,meta_env,16,logit,clock_quality_evidence,62,noambig,{},30,5,76471,48738.0,0.6373396450942187,0.7701989780861724,0.7737789871022024,0.6705718993633026,0.669029529489239,0.67,0.7005753602272085,,
clock_quality_evidence_k16_noambig,within_regime,16,logit,clock_quality_evidence,62,noambig,{},30,5,76248,,,0.6971818924980939,,,,,,,521.0
clock_quality_evidence_k16_noambig,meta_horizon,16,logit,clock_quality_evidence,62,noambig,{},5,5,76471,48738.0,0.6373396450942187,0.7614717242303666,0.7607771524093385,0.6603152207000921,0.6446319173771098,0.66,0.6979804539833884,,
clock_quality_evidence_k16_noambig,meta_policy,16,logit,clock_quality_evidence,62,noambig,{},8,5,76471,48738.0,0.6373396450942187,0.7750017668392812,0.7646386451338105,0.6737372365291876,0.6478954721686823,0.66,0.7052259240294962,,
clock_quality_evidence_k16_noambig,meta_family,16,logit,clock_quality_evidence,62,noambig,{},2,2,76471,48738.0,0.6373396450942187,0.7618035658191086,0.7675105983200396,0.6471779584894223,0.661326849969263,0.71,0.6946497978796973,,
clock_quality_evidence_k16_notrunc,meta_env,16,logit,clock_quality_evidence,62,notrunc,{},30,5,72027,46785.0,0.6495480861343663,0.758030740787624,0.763177205650186,0.659589248533319,0.658874024195954,0.66,0.6926996014901499,,
clock_quality_evidence_k16_notrunc,within_regime,16,logit,clock_quality_evidence,62,notrunc,{},30,5,71785,,,0.7089461590644497,,,,,,,421.0
clock_quality_evidence_k16_notrunc,meta_horizon,16,logit,clock_quality_evidence,62,notrunc,{},5,5,72027,46785.0,0.6495480861343663,0.7483180171925925,0.743116353178992,0.648566021978108,0.6317226856183835,0.68,0.6912030817099264,,
clock_quality_evidence_k16_notrunc,meta_policy,16,logit,clock_quality_evidence,62,notrunc,{},8,5,72027,46785.0,0.6495480861343663,0.7616360161371175,0.7488851910045939,0.6616951627387637,0.6404180168062683,0.64,0.6970874483889823,,
clock_quality_evidence_k16_notrunc,meta_family,16,logit,clock_quality_evidence,62,notrunc,{},2,2,72027,46785.0,0.6495480861343663,0.7488551137059101,0.7528936305995135,0.6255829565319093,0.6425069443917626,0.72,0.6856701016811957,,
clock_quality_evidence_k16_lucb,meta_env,16,logit,clock_quality_evidence,62,lucb,{},30,5,27615,17944.0,0.6497917798298026,0.7219912143631587,0.7258520667673627,0.6260531794754512,0.624814126130884,0.66,0.6676717102341581,,
clock_quality_evidence_k16_lucb,within_regime,16,logit,clock_quality_evidence,62,lucb,{},30,5,27596,,,0.6637857279906291,,,,,,,174.0
clock_quality_evidence_k16_lucb,meta_horizon,16,logit,clock_quality_evidence,62,lucb,{},5,5,27615,17944.0,0.6497917798298026,0.7017343459837573,0.7018256122301892,0.6132429898405651,0.5976681392479255,0.68,0.6557039575737714,,
clock_quality_evidence_k16_lucb,meta_policy,16,logit,clock_quality_evidence,62,lucb,{},8,5,27615,17944.0,0.6497917798298026,0.7218139547464687,0.7045665093205542,0.6253437693287952,0.6061819710561854,0.65,0.6696144464749372,,
clock_quality_evidence_k16_lucb,meta_family,16,logit,clock_quality_evidence,62,lucb,{},2,2,27615,17944.0,0.6497917798298026,0.7072777816373581,0.7169290346212375,0.6001185664630269,0.6200239340485746,0.73,0.6548224221792193,,
clock_quality_evidence_k16_nopolicy,meta_env,16,logit,clock_quality_evidence,62,decided,"{""exclude_policies"": [""aggressive"", ""random"", ""epsilon""]}",30,5,57852,39358.0,0.6803222014796377,0.7427739394034281,0.746273553895999,0.6278179400333501,0.6199766376189688,0.67,0.6811849776344086,,
clock_quality_evidence_k16_nopolicy,within_regime,16,logit,clock_quality_evidence,62,decided,"{""exclude_policies"": [""aggressive"", ""random"", ""epsilon""]}",30,5,57852,,,0.6948447559776655,,,,,,,369.0
clock_quality_evidence_k16_nopolicy,meta_horizon,16,logit,clock_quality_evidence,62,decided,"{""exclude_policies"": [""aggressive"", ""random"", ""epsilon""]}",5,5,57852,39358.0,0.6803222014796377,0.7270810869104694,0.7295267207687192,0.6223398715821289,0.6135295124322784,0.7,0.6798449493081378,,
clock_quality_evidence_k16_nopolicy,meta_policy,16,logit,clock_quality_evidence,62,decided,"{""exclude_policies"": [""aggressive"", ""random"", ""epsilon""]}",5,5,57852,39358.0,0.6803222014796377,0.7430449306975528,0.7347549111003282,0.6262134351617605,0.6141178589693336,0.68,0.6826535259356491,,
clock_quality_evidence_k16_nopolicy,meta_family,16,logit,clock_quality_evidence,62,decided,"{""exclude_policies"": [""aggressive"", ""random"", ""epsilon""]}",2,2,57852,39358.0,0.6803222014796377,0.726708290645151,0.7323140069951107,0.5903945645112436,0.6076529378017821,0.77,0.6675550295556101,,
clock_quality_evidence_k16_nopolicy,excluded_rows,16,logit,clock_quality_evidence,62,decided,"{""exclude_policies"": [""aggressive"", ""random"", ""epsilon""]}",0,0,24886,12896.0,0.5182030057060194,0.7208446942965293,,0.6673256456476344,,0.67,0.6400759485779092,,
clock_quality_evidence_k16_famA_only,meta_env,16,logit,clock_quality_evidence,62,decided,"{""families"": [""A""]}",6,5,16255,11178.0,0.6876653337434635,0.7408546688388334,0.7420857212648025,0.6455012119144385,0.6152363711825591,0.69,0.6823977749281216,,
clock_quality_evidence_k16_famA_only,within_regime,16,logit,clock_quality_evidence,62,decided,"{""families"": [""A""]}",6,5,14099,,,0.6675964747245947,,,,,,,374.0
clock_quality_evidence_k16_famA_only,meta_horizon,16,logit,clock_quality_evidence,62,decided,"{""families"": [""A""]}",5,5,16255,11178.0,0.6876653337434635,0.7348084621185154,0.7150526334098923,0.6243633074802628,0.6061429298579801,0.71,0.6810294747698822,,
clock_quality_evidence_k16_famA_only,meta_policy,16,logit,clock_quality_evidence,62,decided,"{""families"": [""A""]}",8,5,16255,11178.0,0.6876653337434635,0.742940686940529,0.7275342742536414,0.6370199694079577,0.6171370994326155,0.7,0.681384809556378,,
clock_quality_evidence_k16_famA_only,meta_family,16,logit,clock_quality_evidence,62,decided,"{""families"": [""A""]}",1,0,0,0.0,,,,,,,,,
clock_quality_evidence_k16_famA_only,excluded_rows,16,logit,clock_quality_evidence,62,decided,"{""families"": [""A""]}",0,0,66483,41076.0,0.6178421551374036,0.7463392738061921,,0.6276002102079634,,0.69,0.6838070342777514,,
clock_quality_evidence_k16_famB_only,meta_env,16,logit,clock_quality_evidence,62,decided,"{""families"": [""B""]}",24,5,66483,41076.0,0.6178421551374036,0.7408721777310359,0.7332265976408728,0.6518140975178262,0.6457596712353216,0.63,0.6782047599005802,,
clock_quality_evidence_k16_famB_only,within_regime,16,logit,clock_quality_evidence,62,decided,"{""families"": [""B""]}",24,5,66388,,,0.6760047474541309,,,,,,,520.0
clock_quality_evidence_k16_famB_only,meta_horizon,16,logit,clock_quality_evidence,62,decided,"{""families"": [""B""]}",5,5,66483,41076.0,0.6178421551374036,0.7388730064481106,0.7377638438997668,0.6534633045189951,0.6397862611786976,0.64,0.6851778117971242,,
clock_quality_evidence_k16_famB_only,meta_policy,16,logit,clock_quality_evidence,62,decided,"{""families"": [""B""]}",8,5,66483,41076.0,0.6178421551374036,0.7542333088235973,0.7399580588308083,0.6656137899707917,0.6414085620706146,0.62,0.6917525886283832,,
clock_quality_evidence_k16_famB_only,meta_family,16,logit,clock_quality_evidence,62,decided,"{""families"": [""B""]}",1,0,0,0.0,,,,,,,,,
clock_quality_evidence_k16_famB_only,excluded_rows,16,logit,clock_quality_evidence,62,decided,"{""families"": [""B""]}",0,0,16255,11178.0,0.6876653337434635,0.7481581903139671,,0.6674334941313329,,0.63,0.6810254483882544,,
clock_quality_evidence_k16_noT1000,meta_env,16,logit,clock_quality_evidence,62,decided,"{""exclude_horizons"": [1000]}",30,5,69937,42999.0,0.6148247708652073,0.7603558235061507,0.7577910947115695,0.666488633995741,0.660614524067061,0.65,0.6902805795031922,,
clock_quality_evidence_k16_noT1000,within_regime,16,logit,clock_quality_evidence,62,decided,"{""exclude_horizons"": [1000]}",30,5,69863,,,0.691980250603854,,,,,,,441.0
clock_quality_evidence_k16_noT1000,meta_horizon,16,logit,clock_quality_evidence,62,decided,"{""exclude_horizons"": [1000]}",4,4,69937,42999.0,0.6148247708652073,0.7380710962116191,0.7569265657475098,0.6462566831868284,0.6329896722277633,0.64,0.6747931141423016,,
clock_quality_evidence_k16_noT1000,meta_policy,16,logit,clock_quality_evidence,62,decided,"{""exclude_horizons"": [1000]}",8,5,69937,42999.0,0.6148247708652073,0.7621303128168271,0.7539507110874737,0.6687064418502182,0.6444083309357129,0.63,0.6922447339788385,,
clock_quality_evidence_k16_noT1000,meta_family,16,logit,clock_quality_evidence,62,decided,"{""exclude_horizons"": [1000]}",2,2,69937,42999.0,0.6148247708652073,0.7524665782448627,0.7576198096434306,0.6477767766557915,0.6588752200401441,0.69,0.6844624309991473,,
clock_quality_evidence_k16_noT1000,excluded_rows,16,logit,clock_quality_evidence,62,decided,"{""exclude_horizons"": [1000]}",0,0,12801,9255.0,0.7229903913756738,0.6628321210497945,,0.5479250709133308,,0.65,0.5816978246541633,,
clock_quality_evidence_k16_noT200,meta_env,16,logit,clock_quality_evidence,62,decided,"{""exclude_horizons"": [200]}",30,5,65363,41513.0,0.6351146673194314,0.7485838418628783,0.7496107695300357,0.6566067511068873,0.6552260340967895,0.64,0.6864531582413046,,
clock_quality_evidence_k16_noT200,within_regime,16,logit,clock_quality_evidence,62,decided,"{""exclude_horizons"": [200]}",30,5,65292,,,0.6888416085102087,,,,,,,414.0
clock_quality_evidence_k16_noT200,meta_horizon,16,logit,clock_quality_evidence,62,decided,"{""exclude_horizons"": [200]}",4,4,65363,41513.0,0.6351146673194314,0.7274539651921823,0.7219501475170812,0.6402883585607115,0.6195232245292801,0.64,0.678676023337591,,
clock_quality_evidence_k16_noT200,meta_policy,16,logit,clock_quality_evidence,62,decided,"{""exclude_horizons"": [200]}",8,5,65363,41513.0,0.6351146673194314,0.7473104179282376,0.7322081424248484,0.6526799632011412,0.6327978475390497,0.66,0.6858413209047041,,
clock_quality_evidence_k16_noT200,meta_family,16,logit,clock_quality_evidence,62,decided,"{""exclude_horizons"": [200]}",2,2,65363,41513.0,0.6351146673194314,0.736537096989799,0.7418214678110799,0.6277389159648457,0.6420957176202364,0.69,0.6762142373526396,,
clock_quality_evidence_k16_noT200,excluded_rows,16,logit,clock_quality_evidence,62,decided,"{""exclude_horizons"": [200]}",0,0,17375,10741.0,0.6181870503597122,0.7631192840262224,,0.6624515053470599,,0.64,0.6897884332044634,,
clock_sf_quality_cs_k16,meta_env,16,logit,clock_sf_quality_cs,56,decided,{},30,5,82738,52254.0,0.6315598636660301,0.7480919975302374,0.7518625679034863,0.6540371564126168,0.6527285346126042,0.65,0.6851796571506494,,
clock_sf_quality_cs_k16,within_regime,16,logit,clock_sf_quality_cs,56,decided,{},30,5,82663,,,0.6874904298777682,,,,,,,522.0
clock_sf_quality_cs_k16,meta_horizon,16,logit,clock_sf_quality_cs,56,decided,{},5,5,82738,52254.0,0.6315598636660301,0.7451323637594764,0.7371207087335572,0.6471610714084519,0.637330098841377,0.65,0.6859128531967088,,
clock_sf_quality_cs_k16,meta_policy,16,logit,clock_sf_quality_cs,56,decided,{},8,5,82738,52254.0,0.6315598636660301,0.7521797659376481,0.7401017358204316,0.6568354214626347,0.6327823734957538,0.65,0.6890849991628156,,
clock_sf_quality_cs_k16,meta_family,16,logit,clock_sf_quality_cs,56,decided,{},2,2,82738,52254.0,0.6315598636660301,0.7435524533934144,0.7479446633131046,0.6317498513300432,0.6450779378640872,0.7,0.6814628209696716,,
clock_sf_quality_cs_k16_noT1000,meta_env,16,logit,clock_sf_quality_cs,56,decided,"{""exclude_horizons"": [1000]}",30,5,69937,42999.0,0.6148247708652073,0.7543370567829621,0.7513315650999466,0.6611476396230416,0.6555560825779853,0.65,0.6884493004152987,,
clock_sf_quality_cs_k16_noT1000,within_regime,16,logit,clock_sf_quality_cs,56,decided,"{""exclude_horizons"": [1000]}",30,5,69863,,,0.6894980447749962,,,,,,,441.0
clock_sf_quality_cs_k16_noT1000,meta_horizon,16,logit,clock_sf_quality_cs,56,decided,"{""exclude_horizons"": [1000]}",4,4,69937,42999.0,0.6148247708652073,0.744473722719995,0.7462909795583572,0.6542223568002385,0.6542763434599629,0.66,0.6826115565027955,,
clock_sf_quality_cs_k16_noT1000,meta_policy,16,logit,clock_sf_quality_cs,56,decided,"{""exclude_horizons"": [1000]}",8,5,69937,42999.0,0.6148247708652073,0.7556393444487176,0.7472033225590902,0.6635939343862862,0.6394356955643954,0.63,0.6898237136017737,,
clock_sf_quality_cs_k16_noT1000,meta_family,16,logit,clock_sf_quality_cs,56,decided,"{""exclude_horizons"": [1000]}",2,2,69937,42999.0,0.6148247708652073,0.7484697637110668,0.7537425680370535,0.6440937778725206,0.6566285707556907,0.67,0.6821518105360562,,
clock_sf_quality_cs_k16_noT1000,excluded_rows,16,logit,clock_sf_quality_cs,56,decided,"{""exclude_horizons"": [1000]}",0,0,12801,9255.0,0.7229903913756738,0.6875452149613188,,0.5968921084409489,,0.65,0.6402284949553952,,
reservoir_rule_k16,meta_env,16,logit,reservoir_rule,7,decided,{},30,5,82738,52254.0,0.6315598636660301,0.6733087250899507,0.6771953710522624,0.5832743972071016,0.5849676813309623,0.63,0.6223751928588681,,
reservoir_rule_k16,within_regime,16,logit,reservoir_rule,7,decided,{},30,5,82663,,,0.5880342350263315,,,,,,,522.0
reservoir_rule_k16,meta_horizon,16,logit,reservoir_rule,7,decided,{},5,5,82738,52254.0,0.6315598636660301,0.6490388311327407,0.6740032625226438,0.5737773295066386,0.5824741160279385,0.61,0.6028695718616122,,
reservoir_rule_k16,meta_policy,16,logit,reservoir_rule,7,decided,{},8,5,82738,52254.0,0.6315598636660301,0.6696468612228801,0.6546376027806179,0.5845373171573229,0.5739274517235597,0.63,0.6204555412757866,,
reservoir_rule_k16,meta_family,16,logit,reservoir_rule,7,decided,{},2,2,82738,52254.0,0.6315598636660301,0.6620182005580757,0.6735064153077446,0.5652172595794145,0.5782497258405526,0.67,0.6130604661753669,,
legacy_E_k16_weighted,meta_env,16,logit_w,all71,71,decided,{},30,5,82738,52254.0,0.6315598636660301,0.7372994330425012,0.740515342827849,0.6486946486755741,0.6472273661666843,0.6,0.6774792046502718,39447.4056289344,
legacy_E_k16_weighted,within_regime,16,logit_w,all71,71,decided,{},30,5,82663,,,0.6833142515015997,,,,,,,522.0
legacy_E_k16_weighted,meta_horizon,16,logit_w,all71,71,decided,{},5,5,82738,52254.0,0.6315598636660301,0.7153573051368642,0.7198766225266108,0.6318713578095493,0.6272056170880307,0.61,0.667686205777923,39447.4056289344,
legacy_E_k16_weighted,meta_policy,16,logit_w,all71,71,decided,{},8,5,82738,52254.0,0.6315598636660301,0.7412177221062157,0.7246565308565964,0.6495617210076081,0.6243425828924192,0.61,0.6810679715240526,39447.4056289344,
legacy_E_k16_weighted,meta_family,16,logit_w,all71,71,decided,{},2,2,82738,52254.0,0.6315598636660301,0.7258399097336602,0.7301182243861317,0.6108710342861253,0.6294987591270578,0.67,0.669223285437975,39447.4056289344,
phi_k16_onpolicy_union,meta_env,16,logit,clock_quality_evidence,62,decided,"{""onpolicy"": ""union""}",30,5,92174,57536.0,0.6242107318766681,0.7467141954140203,0.7443054349839032,0.6588958374318175,0.6536597531380742,0.62,0.6832116478950474,,
phi_k16_onpolicy_union,within_regime,16,logit,clock_quality_evidence,62,decided,"{""onpolicy"": ""union""}",30,5,92099,,,0.6868402836792081,,,,,,,543.0
phi_k16_onpolicy_union,meta_horizon,16,logit,clock_quality_evidence,62,decided,"{""onpolicy"": ""union""}",5,5,92174,57536.0,0.6242107318766681,0.7370160439917235,0.7288570782608473,0.6506433103691375,0.6348110303268526,0.65,0.6807090928253904,,
phi_k16_onpolicy_union,meta_policy,16,logit,clock_quality_evidence,62,decided,"{""onpolicy"": ""union""}",9,5,92174,57536.0,0.6242107318766681,0.7470973826036794,0.7378401028984805,0.6598711145768524,0.6413011217352826,0.63,0.6819938341216873,,
phi_k16_onpolicy_union,meta_family,16,logit,clock_quality_evidence,62,decided,"{""onpolicy"": ""union""}",2,2,92174,57536.0,0.6242107318766681,0.7360837472400864,0.7404180325730457,0.6290202350750791,0.6433679706676816,0.69,0.6744168755287887,,
phi_k16_onpolicy_union,onpolicy_rows_oof,16,logit,clock_quality_evidence,62,decided,"{""onpolicy"": ""union""}",30,5,9436,5282.0,0.5597710894446799,0.6969109986824923,0.6813253442342292,0.653933645522069,0.6396059411208912,0.51,0.6567109943801288,,
phi_k16_onpolicy_union,corpus_rows_oof,16,logit,clock_quality_evidence,62,decided,"{""onpolicy"": ""union""}",30,5,82738,52254.0,0.6315598636660301,0.7517164770096099,0.7508769709660214,0.6562367891232809,0.6518197220302251,0.65,0.688009240963614,,
phi_k16_onpolicy_only,meta_env,16,logit,clock_quality_evidence,62,decided,"{""onpolicy"": ""only""}",8,4,9436,5282.0,0.5597710894446799,0.7027460792433382,0.7030975457262288,0.6534241527032789,0.6529799124390383,0.57,0.660534856710329,,
phi_k16_onpolicy_only,within_regime,16,logit,clock_quality_evidence,62,decided,"{""onpolicy"": ""only""}",8,4,9436,,,0.5884994048084865,,,,,,,21.0
phi_k16_onpolicy_only,meta_horizon,16,logit,clock_quality_evidence,62,decided,"{""onpolicy"": ""only""}",5,4,9436,5282.0,0.5597710894446799,0.688894063777435,0.6915491538878829,0.6436035521480188,0.6322398983452424,0.55,0.6512235666703188,,
phi_k16_onpolicy_only,meta_policy,16,logit,clock_quality_evidence,62,decided,"{""onpolicy"": ""only""}",1,0,0,0.0,,,,,,,,,
phi_k16_onpolicy_only,meta_family,16,logit,clock_quality_evidence,62,decided,"{""onpolicy"": ""only""}",2,2,9436,5282.0,0.5597710894446799,0.7061365376948118,0.7057390455046539,0.6487295630895127,0.6475044621255253,0.56,0.6650713435789138,,
phi_k16_onpolicy_only,excluded_rows,16,logit,clock_quality_evidence,62,decided,"{""onpolicy"": ""only""}",0,0,82738,52254.0,0.6315598636660301,0.49493738173444246,,0.5333569654141668,,0.57,0.5372228061594525,,
