policy,replicate,budget,timestep,entropy,normalized_entropy
uniform,0,160,1,-0.0,-0.0
uniform,0,160,2,0.6931471805599453,0.27023815442731974
uniform,0,160,3,1.0986122886681096,0.4283173410313946
uniform,0,160,4,1.3862943611198906,0.5404763088546395
uniform,0,160,5,1.6094379124341005,0.6274735630753034
uniform,0,160,6,1.791759469228055,0.6985554954587144
uniform,0,160,7,1.9459101490553132,0.7586544129592989
uniform,0,160,8,2.0794415416798357,0.8107144632819592
uniform,0,160,9,2.1972245773362196,0.8566346820627895
uniform,0,160,10,2.3025850929940455,0.897711717502623
uniform,0,160,11,2.3978952727983707,0.9348704159880586
uniform,0,160,12,2.4849066497880004,0.9687936498860342
uniform,0,160,13,2.564949357461537,1.0000000000000002
uniform,0,160,14,2.5400363038209806,0.9902871167541444
uniform,0,160,15,2.5232109529528914,0.9837273962594129
uniform,0,160,16,2.5126585295298014,0.9796133097990339
uniform,0,160,17,2.5070264355574183,0.9774175183086488
uniform,0,160,18,2.5052899909184174,0.9767405284749315
uniform,0,160,19,2.5066618124970015,0.9772753622620367
uniform,0,160,20,2.510529247162029,0.978783163830819
uniform,0,160,21,2.516410300153941,0.9810760172841644
uniform,0,160,22,2.523922032900179,0.984004625883935
uniform,0,160,23,2.532757537181371,0.9874493349404664
uniform,0,160,24,2.5426689148346626,0.9913134960883109
uniform,0,160,25,2.5534545315306536,0.9955184979003799
uniform,0,160,26,2.564949357461537,1.0000000000000002
uniform,0,160,27,2.5576380067656985,0.9971495145997448
uniform,0,160,28,2.5521719493063664,0.9950184559714599
uniform,0,160,29,2.5483146503584777,0.9935146060273401
uniform,0,160,30,2.5458641578589445,0.9925592294650681
uniform,0,160,31,2.544647229679315,0.9920847841602946
uniform,0,160,32,2.544514598928939,0.9920330752444868
uniform,0,160,33,2.5453371302922485,0.9923537565713586
uniform,0,160,34,2.547002679509277,0.9930031063186288
uniform,0,160,35,2.549413511817456,0.9939430205127106
uniform,0,160,36,2.552484167806028,0.9951401809867134
uniform,0,160,37,2.556139689717538,0.9965653638663973
uniform,0,160,38,2.5603141399060743,0.9981928619596413
uniform,0,160,39,2.564949357461537,1.0000000000000002
uniform,0,160,40,2.5614989582006484,0.9986547885435434
uniform,0,160,41,2.5588266907285337,0.9976129482965456
uniform,0,160,42,2.5568624517718925,0.9968471480085488
uniform,0,160,43,2.5555433349503716,0.9963328622907105
uniform,0,160,44,2.5548127668629785,0.9960480348007377
uniform,0,160,45,2.5546197624612605,0.9959727879343009
uniform,0,160,46,2.5549182811112057,0.9960891717720858
uniform,0,160,47,2.5556666679683957,0.9963809462880281
uniform,0,160,48,2.5568271679009458,0.9968333918418455
uniform,0,160,49,2.558365501318614,0.9974331438070034
uniform,0,160,50,2.5602504930024694,0.9981680478620765
uniform,0,160,51,2.56245374645454,0.9990270330290394
uniform,0,160,52,2.564949357461537,1.0000000000000002
uniform,0,160,53,2.562946274006362,0.9992190553589889
uniform,0,160,54,2.5613668055713816,0.9986032660334079
uniform,0,160,55,2.5601814919359778,0.9981411463303597
uniform,0,160,56,2.559363204145898,0.9978221194506672
uniform,0,160,57,2.558886928068076,0.9976364331031234
uniform,0,160,58,2.558729571160558,0.9975750841696406
uniform,0,160,59,2.5588697896333317,0.997629751320228
uniform,0,160,60,2.5592878335594036,0.9977927346262555
uniform,0,160,61,2.5599654078216263,0.9980569013476185
uniform,0,160,62,2.5608855470589025,0.9984156371778599
uniform,0,160,63,2.562032503013205,0.9988628023240123
uniform,0,160,64,2.5633916428827095,0.9993926918774065
uniform,0,160,65,2.564949357461537,1.0000000000000002
uniform,0,160,66,2.5636421426110565,0.9994903545184323
uniform,0,160,67,2.5626000997698886,0.999084091978341
uniform,0,160,68,2.561808204178901,0.9987753546581737
uniform,0,160,69,2.5612523984956965,0.998558662004345
uniform,0,160,70,2.5609195195607066,0.9984288820794426
uniform,0,160,71,2.560797231584928,0.9983812055140465
uniform,0,160,72,2.560873965118815,0.9984111217124556
uniform,0,160,73,2.561138861233334,0.9985143970904853
uniform,0,160,74,2.5615817204069136,0.9986870551479597
uniform,0,160,75,2.5621929556670464,0.9989253581999692
uniform,0,160,76,2.562963549583796,0.9992257906098755
uniform,0,160,77,2.563885014755106,0.9995850433836697
uniform,0,160,78,2.564949357461537,1.0000000000000002
uniform,0,160,79,2.564029462241615,0.9996413593051083
uniform,0,160,80,2.563290796476056,0.9993533747632655
uniform,0,160,81,2.5627246943780575,0.9991326678333794
uniform,0,160,82,2.5623229605342077,0.9989760433594181
uniform,0,160,83,2.562077839846205,0.9988804778515497
uniform,0,160,84,2.5619819897016294,0.9988431086363264
uniform,0,160,85,2.5620284541853713,0.9988612238024628
uniform,0,160,86,2.5622106401611915,0.9989322528757232
uniform,0,160,87,2.5625222950688586,0.9990537581626641
uniform,0,160,88,2.5629574862966504,0.9992234267085657
uniform,0,160,89,2.5635105820018502,0.999439062819895
uniform,0,160,90,2.5641762332634355,0.9996985811061524
uniform,0,160,91,2.564949357461537,1.0000000000000002
uniform,0,160,92,2.5642670025481165,0.9997339694402015
uniform,0,160,93,2.5637162012808203,0.9995192278642347
uniform,0,160,94,2.563291511693536,0.9993536536059949
uniform,0,160,95,2.562987747134862,0.9992352245392416
uniform,0,160,96,2.562799962152305,0.9991620125742525
uniform,0,160,97,2.5627234392833573,0.9991321785080457
uniform,0,160,98,2.56275367668696,0.9991439672022415
uniform,0,160,99,2.562886376554333,0.9991957030647788
uniform,0,160,100,2.563117434243122,0.9992857858136319
uniform,0,160,101,2.563442928083354,0.9994126865024447
uniform,0,160,102,2.563859109807801,0.9995749437896058
uniform,0,160,103,2.564362395563117,0.999771160433748
uniform,0,160,104,2.564949357461537,1.0000000000000002
uniform,0,160,105,2.5644231197071403,0.9997948350313952
uniform,0,160,106,2.563996659584921,0.9996285704924955
uniform,0,160,107,2.5636663398594317,0.999499788329788
uniform,0,160,108,2.5634286735589225,0.9994071290732542
uniform,0,160,109,2.5632803166544704,0.9993492889821739
uniform,0,160,110,2.563218061153992,0.9993250173526786
uniform,0,160,111,2.563238828584281,0.999333113976586
uniform,0,160,112,2.563339663836155,0.9993724267417994
uniform,0,160,113,2.5635177293496105,0.9994418493652666
uniform,0,160,114,2.5637702996175147,0.9995403192501279
uniform,0,160,115,2.564094755987919,0.999666815459287
uniform,0,160,116,2.564488581746448,0.9998203567981767
uniform,0,160,117,2.564949357461537,1.0000000000000002
uniform,0,160,118,2.5645311898703076,0.9998369684804838
uniform,0,160,119,2.564191266084919,0.9997044419709838
uniform,0,160,120,2.56392703653137,0.9996014264659094
uniform,0,160,121,2.563736045729009,0.9995269646439614
uniform,0,160,122,2.56361592819301,0.999480134270625
uniform,0,160,123,2.5635644045445756,0.99946004668165
uniform,0,160,124,2.5635792778168187,0.9994658453428203
uniform,0,160,125,2.563658429945073,0.9994967044816272
uniform,0,160,126,2.563799818431097,0.9995518277867376
uniform,0,160,127,2.5640014731713276,0.999630447171422
uniform,0,160,128,2.564261493439953,0.9997318215973416
uniform,0,160,129,2.5645780450181723,0.9998552359553282
uniform,0,160,130,2.564949357461537,1.0000000000000002
uniform,0,160,131,2.5646090853380406,0.9998673376834882
uniform,0,160,132,2.564331799624938,0.9997592319572306
uniform,0,160,133,2.5641156447499434,0.9996749593869493
uniform,0,160,134,2.563958827021117,0.9996138206637342
uniform,0,160,135,2.56385961219077,0.9995751396542795
uniform,0,160,136,2.563816323131084,0.999558262494674
uniform,0,160,137,2.56382733761559,0.9995625567254641
uniform,0,160,138,2.563891086200981,0.9995874104658334
uniform,0,160,139,2.5640060502040694,0.9996322316248766
uniform,0,160,140,2.564170759769003,0.9996964471480622
uniform,0,160,141,2.5643837920201276,0.9997795022970867
uniform,0,160,142,2.5646437692961523,0.9998808599614275
uniform,0,160,143,2.564949357461537,1.0000000000000002
uniform,0,160,144,2.564667078695161,0.9998899476258452
uniform,0,160,145,2.5644365865342653,0.999800085360056
uniform,0,160,146,2.564256488830331,0.9997298704439563
uniform,0,160,147,2.5641254357796703,0.9996787766279012
uniform,0,160,148,2.5640421184023814,0.9996462935782665
uniform,0,160,149,2.5640052670849856,0.9996319263092642
uniform,0,160,150,2.5640136501836928,0.9996351946383962
uniform,0,160,151,2.5640660726853985,0.9996556326644155
uniform,0,160,152,2.564161374923695,0.9996927882667355
uniform,0,160,153,2.5642984313472965,0.9997462226252746
uniform,0,160,154,2.5644761493384327,0.9998155097597824
uniform,0,160,155,2.5646934680788975,0.9999002360877439
uniform,0,160,156,2.564949357461537,1.0000000000000002
uniform,0,160,157,2.5647114154344735,0.9999072332456113
uniform,0,160,158,2.5645167984319293,0.9998313576724822
uniform,0,160,159,2.5643644354557034,0.9997719557292108
uniform,0,160,160,2.5642532854519273,0.999728621538829
spruce_fast,0,160,1,-0.0,-0.0
spruce_fast,0,160,2,0.6931471805599453,0.27023815442731974
spruce_fast,0,160,3,1.0986122886681096,0.4283173410313946
spruce_fast,0,160,4,1.3862943611198906,0.5404763088546395
spruce_fast,0,160,5,1.6094379124341005,0.6274735630753034
spruce_fast,0,160,6,1.791759469228055,0.6985554954587144
spruce_fast,0,160,7,1.9459101490553132,0.7586544129592989
spruce_fast,0,160,8,2.0794415416798357,0.8107144632819592
spruce_fast,0,160,9,2.1972245773362196,0.8566346820627895
spruce_fast,0,160,10,2.3025850929940455,0.897711717502623
spruce_fast,0,160,11,2.3978952727983707,0.9348704159880586
spruce_fast,0,160,12,2.4849066497880004,0.9687936498860342
spruce_fast,0,160,13,2.564949357461537,1.0000000000000002
spruce_fast,0,160,14,2.5400363038209806,0.9902871167541444
spruce_fast,0,160,15,2.5232109529528914,0.9837273962594129
spruce_fast,0,160,16,2.5126585295298014,0.9796133097990339
spruce_fast,0,160,17,2.5070264355574183,0.9774175183086488
spruce_fast,0,160,18,2.5052899909184174,0.9767405284749315
spruce_fast,0,160,19,2.5066618124970015,0.9772753622620367
spruce_fast,0,160,20,2.510529247162029,0.978783163830819
spruce_fast,0,160,21,2.516410300153941,0.9810760172841644
spruce_fast,0,160,22,2.523922032900179,0.984004625883935
spruce_fast,0,160,23,2.532757537181371,0.9874493349404664
spruce_fast,0,160,24,2.5426689148346626,0.9913134960883109
spruce_fast,0,160,25,2.5534545315306536,0.9955184979003799
spruce_fast,0,160,26,2.564949357461537,1.0000000000000002
spruce_fast,0,160,27,2.5576380067656985,0.9971495145997448
spruce_fast,0,160,28,2.5400363038209806,0.9902871167541444
spruce_fast,0,160,29,2.536597475407071,0.988946416438208
spruce_fast,0,160,30,2.534537555405918,0.9881433128622404
spruce_fast,0,160,31,2.5336860014989666,0.9878113164801388
spruce_fast,0,160,32,2.5338959091292264,0.9878931534293358
spruce_fast,0,160,33,2.5350402189713153,0.9883392869324243
spruce_fast,0,160,34,2.537008618521312,0.9891067093161336
spruce_fast,0,160,35,2.5397049954291475,0.9901579491388582
spruce_fast,0,160,36,2.543045332428506,0.991460250484357
spruce_fast,0,160,37,2.546955957998868,0.9929848909451856
spruce_fast,0,160,38,2.5513720853378956,0.9947066120100405
spruce_fast,0,160,39,2.5562365863438243,0.9966031410747481
spruce_fast,0,160,40,2.546687217880486,0.9928801169005831
spruce_fast,0,160,41,2.533302391032702,0.9876617577899648
spruce_fast,0,160,42,2.5171488818415897,0.9813639690464477
spruce_fast,0,160,43,2.4989668082376046,0.9742753013692117
spruce_fast,0,160,44,2.4792914274820457,0.9666044361732489
spruce_fast,0,160,45,2.458521360501254,0.9585067842954951
spruce_fast,0,160,46,2.4369599206641044,0.950100598896775
spruce_fast,0,160,47,2.414841650973388,0.9414773215496518
spruce_fast,0,160,48,2.3923501456127347,0.9327085303471181
spruce_fast,0,160,49,2.3696304511355013,0.9238507747695505
spruce_fast,0,160,50,2.346797947354133,0.9149490380881038
spruce_fast,0,160,51,2.3239448593320904,0.906039276203113
spruce_fast,0,160,52,2.3011451275021355,0.8971503163631732
spruce_fast,0,160,53,2.308886869880453,0.9001685991046225
spruce_fast,0,160,54,2.316691307803651,0.903211325036226
spruce_fast,0,160,55,2.3199546395822055,0.9044836042603991
spruce_fast,0,160,56,2.319830489592963,0.9044352017494952
spruce_fast,0,160,57,2.3170863293787383,0.9033653325896064
spruce_fast,0,160,58,2.3122677901665436,0.9014867227066559
spruce_fast,0,160,59,2.305780636369786,0.8989575679777775
spruce_fast,0,160,60,2.2979365392465247,0.8958993800644596
spruce_fast,0,160,61,2.288980774839276,0.8924077850428284
spruce_fast,0,160,62,2.279110026237832,0.8885594639940212
spruce_fast,0,160,63,2.2684843756678172,0.8844168283746845
spruce_fast,0,160,64,2.2572356917470517,0.8800312899670576
spruce_fast,0,160,65,2.2454736781244486,0.8754456190693508
spruce_fast,0,160,66,2.2332903480199016,0.8706956889901837
spruce_fast,0,160,67,2.2207634059947012,0.8658117945036282
spruce_fast,0,160,68,2.2079588509007384,0.8608196666642562
spruce_fast,0,160,69,2.19493301107905,0.8557412662725309
spruce_fast,0,160,70,2.181734157482589,0.8505954127849893
spruce_fast,0,160,71,2.168403797593626,0.8453982887754316
spruce_fast,0,160,72,2.15497772425943,0.8401638488457935
spruce_fast,0,160,73,2.167022386340826,0.8448597162500983
spruce_fast,0,160,74,2.1789266394281226,0.8495008422250291
spruce_fast,0,160,75,2.1691906419016065,0.8457050567456028
spruce_fast,0,160,76,2.1591549279885127,0.8417924204653194
spruce_fast,0,160,77,2.167935662732578,0.8452157764542093
spruce_fast,0,160,78,2.176657755279129,0.84861626953653
spruce_fast,0,160,79,2.185321324774528,0.8519939461640221
spruce_fast,0,160,80,2.191409597912571,0.854367588793781
spruce_fast,0,160,81,2.195434621722763,0.8559368298388267
spruce_fast,0,160,82,2.19776390020358,0.8568449485406796
spruce_fast,0,160,83,2.1986740135609053,0.8571997755686199
spruce_fast,0,160,84,2.1983804053257305,0.8570853061603564
spruce_fast,0,160,85,2.197055325592451,0.8565686956746854
spruce_fast,0,160,86,2.194839320404758,0.8557047389726762
spruce_fast,0,160,87,2.1918489488553137,0.8545388790929304
spruce_fast,0,160,88,2.188182169703773,0.8531093073390579
spruce_fast,0,160,89,2.1839222220684356,0.8514484762497636
spruce_fast,0,160,90,2.179140496092787,0.8495842187891871
spruce_fast,0,160,91,2.1738987045993534,0.8475405950122945
spruce_fast,0,160,92,2.1682505578352633,0.8453385450000167
spruce_fast,0,160,93,2.162243076704881,0.842996400850891
spruce_fast,0,160,94,2.155917637625149,0.8405302940401149
spruce_fast,0,160,95,2.149310814571821,0.8379544837091589
spruce_fast,0,160,96,2.142455065432217,0.8352816242549711
spruce_fast,0,160,97,2.1353792971435173,0.8325229856611462
spruce_fast,0,160,98,2.1281093352635594,0.8296886365700777
spruce_fast,0,160,99,2.1206683173341703,0.8267875976440097
spruce_fast,0,160,100,2.113077024847141,0.8238279709890248
spruce_fast,0,160,101,2.1053541652803345,0.8208170501128133
spruce_fast,0,160,102,2.0975166131818965,0.8177614139164735
spruce_fast,0,160,103,2.0895796174029924,0.814667007488598
spruce_fast,0,160,104,2.0815569801471305,0.8115392119114558
spruce_fast,0,160,105,2.073461212399656,0.8083829048584829
spruce_fast,0,160,106,2.0653036694410507,0.8052025134270205
spruce_fast,0,160,107,2.057094669471903,0.8020020603867812
spruce_fast,0,160,108,2.048843597841942,0.7987852048157508
spruce_fast,0,160,109,2.0405589989478043,0.795555277928486
spruce_fast,0,160,110,2.049213497330018,0.7989294179897848
spruce_fast,0,160,111,2.0577939600144814,0.8022746936614087
spruce_fast,0,160,112,2.0496397425776647,0.7990955987552673
spruce_fast,0,160,113,2.045744850492521,0.7975770923279129
spruce_fast,0,160,114,2.0416144100539704,0.7959667523706989
spruce_fast,0,160,115,2.048815653590739,0.7987743101557367
spruce_fast,0,160,116,2.0559677012196613,0.8015626878709211
spruce_fast,0,160,117,2.053673817756944,0.80066836866885
spruce_fast,0,160,118,2.0510673412886553,0.7996521784424403
spruce_fast,0,160,119,2.048175575493225,0.7985247621108008
spruce_fast,0,160,120,2.0541837137267986,0.800867162445566
spruce_fast,0,160,121,2.0601614152109464,0.8031976963669311
spruce_fast,0,160,122,2.0570984400679397,0.8020035304337534
spruce_fast,0,160,123,2.053798316907792,0.800716907307824
spruce_fast,0,160,124,2.0502808686332363,0.799345555368916
spruce_fast,0,160,125,2.046564130971447,0.7978965062284419
spruce_fast,0,160,126,2.0516931001741443,0.799896143838353
spruce_fast,0,160,127,2.056803791052833,0.8018886552553216
spruce_fast,0,160,128,2.050507142826276,0.7994337731703247
spruce_fast,0,160,129,2.044159142332881,0.796958870313109
spruce_fast,0,160,130,2.0377659817542932,0.7944663608372435
spruce_fast,0,160,131,2.031333392692229,0.7919584793294268
spruce_fast,0,160,132,2.024866684200098,0.7894372956369228
spruce_fast,0,160,133,2.0183707770938377,0.7869047282443683
spruce_fast,0,160,134,2.011850234973788,0.7843625563683111
spruce_fast,0,160,135,2.005309292330912,0.7818124309150158
spruce_fast,0,160,136,1.9987518800612303,0.779255884427809
spruce_fast,0,160,137,1.9921816486703896,0.776694340133873
spruce_fast,0,160,138,1.9856019894145662,0.774129120186476
spruce_fast,0,160,139,1.9790160535933528,0.7715614531867144
spruce_fast,0,160,140,1.9724267701840752,0.7689924810586258
spruce_fast,0,160,141,1.9658368619844189,0.7664232653427342
spruce_fast,0,160,142,1.9592488604107536,0.7638547929654919
spruce_fast,0,160,143,1.9526651190826654,0.7612879815354978
spruce_fast,0,160,144,1.9460878263095156,0.7587236842116477
spruce_fast,0,160,145,1.9395190165820766,0.7561626941833923
spruce_fast,0,160,146,1.9329605811610948,0.7536057487989141
spruce_fast,0,160,147,1.9264142778448605,0.7510535333732212
spruce_fast,0,160,148,1.9198817399892454,0.7485066847048014
spruce_fast,0,160,149,1.9133644848461056,0.7459657943265251
spruce_fast,0,160,150,1.9126666605152023,0.7456937326856693
spruce_fast,0,160,151,1.9182988780660999,0.7478895723557638
spruce_fast,0,160,152,1.923900556997678,0.750073505896316
spruce_fast,0,160,153,1.9175884502569316,0.7476125969811422
spruce_fast,0,160,154,1.9225567182930206,0.7495495818271144
spruce_fast,0,160,155,1.9269154527176489,0.7512489270449638
spruce_fast,0,160,156,1.93072485468036,0.7527341033318287
spruce_fast,0,160,157,1.9245870515669052,0.7503411503888789
spruce_fast,0,160,158,1.9184617651476872,0.7479530773450976
spruce_fast,0,160,159,1.9218883701916791,0.7492890121205831
spruce_fast,0,160,160,1.924864642143456,0.7504493749726288
